image_id,split,image_path,label_path,sha256
train/G0216860_JPG.rf.8d8b00fcc87e497d0c220abd6ebb0026,train,data/extracted/data/images/train/G0216860_JPG.rf.8d8b00fcc87e497d0c220abd6ebb0026.jpg,data/extracted/data/labels/train/G0216860_JPG.rf.8d8b00fcc87e497d0c220abd6ebb0026.txt,0732263f808ff745b24485df17e3adc6ea632203fe26718db69c3d51415e56b3
train/G0217783_JPG.rf.9e12c20e7d137399b032d8da66ad7426,train,data/extracted/data/images/train/G0217783_JPG.rf.9e12c20e7d137399b032d8da66ad7426.jpg,data/extracted/data/labels/train/G0217783_JPG.rf.9e12c20e7d137399b032d8da66ad7426.txt,5848facfeb9e3b6afbcd777873c50e1a535124b4483ac783c1b3ce25f200ce3a
train/G0217910_JPG.rf.4a810acfebc8d5be5e8e129eb728c749,train,data/extracted/data/images/train/G0217910_JPG.rf.4a810acfebc8d5be5e8e129eb728c749.jpg,data/extracted/data/labels/train/G0217910_JPG.rf.4a810acfebc8d5be5e8e129eb728c749.txt,59f089044887e1cd0b516c93ec6e592c98c514e72c7c99eb63c6be0ece4b8c7b
train/G0226861_JPG.rf.93a12b09076f81b4efb3d27f2c47e501,train,data/extracted/data/images/train/G0226861_JPG.rf.93a12b09076f81b4efb3d27f2c47e501.jpg,data/extracted/data/labels/train/G0226861_JPG.rf.93a12b09076f81b4efb3d27f2c47e501.txt,be502a96e43b06299b512dcc6e81123c7139a540d21bfdfb539f8c5294c56b5c
train/G0226881_JPG.rf.b66b7c18c2db50c8037425cb690305e3,train,data/extracted/data/images/train/G0226881_JPG.rf.b66b7c18c2db50c8037425cb690305e3.jpg,data/extracted/data/labels/train/G0226881_JPG.rf.b66b7c18c2db50c8037425cb690305e3.txt,e5c8c0f2734f54f986ce0761b1f09c152048f2a1817c1c681b42327e7081bd13
train/G0226882_JPG.rf.fbf6f36e2818fc429ba87592e593c50f,train,data/extracted/data/images/train/G0226882_JPG.rf.fbf6f36e2818fc429ba87592e593c50f.jpg,data/extracted/data/labels/train/G0226882_JPG.rf.fbf6f36e2818fc429ba87592e593c50f.txt,17d87a7b884115f11f27f4040ce53485f7d95234879ee7204ddb83bae5725112
train/G0257240_JPG.rf.24dc9730b3c02287669dc53fa50535a7,train,data/extracted/data/images/train/G0257240_JPG.rf.24dc9730b3c02287669dc53fa50535a7.jpg,data/extracted/data/labels/train/G0257240_JPG.rf.24dc9730b3c02287669dc53fa50535a7.txt,4ce5672d960af3848ad08440b6d510e5ae19337c8de71a0a18e7a9f7cfe17453
train/G0267268_JPG.rf.5af525d4a7c61c363367b927121d5de6,train,data/extracted/data/images/train/G0267268_JPG.rf.5af525d4a7c61c363367b927121d5de6.jpg,data/extracted/data/labels/train/G0267268_JPG.rf.5af525d4a7c61c363367b927121d5de6.txt,1d217e700ebfbfdcfb3017c19fa420d449873699a9450970a818d2bfc0d728fa
train/G0307388_JPG.rf.ac47238bae84927a867c8e3b1c332589,train,data/extracted/data/images/train/G0307388_JPG.rf.ac47238bae84927a867c8e3b1c332589.jpg,data/extracted/data/labels/train/G0307388_JPG.rf.ac47238bae84927a867c8e3b1c332589.txt,40f894ababd92fb14f0b0ef0c90a3ba5441b51682eaed9b56bd8382424120349
train/GOPR6951_JPG.rf.1d0e8c3588b97459a90993362e552523,train,data/extracted/data/images/train/GOPR6951_JPG.rf.1d0e8c3588b97459a90993362e552523.jpg,data/extracted/data/labels/train/GOPR6951_JPG.rf.1d0e8c3588b97459a90993362e552523.txt,41d6a80c69502486d7239fcd8456fdaa15a98a88989d9bd3f2ed54cf519777a6
train/GOPR6952_JPG.rf.44ae913ae976f6fae8f9273c4d7675d0,train,data/extracted/data/images/train/GOPR6952_JPG.rf.44ae913ae976f6fae8f9273c4d7675d0.jpg,data/extracted/data/labels/train/GOPR6952_JPG.rf.44ae913ae976f6fae8f9273c4d7675d0.txt,1b913b395a8038887ebaebe317e18b50cf4e4ad41971e236e8d15db539e9a6d9
train/GOPR6953_JPG.rf.30e6c7ce339226caae823979ce6edb23,train,data/extracted/data/images/train/GOPR6953_JPG.rf.30e6c7ce339226caae823979ce6edb23.jpg,data/extracted/data/labels/train/GOPR6953_JPG.rf.30e6c7ce339226caae823979ce6edb23.txt,35cd6ad37ed3a455639447f3fb7df3ec8d157281ce8be0fe9da3132b27c9620f
train/GOPR6956_JPG.rf.984fc9d73497367f16cca84d6ec6841f,train,data/extracted/data/images/train/GOPR6956_JPG.rf.984fc9d73497367f16cca84d6ec6841f.jpg,data/extracted/data/labels/train/GOPR6956_JPG.rf.984fc9d73497367f16cca84d6ec6841f.txt,1b602477b3dfde01a9ca0b8a04c5d4ad3c86cb2c66f4a3337bfbaa7d2acf7ea2
train/GOPR6957_JPG.rf.28190dae94a271f9ae38f5d5a83114e2,train,data/extracted/data/images/train/GOPR6957_JPG.rf.28190dae94a271f9ae38f5d5a83114e2.jpg,data/extracted/data/labels/train/GOPR6957_JPG.rf.28190dae94a271f9ae38f5d5a83114e2.txt,4636e6e32a43edbb96f5b9daaa732e35e4c63475e2771f80aaa1c44e6828fef5
train/GOPR6958_JPG.rf.d3e627012967a908d4c34f6882dc35c1,train,data/extracted/data/images/train/GOPR6958_JPG.rf.d3e627012967a908d4c34f6882dc35c1.jpg,data/extracted/data/labels/train/GOPR6958_JPG.rf.d3e627012967a908d4c34f6882dc35c1.txt,2cc3478bc0db24de916f89f8f321780d4d438a83e2d0efc8944377dd21b3a55d
train/GOPR6959_JPG.rf.7becd467cca6a08a56049157123965b4,train,data/extracted/data/images/train/GOPR6959_JPG.rf.7becd467cca6a08a56049157123965b4.jpg,data/extracted/data/labels/train/GOPR6959_JPG.rf.7becd467cca6a08a56049157123965b4.txt,a53da69860253fe91f4b8c4d631dc900049ce9bd1a93512ab636635c17e047fe
train/GOPR6961_JPG.rf.c6df1e0602a8c2fd64e014c3facd4a2c,train,data/extracted/data/images/train/GOPR6961_JPG.rf.c6df1e0602a8c2fd64e014c3facd4a2c.jpg,data/extracted/data/labels/train/GOPR6961_JPG.rf.c6df1e0602a8c2fd64e014c3facd4a2c.txt,4f27c5d372f1a49608df0297abd84b03f9f79999becdf2f9c23edf64a939cfd9
train/GOPR6962_JPG.rf.6b5bc3fa1515878b6a83fc1719e7177e,train,data/extracted/data/images/train/GOPR6962_JPG.rf.6b5bc3fa1515878b6a83fc1719e7177e.jpg,data/extracted/data/labels/train/GOPR6962_JPG.rf.6b5bc3fa1515878b6a83fc1719e7177e.txt,07e0555d47b6a6d3aba53bf8d5af87fafdac952409b339da53e78f47eeb91eb8
train/GOPR6963_JPG.rf.3a59fb26b1335c88445bcf6dcec2ae56,train,data/extracted/data/images/train/GOPR6963_JPG.rf.3a59fb26b1335c88445bcf6dcec2ae56.jpg,data/extracted/data/labels/train/GOPR6963_JPG.rf.3a59fb26b1335c88445bcf6dcec2ae56.txt,0b050c21e9e603080d8c1a5a01650588094a5cb8e9839f64b026da70902ac870
train/GOPR6964_JPG.rf.fad5d0ac52ebca6253dfb0269d2e9ff7,train,data/extracted/data/images/train/GOPR6964_JPG.rf.fad5d0ac52ebca6253dfb0269d2e9ff7.jpg,data/extracted/data/labels/train/GOPR6964_JPG.rf.fad5d0ac52ebca6253dfb0269d2e9ff7.txt,d491426b5c1a35e6df0df6664889f2b1d8e46f11349902d2a2cca82d1144ee46
train/GOPR6965_JPG.rf.c4266913f8d15608f8bcf34b552c2936,train,data/extracted/data/images/train/GOPR6965_JPG.rf.c4266913f8d15608f8bcf34b552c2936.jpg,data/extracted/data/labels/train/GOPR6965_JPG.rf.c4266913f8d15608f8bcf34b552c2936.txt,5bab0b640bce876dd34ce42302b251317fe7f1d74c0a37fe7117c7d9f63e8020
train/GOPR6966_JPG.rf.a5c73b681a01389033694016e8e0f3a4,train,data/extracted/data/images/train/GOPR6966_JPG.rf.a5c73b681a01389033694016e8e0f3a4.jpg,data/extracted/data/labels/train/GOPR6966_JPG.rf.a5c73b681a01389033694016e8e0f3a4.txt,2f24c6a66ed97fcbf873d0f31afc0e0f556f02d494acd09bf868e2eb4cb55281
train/GOPR6967_JPG.rf.3603097bfef88cfc75b78de744fbb4ac,train,data/extracted/data/images/train/GOPR6967_JPG.rf.3603097bfef88cfc75b78de744fbb4ac.jpg,data/extracted/data/labels/train/GOPR6967_JPG.rf.3603097bfef88cfc75b78de744fbb4ac.txt,dd4771c391b024a0bc47c09fc408e093aaa301b29818d8041932064d0b5d96e9
train/GOPR6969_JPG.rf.c63ddb2af9fa3333cb30536915e6fc08,train,data/extracted/data/images/train/GOPR6969_JPG.rf.c63ddb2af9fa3333cb30536915e6fc08.jpg,data/extracted/data/labels/train/GOPR6969_JPG.rf.c63ddb2af9fa3333cb30536915e6fc08.txt,e6cb8645d4cf194a76b906570999eb6a707a5cfb7363ff1d1d0da5c2e62132d2
train/GOPR6970_JPG.rf.21e8d67c55124b56e94bf8d6f4d823e1,train,data/extracted/data/images/train/GOPR6970_JPG.rf.21e8d67c55124b56e94bf8d6f4d823e1.jpg,data/extracted/data/labels/train/GOPR6970_JPG.rf.21e8d67c55124b56e94bf8d6f4d823e1.txt,4342442a6a0b3629b1bb86ac77fd0e27f30649369e21c11be5f559a941b87726
train/GOPR6971_JPG.rf.4224c988473f6ee9fc43cc60f6442769,train,data/extracted/data/images/train/GOPR6971_JPG.rf.4224c988473f6ee9fc43cc60f6442769.jpg,data/extracted/data/labels/train/GOPR6971_JPG.rf.4224c988473f6ee9fc43cc60f6442769.txt,b90aa958f86900c6b4c247a3e2f932b3aa69e5176b5699e71dafef9816e4a4a5
train/GOPR6972_JPG.rf.d44ee918696b388d2a82c183ac2d51b7,train,data/extracted/data/images/train/GOPR6972_JPG.rf.d44ee918696b388d2a82c183ac2d51b7.jpg,data/extracted/data/labels/train/GOPR6972_JPG.rf.d44ee918696b388d2a82c183ac2d51b7.txt,3f7f0d29e28a096dec899614294d1a0dae72d1266c0462ef810edd44030c8c4f
train/GOPR6973_JPG.rf.c4911f22ccb3474671035d4949f137a7,train,data/extracted/data/images/train/GOPR6973_JPG.rf.c4911f22ccb3474671035d4949f137a7.jpg,data/extracted/data/labels/train/GOPR6973_JPG.rf.c4911f22ccb3474671035d4949f137a7.txt,f7c0569f55e1fcbd8d90dc98d16c84c1ce770e32639091628b554614d3480625
train/GOPR6974_JPG.rf.6b2917175702bda70da1606ff001eff0,train,data/extracted/data/images/train/GOPR6974_JPG.rf.6b2917175702bda70da1606ff001eff0.jpg,data/extracted/data/labels/train/GOPR6974_JPG.rf.6b2917175702bda70da1606ff001eff0.txt,bf15366cbd3701351d1eb88193851c65ed5dd8c01ab61f45cd5f21d0184b8ed5
train/GOPR6975_JPG.rf.d6b3bdebf1532cd14e8213905ad0a116,train,data/extracted/data/images/train/GOPR6975_JPG.rf.d6b3bdebf1532cd14e8213905ad0a116.jpg,data/extracted/data/labels/train/GOPR6975_JPG.rf.d6b3bdebf1532cd14e8213905ad0a116.txt,36559cc881c66996ec2856e99d6994f0c1b6e77a1ebd027d8dd49759d005d810
train/GOPR6977_JPG.rf.e4c83d726ebb41d972b791d965dd23fd,train,data/extracted/data/images/train/GOPR6977_JPG.rf.e4c83d726ebb41d972b791d965dd23fd.jpg,data/extracted/data/labels/train/GOPR6977_JPG.rf.e4c83d726ebb41d972b791d965dd23fd.txt,462179fa0750bf8553adffec2e4f9ece013f26db4289e71e06ebaae428f4f3e4
train/GOPR6978_JPG.rf.726c51933ea10398a3cf9936008bfc1a,train,data/extracted/data/images/train/GOPR6978_JPG.rf.726c51933ea10398a3cf9936008bfc1a.jpg,data/extracted/data/labels/train/GOPR6978_JPG.rf.726c51933ea10398a3cf9936008bfc1a.txt,afe76ba2cea65d85ab3d01bf6d5b5564af0c62b10bc8a3ccda892a31c1084b88
train/GOPR6979_JPG.rf.b8d9076885e72d654ef628136f626345,train,data/extracted/data/images/train/GOPR6979_JPG.rf.b8d9076885e72d654ef628136f626345.jpg,data/extracted/data/labels/train/GOPR6979_JPG.rf.b8d9076885e72d654ef628136f626345.txt,002fba23ab988aa12ca5fe8c45c197c0e38b9fa7a40f2b95282f2eac6f511a94
train/GOPR6980_JPG.rf.3e48f5a0fdd96e7206adc07b3698c19a,train,data/extracted/data/images/train/GOPR6980_JPG.rf.3e48f5a0fdd96e7206adc07b3698c19a.jpg,data/extracted/data/labels/train/GOPR6980_JPG.rf.3e48f5a0fdd96e7206adc07b3698c19a.txt,7071a2b2bfc3908788774715a69ada7d84f375bf869ab676fd3665b4fc943b20
train/GOPR6981_JPG.rf.0349d8eef69da6631163f5956562bef0,train,data/extracted/data/images/train/GOPR6981_JPG.rf.0349d8eef69da6631163f5956562bef0.jpg,data/extracted/data/labels/train/GOPR6981_JPG.rf.0349d8eef69da6631163f5956562bef0.txt,cd99967cf74fc468ff0d533d4a5e9ca4f160fb5b4471ffb186e722fca7612205
train/GOPR6982_JPG.rf.eeb30c2966d650ca32909617b839f3ff,train,data/extracted/data/images/train/GOPR6982_JPG.rf.eeb30c2966d650ca32909617b839f3ff.jpg,data/extracted/data/labels/train/GOPR6982_JPG.rf.eeb30c2966d650ca32909617b839f3ff.txt,a14b4ed0db1897a56daa82aef7a56f4082eeb9ddb7e6b057e6287eace1318c2c
train/GOPR6983_JPG.rf.0dfa775780f34edbfe9820c80df67ee7,train,data/extracted/data/images/train/GOPR6983_JPG.rf.0dfa775780f34edbfe9820c80df67ee7.jpg,data/extracted/data/labels/train/GOPR6983_JPG.rf.0dfa775780f34edbfe9820c80df67ee7.txt,3468666e4f064674bb70478a460939a01aa4551f5fe1da3719e928d411a24de1
train/GOPR6984_JPG.rf.4a69e2642278c59069b0c15b0d9be31d,train,data/extracted/data/images/train/GOPR6984_JPG.rf.4a69e2642278c59069b0c15b0d9be31d.jpg,data/extracted/data/labels/train/GOPR6984_JPG.rf.4a69e2642278c59069b0c15b0d9be31d.txt,d7f2401ab125f49b6edccbdb2e0fab95413416a4370cccb6ead981fba5065705
train/GOPR6985_JPG.rf.b8cc100fadb4c6c7ab3eeb637e6e651b,train,data/extracted/data/images/train/GOPR6985_JPG.rf.b8cc100fadb4c6c7ab3eeb637e6e651b.jpg,data/extracted/data/labels/train/GOPR6985_JPG.rf.b8cc100fadb4c6c7ab3eeb637e6e651b.txt,2ac7e7e1fd893014700db8a403466355bb2bb39ea5eee94aef94ffcbd2d1480c
train/GOPR6986_JPG.rf.5d99b5e86c70054add315ebd6c878e09,train,data/extracted/data/images/train/GOPR6986_JPG.rf.5d99b5e86c70054add315ebd6c878e09.jpg,data/extracted/data/labels/train/GOPR6986_JPG.rf.5d99b5e86c70054add315ebd6c878e09.txt,adc36fbf7d555b05e888333cad927ac9b32978421f775a86f984ddd4e53da7c8
train/GOPR6987_JPG.rf.5be947fe8e9f59b7ea74738dfa342975,train,data/extracted/data/images/train/GOPR6987_JPG.rf.5be947fe8e9f59b7ea74738dfa342975.jpg,data/extracted/data/labels/train/GOPR6987_JPG.rf.5be947fe8e9f59b7ea74738dfa342975.txt,a1d7f9346565735464e9a16193a73ff5f0cfb3d9a5cbc013318ab85012ed0ed9
train/GOPR6988_JPG.rf.2d40ce23fd33c62fd5f3fac97d999e9f,train,data/extracted/data/images/train/GOPR6988_JPG.rf.2d40ce23fd33c62fd5f3fac97d999e9f.jpg,data/extracted/data/labels/train/GOPR6988_JPG.rf.2d40ce23fd33c62fd5f3fac97d999e9f.txt,6107b3a6c53e81f02d904ea8aca92628b9bb283341e9006e48ceea4c72d75bcb
train/GOPR6989_JPG.rf.955e4c864664d94c50040e4fe2cad60e,train,data/extracted/data/images/train/GOPR6989_JPG.rf.955e4c864664d94c50040e4fe2cad60e.jpg,data/extracted/data/labels/train/GOPR6989_JPG.rf.955e4c864664d94c50040e4fe2cad60e.txt,506cf690419b9d20fa8ec19115bad8fce62d2b6071c380d8077bf4be400f9db8
train/GOPR6992_JPG.rf.30329cccafb3dd84ebcc8235ec51e828,train,data/extracted/data/images/train/GOPR6992_JPG.rf.30329cccafb3dd84ebcc8235ec51e828.jpg,data/extracted/data/labels/train/GOPR6992_JPG.rf.30329cccafb3dd84ebcc8235ec51e828.txt,3cea0e77a7ad5d42c646831ef6b4d69dff029fec85b3abd582f63258af87afdd
train/GOPR6993_JPG.rf.fedf7429d1a8134450db180228d8c040,train,data/extracted/data/images/train/GOPR6993_JPG.rf.fedf7429d1a8134450db180228d8c040.jpg,data/extracted/data/labels/train/GOPR6993_JPG.rf.fedf7429d1a8134450db180228d8c040.txt,9f115b8c070ac8b73ddc9997b448d0948f965e1c3e90442c7cf49ec031078d5e
train/GOPR6994_JPG.rf.0f4ca9b7b0414fbe0168af011641bae8,train,data/extracted/data/images/train/GOPR6994_JPG.rf.0f4ca9b7b0414fbe0168af011641bae8.jpg,data/extracted/data/labels/train/GOPR6994_JPG.rf.0f4ca9b7b0414fbe0168af011641bae8.txt,d53ef1603f8b2ff86b40d9b9372ac0a90841c62b7a9faeb0a1199919f2280f71
train/GOPR6995_JPG.rf.75e400f3581b13cb13a2c3622db7145a,train,data/extracted/data/images/train/GOPR6995_JPG.rf.75e400f3581b13cb13a2c3622db7145a.jpg,data/extracted/data/labels/train/GOPR6995_JPG.rf.75e400f3581b13cb13a2c3622db7145a.txt,5dcb09fde2ec4e5cae18b41e23eebde013f55c80346f1a648896c24115aa256c
train/GOPR6996_JPG.rf.2a90b8830f0388aa855cd7639230e40b,train,data/extracted/data/images/train/GOPR6996_JPG.rf.2a90b8830f0388aa855cd7639230e40b.jpg,data/extracted/data/labels/train/GOPR6996_JPG.rf.2a90b8830f0388aa855cd7639230e40b.txt,f392dd3563313ad3fc2090fd838f846c068a2dcc67ad8798404143f7bed7c52d
train/GOPR7000_JPG.rf.92614340fac3d443ee62f3ec16e31fbd,train,data/extracted/data/images/train/GOPR7000_JPG.rf.92614340fac3d443ee62f3ec16e31fbd.jpg,data/extracted/data/labels/train/GOPR7000_JPG.rf.92614340fac3d443ee62f3ec16e31fbd.txt,0b3f5cd97365a436dd34fb32d282688d18780c2430a67ef3be5ed00cdb0b95ff
train/GOPR7001_JPG.rf.0e87616090e86d7fdd9db33d2bf0d9cc,train,data/extracted/data/images/train/GOPR7001_JPG.rf.0e87616090e86d7fdd9db33d2bf0d9cc.jpg,data/extracted/data/labels/train/GOPR7001_JPG.rf.0e87616090e86d7fdd9db33d2bf0d9cc.txt,29f69320046895618b991ace1f359a54666292de98258c07f681e6b04d6c1577
train/GOPR7002_JPG.rf.78d61f86e504390a4b646c6c29d1f7b5,train,data/extracted/data/images/train/GOPR7002_JPG.rf.78d61f86e504390a4b646c6c29d1f7b5.jpg,data/extracted/data/labels/train/GOPR7002_JPG.rf.78d61f86e504390a4b646c6c29d1f7b5.txt,ba09a153780f7c0862294bd962405ee46af0f8eaadfdf38a03308330d1ec826b
train/GOPR7005_JPG.rf.9407d35c5f412119412d7fbf9d1b7d70,train,data/extracted/data/images/train/GOPR7005_JPG.rf.9407d35c5f412119412d7fbf9d1b7d70.jpg,data/extracted/data/labels/train/GOPR7005_JPG.rf.9407d35c5f412119412d7fbf9d1b7d70.txt,356545fd2700992eadb5354373a87021603312d053e2d5dd5082b1bcbac3042f
train/GOPR7006_JPG.rf.0a49e35bfe73ba391b98e4be2482bc2e,train,data/extracted/data/images/train/GOPR7006_JPG.rf.0a49e35bfe73ba391b98e4be2482bc2e.jpg,data/extracted/data/labels/train/GOPR7006_JPG.rf.0a49e35bfe73ba391b98e4be2482bc2e.txt,c28e316f36b87d72ee8c46374daccc596e22cd15869c7163f7c83563f0b94e6c
train/GOPR7007_JPG.rf.87f2fdde7d95db271fac501656c35c26,train,data/extracted/data/images/train/GOPR7007_JPG.rf.87f2fdde7d95db271fac501656c35c26.jpg,data/extracted/data/labels/train/GOPR7007_JPG.rf.87f2fdde7d95db271fac501656c35c26.txt,1825408b4437104a429ca6872c4eb83c7214ec87a8a43c98251bd3e09f5991d8
train/GOPR7009_JPG.rf.6671d36d2e4fc38457bb851d64d8b183,train,data/extracted/data/images/train/GOPR7009_JPG.rf.6671d36d2e4fc38457bb851d64d8b183.jpg,data/extracted/data/labels/train/GOPR7009_JPG.rf.6671d36d2e4fc38457bb851d64d8b183.txt,176ecdd0102e73769181dc0aee9c0f173a88f4211577709f1cff146d21eb57ad
train/GOPR7010_JPG.rf.51fec8f9edcdf7555e225588a9b40a55,train,data/extracted/data/images/train/GOPR7010_JPG.rf.51fec8f9edcdf7555e225588a9b40a55.jpg,data/extracted/data/labels/train/GOPR7010_JPG.rf.51fec8f9edcdf7555e225588a9b40a55.txt,a91415bc9f934014fe67d5b39fa9e1ec70f151f18f444023c3f11ee7680377dc
train/GOPR7011_JPG.rf.a699d1747e8e481c227bb524f56d90a1,train,data/extracted/data/images/train/GOPR7011_JPG.rf.a699d1747e8e481c227bb524f56d90a1.jpg,data/extracted/data/labels/train/GOPR7011_JPG.rf.a699d1747e8e481c227bb524f56d90a1.txt,151925123e76be3748f6b1f56aa6ef3b95e6dcb9af85f6a3fda2ec43019a0bb6
train/GOPR7012_JPG.rf.863e4e9f1657fc9643488bdbb17b7446,train,data/extracted/data/images/train/GOPR7012_JPG.rf.863e4e9f1657fc9643488bdbb17b7446.jpg,data/extracted/data/labels/train/GOPR7012_JPG.rf.863e4e9f1657fc9643488bdbb17b7446.txt,8605012110ca38a6d39ad1818e68d31cb6e5412d747cb119d1e4c1b6f1f8c3d0
train/GOPR7016_JPG.rf.4ccab17c6b84914ec7edc752bdc3a888,train,data/extracted/data/images/train/GOPR7016_JPG.rf.4ccab17c6b84914ec7edc752bdc3a888.jpg,data/extracted/data/labels/train/GOPR7016_JPG.rf.4ccab17c6b84914ec7edc752bdc3a888.txt,709d761f62010b9638566775a7c2bcba117e49aa28599db30774f335f4594022
train/GOPR7017_JPG.rf.2485fe083c30f60bbdda856bbf2a4125,train,data/extracted/data/images/train/GOPR7017_JPG.rf.2485fe083c30f60bbdda856bbf2a4125.jpg,data/extracted/data/labels/train/GOPR7017_JPG.rf.2485fe083c30f60bbdda856bbf2a4125.txt,5cf1a4ab98319e1fb5bd116eb9ce776b887f4ffb6f324c9e529a3114ccc94727
train/GOPR7018_JPG.rf.df048b6d7d298fd98c7c213176d27ffa,train,data/extracted/data/images/train/GOPR7018_JPG.rf.df048b6d7d298fd98c7c213176d27ffa.jpg,data/extracted/data/labels/train/GOPR7018_JPG.rf.df048b6d7d298fd98c7c213176d27ffa.txt,a01978183e092c6603ed72b462527e47bbf4b0dd4b77a98c3f5d45f47844d073
train/GOPR7019_JPG.rf.1b70651f7208cefd8e426345b8d92359,train,data/extracted/data/images/train/GOPR7019_JPG.rf.1b70651f7208cefd8e426345b8d92359.jpg,data/extracted/data/labels/train/GOPR7019_JPG.rf.1b70651f7208cefd8e426345b8d92359.txt,c0a1626b3702dfd0dcc573e9c3ff6e5642f202c1c642ba469bf3c25baa42a5e0
train/GOPR7021_JPG.rf.b505d95b21020840d3f4d4701c83d49e,train,data/extracted/data/images/train/GOPR7021_JPG.rf.b505d95b21020840d3f4d4701c83d49e.jpg,data/extracted/data/labels/train/GOPR7021_JPG.rf.b505d95b21020840d3f4d4701c83d49e.txt,b9c2d196a187c292eb9b0197d891533bbed668c1aba163c2a96b349f2b4bb1cc
train/GOPR7022_JPG.rf.6cc4e6305e47b0391e456c2cd60c628c,train,data/extracted/data/images/train/GOPR7022_JPG.rf.6cc4e6305e47b0391e456c2cd60c628c.jpg,data/extracted/data/labels/train/GOPR7022_JPG.rf.6cc4e6305e47b0391e456c2cd60c628c.txt,fe423f40c81bf6bcc2008f1ba497e3513c423c4104a471463d96b4f04ad323fc
train/GOPR7025_JPG.rf.1e4f09c0bcd97ad17b47cfcdcac96e8a,train,data/extracted/data/images/train/GOPR7025_JPG.rf.1e4f09c0bcd97ad17b47cfcdcac96e8a.jpg,data/extracted/data/labels/train/GOPR7025_JPG.rf.1e4f09c0bcd97ad17b47cfcdcac96e8a.txt,3c6126bec08963a2e345c1f7e10831c05573171e42621a6db89895279ce0c4b6
train/GOPR7026_JPG.rf.faffa7c0dbf2ca82b7dec5e49e8f069d,train,data/extracted/data/images/train/GOPR7026_JPG.rf.faffa7c0dbf2ca82b7dec5e49e8f069d.jpg,data/extracted/data/labels/train/GOPR7026_JPG.rf.faffa7c0dbf2ca82b7dec5e49e8f069d.txt,8fdb3b3cd899f04f8d8081dcf7aaa645b7133567fd063112dac0022419e0c079
train/GOPR7028_JPG.rf.0a6b1fbab60b3e5ab89bed4d1b4f1b75,train,data/extracted/data/images/train/GOPR7028_JPG.rf.0a6b1fbab60b3e5ab89bed4d1b4f1b75.jpg,data/extracted/data/labels/train/GOPR7028_JPG.rf.0a6b1fbab60b3e5ab89bed4d1b4f1b75.txt,eb6b57f9b0b1f8fb38744a53f75608cdb21ebdfb6385f82db7132840946dd54f
train/GOPR7029_JPG.rf.57dc251f53bff7a625b1866891eee5ec,train,data/extracted/data/images/train/GOPR7029_JPG.rf.57dc251f53bff7a625b1866891eee5ec.jpg,data/extracted/data/labels/train/GOPR7029_JPG.rf.57dc251f53bff7a625b1866891eee5ec.txt,6daef230bda6745090606097e9fbd7d3a3e44ad3c640b2d44855286f8704bdfe
train/GOPR7030_JPG.rf.067a8a3d613d30991bd0db5638c69ef0,train,data/extracted/data/images/train/GOPR7030_JPG.rf.067a8a3d613d30991bd0db5638c69ef0.jpg,data/extracted/data/labels/train/GOPR7030_JPG.rf.067a8a3d613d30991bd0db5638c69ef0.txt,25649242869599a28e53f982861e0807aca029fcdc9ca2cd81d4875ec79fe89c
train/GOPR7031_JPG.rf.43bc7fbc5e560223d4e826d239a8b3c2,train,data/extracted/data/images/train/GOPR7031_JPG.rf.43bc7fbc5e560223d4e826d239a8b3c2.jpg,data/extracted/data/labels/train/GOPR7031_JPG.rf.43bc7fbc5e560223d4e826d239a8b3c2.txt,698fb99375273725f67488ad3bb744b3f19baa43a4ca8bfec0985fc6b7ee626b
train/GOPR7032_JPG.rf.abe0fb2a21f227d8c00c93827ed8d8c7,train,data/extracted/data/images/train/GOPR7032_JPG.rf.abe0fb2a21f227d8c00c93827ed8d8c7.jpg,data/extracted/data/labels/train/GOPR7032_JPG.rf.abe0fb2a21f227d8c00c93827ed8d8c7.txt,d2a332a7fbad6e5c0b4ecd6d905bac6e20be43c00a9db57eb5e14f1e9644bfae
train/GOPR7033_JPG.rf.532434b6e7a335c170c6f97cb141b669,train,data/extracted/data/images/train/GOPR7033_JPG.rf.532434b6e7a335c170c6f97cb141b669.jpg,data/extracted/data/labels/train/GOPR7033_JPG.rf.532434b6e7a335c170c6f97cb141b669.txt,9bb2c818fd1311531ef9738d9ff7694ed7ab0456a090a8ef334a6d41cfcc90f4
train/GOPR7034_JPG.rf.4370a6ba6a65cc097a2978d8474cb739,train,data/extracted/data/images/train/GOPR7034_JPG.rf.4370a6ba6a65cc097a2978d8474cb739.jpg,data/extracted/data/labels/train/GOPR7034_JPG.rf.4370a6ba6a65cc097a2978d8474cb739.txt,6d0e23d08c1d5706524f3113c7cb59a693ec48fa3a97d7f4d0145bd200388b67
train/GOPR7035_JPG.rf.d24840abb95d9ba3d32b6d9ee2484ec3,train,data/extracted/data/images/train/GOPR7035_JPG.rf.d24840abb95d9ba3d32b6d9ee2484ec3.jpg,data/extracted/data/labels/train/GOPR7035_JPG.rf.d24840abb95d9ba3d32b6d9ee2484ec3.txt,f8c11cf08191efcc884e12f19ba3ec0d9a28739a6f7245651a90f7d986522fcd
train/GOPR7036_JPG.rf.1653bd44006752f8856d034eeff3c512,train,data/extracted/data/images/train/GOPR7036_JPG.rf.1653bd44006752f8856d034eeff3c512.jpg,data/extracted/data/labels/train/GOPR7036_JPG.rf.1653bd44006752f8856d034eeff3c512.txt,a491dec806de9e39e3123e7e812561ba268545a38cf8df90840a165b74b87936
train/GOPR7037_JPG.rf.30a76ab802b5fa60fb3fa020352d9b79,train,data/extracted/data/images/train/GOPR7037_JPG.rf.30a76ab802b5fa60fb3fa020352d9b79.jpg,data/extracted/data/labels/train/GOPR7037_JPG.rf.30a76ab802b5fa60fb3fa020352d9b79.txt,826848cb8242361f34c529cd0dc3ca7a48b7ba74b79f90edfb40cc82eba4828e
train/GOPR7039_JPG.rf.b07015fb41ac6fd1f2e51bf2d26b8af1,train,data/extracted/data/images/train/GOPR7039_JPG.rf.b07015fb41ac6fd1f2e51bf2d26b8af1.jpg,data/extracted/data/labels/train/GOPR7039_JPG.rf.b07015fb41ac6fd1f2e51bf2d26b8af1.txt,c1b11d848f57fc6e6dc4dfe252d43669e7162214c562d7e5043571ce4fb5cbe0
train/GOPR7041_JPG.rf.233e553f405fd4f9cc142342ca847e9f,train,data/extracted/data/images/train/GOPR7041_JPG.rf.233e553f405fd4f9cc142342ca847e9f.jpg,data/extracted/data/labels/train/GOPR7041_JPG.rf.233e553f405fd4f9cc142342ca847e9f.txt,7073dd50cd6bb58bb186a1581713bc6de118372329a0c7a159280fc13e5c73b8
train/GOPR7042_JPG.rf.d767f82d9f10358e00bf1954dd94d017,train,data/extracted/data/images/train/GOPR7042_JPG.rf.d767f82d9f10358e00bf1954dd94d017.jpg,data/extracted/data/labels/train/GOPR7042_JPG.rf.d767f82d9f10358e00bf1954dd94d017.txt,e1a381d26d14e331ed5a121cb0d0754fa9d3c36f2b20136653441c9a9d49ecb8
train/GOPR7043_JPG.rf.66b928738936255661662df153afa5ca,train,data/extracted/data/images/train/GOPR7043_JPG.rf.66b928738936255661662df153afa5ca.jpg,data/extracted/data/labels/train/GOPR7043_JPG.rf.66b928738936255661662df153afa5ca.txt,f084359ec6c6287385f26eb88e4f407bfcb21541091b67d633c1a579ebfe4849
train/GOPR7044_JPG.rf.f72bf572b389df1c0572ac248b5ec1e1,train,data/extracted/data/images/train/GOPR7044_JPG.rf.f72bf572b389df1c0572ac248b5ec1e1.jpg,data/extracted/data/labels/train/GOPR7044_JPG.rf.f72bf572b389df1c0572ac248b5ec1e1.txt,7a007b8107fd35545ec902717fcc15922fc835aa2679933b22c95ea9b22befe1
train/GOPR7045_JPG.rf.fd36704a2f5a19028f26a8c5a44adbe0,train,data/extracted/data/images/train/GOPR7045_JPG.rf.fd36704a2f5a19028f26a8c5a44adbe0.jpg,data/extracted/data/labels/train/GOPR7045_JPG.rf.fd36704a2f5a19028f26a8c5a44adbe0.txt,055d3f3bfce33daed98cf7c1143755f9cae8b9008644bc439d4ba7b6f33a5a2b
train/GOPR7046_JPG.rf.36fc2ac385544a4932eeac3c2229497c,train,data/extracted/data/images/train/GOPR7046_JPG.rf.36fc2ac385544a4932eeac3c2229497c.jpg,data/extracted/data/labels/train/GOPR7046_JPG.rf.36fc2ac385544a4932eeac3c2229497c.txt,23d0fb5465eb50b09cc95199e3189f47b61df49486b4b59ef0030e0ee149ab1e
train/GOPR7048_JPG.rf.d365b1981fb8a65ea078d75d664f4d96,train,data/extracted/data/images/train/GOPR7048_JPG.rf.d365b1981fb8a65ea078d75d664f4d96.jpg,data/extracted/data/labels/train/GOPR7048_JPG.rf.d365b1981fb8a65ea078d75d664f4d96.txt,69eb26ad9d0375b3d94e19a92baaca7ccd6cd063a25e69b08ab97ee0472f6d5e
train/GOPR7049_JPG.rf.d8a3e833789bf8f5acce70ae32906d3f,train,data/extracted/data/images/train/GOPR7049_JPG.rf.d8a3e833789bf8f5acce70ae32906d3f.jpg,data/extracted/data/labels/train/GOPR7049_JPG.rf.d8a3e833789bf8f5acce70ae32906d3f.txt,dffb00a427beaa39969b5c50feb073766e20f183fd0ece235a34159ee41cc731
train/GOPR7050_JPG.rf.03a5bdfb223ba08c77b2e91017a8a010,train,data/extracted/data/images/train/GOPR7050_JPG.rf.03a5bdfb223ba08c77b2e91017a8a010.jpg,data/extracted/data/labels/train/GOPR7050_JPG.rf.03a5bdfb223ba08c77b2e91017a8a010.txt,e1457872420519cc828ef1fcbf715a8eed3be71524adfe44183bf48b89fab6d5
train/GOPR7052_JPG.rf.a8a830c07061897aa493f7e71816cbfa,train,data/extracted/data/images/train/GOPR7052_JPG.rf.a8a830c07061897aa493f7e71816cbfa.jpg,data/extracted/data/labels/train/GOPR7052_JPG.rf.a8a830c07061897aa493f7e71816cbfa.txt,28be3b0ae0d73e92e6d242f9f9d2a52e981eacf0c5eb0d5ab50ef41bc990ee43
train/GOPR7053_JPG.rf.d3059fb827e9fee5cf06722252c506b1,train,data/extracted/data/images/train/GOPR7053_JPG.rf.d3059fb827e9fee5cf06722252c506b1.jpg,data/extracted/data/labels/train/GOPR7053_JPG.rf.d3059fb827e9fee5cf06722252c506b1.txt,bb72dc0fccc15be092f15f256c3cdea8d822f1daca49ae44e34c5ed8ce324aec
train/GOPR7054_JPG.rf.da2e975af02c5f0025f68bcfe5f8cf28,train,data/extracted/data/images/train/GOPR7054_JPG.rf.da2e975af02c5f0025f68bcfe5f8cf28.jpg,data/extracted/data/labels/train/GOPR7054_JPG.rf.da2e975af02c5f0025f68bcfe5f8cf28.txt,a7405507590f40ef8c0c851a94b302f900668d6fbfb4caf4ea5a3cf2b9e0aeea
train/GOPR7056_JPG.rf.7871ab63e83f1047f4f76de9513f0b0b,train,data/extracted/data/images/train/GOPR7056_JPG.rf.7871ab63e83f1047f4f76de9513f0b0b.jpg,data/extracted/data/labels/train/GOPR7056_JPG.rf.7871ab63e83f1047f4f76de9513f0b0b.txt,3d070821de0e307b466ac8e8a057d2067ee9d20b8d4a3ed65a4c383efe4ba6b6
train/GOPR7057_JPG.rf.875cb8d655e24c3d195b8f936017a30d,train,data/extracted/data/images/train/GOPR7057_JPG.rf.875cb8d655e24c3d195b8f936017a30d.jpg,data/extracted/data/labels/train/GOPR7057_JPG.rf.875cb8d655e24c3d195b8f936017a30d.txt,8ba9dfe5ca13fcc5a5d84feee87d0bca83e68243ed34330d3da0d303589b2159
train/GOPR7058_JPG.rf.800b667a112b86093d798deeb6efc2c3,train,data/extracted/data/images/train/GOPR7058_JPG.rf.800b667a112b86093d798deeb6efc2c3.jpg,data/extracted/data/labels/train/GOPR7058_JPG.rf.800b667a112b86093d798deeb6efc2c3.txt,a4fb9f0a877a08271fc514dab479ec6f403baed46719f727d2fb779f0c054ed2
train/GOPR7060_JPG.rf.93a13ecf095c0a4c1ed10297d748e032,train,data/extracted/data/images/train/GOPR7060_JPG.rf.93a13ecf095c0a4c1ed10297d748e032.jpg,data/extracted/data/labels/train/GOPR7060_JPG.rf.93a13ecf095c0a4c1ed10297d748e032.txt,0e0753b66578851a3e813740bcd948147851cb45a257c9a4cbdd950217040732
train/GOPR7061_JPG.rf.83a584c0cf033b38407ab34a37abb1bf,train,data/extracted/data/images/train/GOPR7061_JPG.rf.83a584c0cf033b38407ab34a37abb1bf.jpg,data/extracted/data/labels/train/GOPR7061_JPG.rf.83a584c0cf033b38407ab34a37abb1bf.txt,ec6cac9a55864199bdf5e4f671ee21590c47c5ef7c6c44301b31d3544f4c36db
train/GOPR7062_JPG.rf.728af26df6dcaf5156ac48b04b0f9803,train,data/extracted/data/images/train/GOPR7062_JPG.rf.728af26df6dcaf5156ac48b04b0f9803.jpg,data/extracted/data/labels/train/GOPR7062_JPG.rf.728af26df6dcaf5156ac48b04b0f9803.txt,8810418910448f7c4ad9b8f4703364eaaa551811b0c35c806d1e10dbd91d99d7
train/GOPR7063_JPG.rf.b23e835c71ee5fda8d6af283b2831b38,train,data/extracted/data/images/train/GOPR7063_JPG.rf.b23e835c71ee5fda8d6af283b2831b38.jpg,data/extracted/data/labels/train/GOPR7063_JPG.rf.b23e835c71ee5fda8d6af283b2831b38.txt,2ffa118a0d4d1f95cbd55cc41767ba017e788c1041ed6e7d036212e9493f9057
train/GOPR7064_JPG.rf.9506c9163ecccb37e09ec48e9986912c,train,data/extracted/data/images/train/GOPR7064_JPG.rf.9506c9163ecccb37e09ec48e9986912c.jpg,data/extracted/data/labels/train/GOPR7064_JPG.rf.9506c9163ecccb37e09ec48e9986912c.txt,9103ccc6c2bce1ef37fcbc16e5af513669c83a4bb9ac74502d70ebf773ff66d6
train/GOPR7066_JPG.rf.f2bb1397a0ffddbc10e673c9d5c719d4,train,data/extracted/data/images/train/GOPR7066_JPG.rf.f2bb1397a0ffddbc10e673c9d5c719d4.jpg,data/extracted/data/labels/train/GOPR7066_JPG.rf.f2bb1397a0ffddbc10e673c9d5c719d4.txt,dab378dd2d593a4fc48ceaa5f240c6046df4e20ee0fdb341a1a25b1993da1fa9
train/GOPR7067_JPG.rf.608aed295149b41b822411db851277d0,train,data/extracted/data/images/train/GOPR7067_JPG.rf.608aed295149b41b822411db851277d0.jpg,data/extracted/data/labels/train/GOPR7067_JPG.rf.608aed295149b41b822411db851277d0.txt,2d8156f681283e9e807d23133b02dcd2630f4b4121dd095a243612c1a7230177
train/GOPR7069_JPG.rf.ed930506bc294f5df346f5e026ebc2db,train,data/extracted/data/images/train/GOPR7069_JPG.rf.ed930506bc294f5df346f5e026ebc2db.jpg,data/extracted/data/labels/train/GOPR7069_JPG.rf.ed930506bc294f5df346f5e026ebc2db.txt,f9e35002d4a863ac06ca351ad2e76ba0a04fa71ac6213d4ea1299bfedf93bc0d
train/GOPR7070_JPG.rf.67bde9159d06a0b8b28a64e0844efd5d,train,data/extracted/data/images/train/GOPR7070_JPG.rf.67bde9159d06a0b8b28a64e0844efd5d.jpg,data/extracted/data/labels/train/GOPR7070_JPG.rf.67bde9159d06a0b8b28a64e0844efd5d.txt,d92169720e1532e58601def157cbf8c40c8f5c06320b3eccec5b1e539bb4b869
train/GOPR7073_JPG.rf.1c77d1e29fc3d59e06700ce0fa74e04e,train,data/extracted/data/images/train/GOPR7073_JPG.rf.1c77d1e29fc3d59e06700ce0fa74e04e.jpg,data/extracted/data/labels/train/GOPR7073_JPG.rf.1c77d1e29fc3d59e06700ce0fa74e04e.txt,02d73cdb05e247e97cf6c11dfa80193924bb591d9034b9129ce67590f893046c
train/GOPR7074_JPG.rf.e8335d07a82db77a1d8cfdc865243b4f,train,data/extracted/data/images/train/GOPR7074_JPG.rf.e8335d07a82db77a1d8cfdc865243b4f.jpg,data/extracted/data/labels/train/GOPR7074_JPG.rf.e8335d07a82db77a1d8cfdc865243b4f.txt,8094490f25ec839e6a5028142690e5178382b359dbd729138bf796a31c644c76
train/GOPR7075_JPG.rf.53c23b496c401b857179551cfd38b811,train,data/extracted/data/images/train/GOPR7075_JPG.rf.53c23b496c401b857179551cfd38b811.jpg,data/extracted/data/labels/train/GOPR7075_JPG.rf.53c23b496c401b857179551cfd38b811.txt,7392310e4ade701b9f5b1f6a1c241a7b0c0b5db6df91fc2e8379f88421067845
train/GOPR7077_JPG.rf.8c8d1b7d3dfbfb0727048b6e3cbdb89a,train,data/extracted/data/images/train/GOPR7077_JPG.rf.8c8d1b7d3dfbfb0727048b6e3cbdb89a.jpg,data/extracted/data/labels/train/GOPR7077_JPG.rf.8c8d1b7d3dfbfb0727048b6e3cbdb89a.txt,8e45b2cb5735690c1ba9d36cb0bb09e3d17637221014b94ac757d8e4008742af
train/GOPR7078_JPG.rf.f19238851be8fca3a3bfaa131c03dc08,train,data/extracted/data/images/train/GOPR7078_JPG.rf.f19238851be8fca3a3bfaa131c03dc08.jpg,data/extracted/data/labels/train/GOPR7078_JPG.rf.f19238851be8fca3a3bfaa131c03dc08.txt,bd19649c2977ae130a5b21f515757e46d9184e49a547bbc1c693aab0216e87f9
train/GOPR7080_JPG.rf.efb3841908d3b024e5c591f020d28e3b,train,data/extracted/data/images/train/GOPR7080_JPG.rf.efb3841908d3b024e5c591f020d28e3b.jpg,data/extracted/data/labels/train/GOPR7080_JPG.rf.efb3841908d3b024e5c591f020d28e3b.txt,4516c2bd7b1b1d7c3c4fc1c87a78ef7bdd3d9d54ba5011ce4956d7fe0dddffa0
train/GOPR7082_JPG.rf.bfdb556f227aed0b228c1200b7c79ff9,train,data/extracted/data/images/train/GOPR7082_JPG.rf.bfdb556f227aed0b228c1200b7c79ff9.jpg,data/extracted/data/labels/train/GOPR7082_JPG.rf.bfdb556f227aed0b228c1200b7c79ff9.txt,313982d91729bbb00304b55d7b8ff7349546795d334fc9f8aa1e43a230803a45
train/GOPR7083_JPG.rf.dfa637d3f23c7d60d4098f6f8520f4f2,train,data/extracted/data/images/train/GOPR7083_JPG.rf.dfa637d3f23c7d60d4098f6f8520f4f2.jpg,data/extracted/data/labels/train/GOPR7083_JPG.rf.dfa637d3f23c7d60d4098f6f8520f4f2.txt,bffc81d69e026e99a3a6dbfc06042e55a858920d316f4400789e96e0a1ca6e5e
train/GOPR7084_JPG.rf.28ae4009db71bc3ee3e965fba4091da6,train,data/extracted/data/images/train/GOPR7084_JPG.rf.28ae4009db71bc3ee3e965fba4091da6.jpg,data/extracted/data/labels/train/GOPR7084_JPG.rf.28ae4009db71bc3ee3e965fba4091da6.txt,499d552559648c59715562f64361b89496c3e5c731ea31b6f632b6b41dfb96d3
train/GOPR7085_JPG.rf.bba53ca798f894373dc55f8ef40ea9c9,train,data/extracted/data/images/train/GOPR7085_JPG.rf.bba53ca798f894373dc55f8ef40ea9c9.jpg,data/extracted/data/labels/train/GOPR7085_JPG.rf.bba53ca798f894373dc55f8ef40ea9c9.txt,08883a91f14c6c830a44aa07b2965ad425d2dbe1d1164a353b291c76a10ee63d
train/GOPR7086_JPG.rf.6e9ed81370c18b1b5e3421292aff43e2,train,data/extracted/data/images/train/GOPR7086_JPG.rf.6e9ed81370c18b1b5e3421292aff43e2.jpg,data/extracted/data/labels/train/GOPR7086_JPG.rf.6e9ed81370c18b1b5e3421292aff43e2.txt,d4f2028cbd7fb5fe3631475857985354854ce05d04676293081d3c29a4e7fefe
train/GOPR7087_JPG.rf.499898bfcf9c86b6e307fec07aa11f91,train,data/extracted/data/images/train/GOPR7087_JPG.rf.499898bfcf9c86b6e307fec07aa11f91.jpg,data/extracted/data/labels/train/GOPR7087_JPG.rf.499898bfcf9c86b6e307fec07aa11f91.txt,fd57711c6b5f6bb30e3506c0ece53cdba023f86c69c8cab2bf1985b2392de2fb
train/GOPR7088_JPG.rf.0499daf25f2e1c63395560422c8c6869,train,data/extracted/data/images/train/GOPR7088_JPG.rf.0499daf25f2e1c63395560422c8c6869.jpg,data/extracted/data/labels/train/GOPR7088_JPG.rf.0499daf25f2e1c63395560422c8c6869.txt,c716991c5752c739df876796ba4bd7dfca52fb2ff4d06097645d619d26549dd2
train/GOPR7089_JPG.rf.e8d1bfc52fd218fc1e5f36da47446618,train,data/extracted/data/images/train/GOPR7089_JPG.rf.e8d1bfc52fd218fc1e5f36da47446618.jpg,data/extracted/data/labels/train/GOPR7089_JPG.rf.e8d1bfc52fd218fc1e5f36da47446618.txt,254c525d299e21d05888f5562659dc1b2f886435e7eb7ba1cae335b4c0a7b27b
train/GOPR7090_JPG.rf.3dd381e1a4649534e61007d2fbed884f,train,data/extracted/data/images/train/GOPR7090_JPG.rf.3dd381e1a4649534e61007d2fbed884f.jpg,data/extracted/data/labels/train/GOPR7090_JPG.rf.3dd381e1a4649534e61007d2fbed884f.txt,33909a22b38efda9abb62a0dbdc8929b39cb1ac8d563b2c1045f62db9d66f7b3
train/GOPR7091_JPG.rf.b91f774175d0f4e6935773f5139675a3,train,data/extracted/data/images/train/GOPR7091_JPG.rf.b91f774175d0f4e6935773f5139675a3.jpg,data/extracted/data/labels/train/GOPR7091_JPG.rf.b91f774175d0f4e6935773f5139675a3.txt,0797a4a14f8aaf4281a255dd9efc6f6448cd563edb0c8b068cb8c321572abbef
train/GOPR7092_JPG.rf.d9962e693f61938a6970f43eceb6238f,train,data/extracted/data/images/train/GOPR7092_JPG.rf.d9962e693f61938a6970f43eceb6238f.jpg,data/extracted/data/labels/train/GOPR7092_JPG.rf.d9962e693f61938a6970f43eceb6238f.txt,1b6c09c25acd55a722dbdf54ccdce540a87e4fca90417cda58523b6eeb5d3011
train/GOPR7093_JPG.rf.0778df930789e4c835f83d0e54aaa3db,train,data/extracted/data/images/train/GOPR7093_JPG.rf.0778df930789e4c835f83d0e54aaa3db.jpg,data/extracted/data/labels/train/GOPR7093_JPG.rf.0778df930789e4c835f83d0e54aaa3db.txt,03a2b8efb1cc8210f9fa0592d22acfbec3fc5aff4994082ec1864a947c6ad829
train/GOPR7094_JPG.rf.99860ed41180ab4b093208a2ef1b6e4b,train,data/extracted/data/images/train/GOPR7094_JPG.rf.99860ed41180ab4b093208a2ef1b6e4b.jpg,data/extracted/data/labels/train/GOPR7094_JPG.rf.99860ed41180ab4b093208a2ef1b6e4b.txt,de3d258e92d862b7c1c4544aeb81769501c460b22f306a102f0a5814c11b41c3
train/GOPR7096_JPG.rf.98e52af4782895ffd816e94d27743e88,train,data/extracted/data/images/train/GOPR7096_JPG.rf.98e52af4782895ffd816e94d27743e88.jpg,data/extracted/data/labels/train/GOPR7096_JPG.rf.98e52af4782895ffd816e94d27743e88.txt,beb2e039b4be628ef05f5d6e096e1ac2c6c6812fe55333cc63155b88162bd177
train/GOPR7097_JPG.rf.0e3f38df04857e42e483e601ff23a43a,train,data/extracted/data/images/train/GOPR7097_JPG.rf.0e3f38df04857e42e483e601ff23a43a.jpg,data/extracted/data/labels/train/GOPR7097_JPG.rf.0e3f38df04857e42e483e601ff23a43a.txt,472202105ab84d9df7568b4c0b5332c6c39c13c5f6bfafd4e1c14fb71c1b1c04
train/GOPR7098_JPG.rf.07ceed6570d6f636b9142b2a142d7741,train,data/extracted/data/images/train/GOPR7098_JPG.rf.07ceed6570d6f636b9142b2a142d7741.jpg,data/extracted/data/labels/train/GOPR7098_JPG.rf.07ceed6570d6f636b9142b2a142d7741.txt,47a9992f13ab28109421ee549daf3363d9fbd28e87b00533545904ba6513b4d8
train/GOPR7099_JPG.rf.6d433e72db8475f456016a43e7f5f95c,train,data/extracted/data/images/train/GOPR7099_JPG.rf.6d433e72db8475f456016a43e7f5f95c.jpg,data/extracted/data/labels/train/GOPR7099_JPG.rf.6d433e72db8475f456016a43e7f5f95c.txt,f42f953e0b563f3be74637f5d5c14141288b473d1959a148ac4cdfb0e9acf6ee
train/GOPR7100_JPG.rf.20c7cf289f09cad1d5e2281b93e0f4ae,train,data/extracted/data/images/train/GOPR7100_JPG.rf.20c7cf289f09cad1d5e2281b93e0f4ae.jpg,data/extracted/data/labels/train/GOPR7100_JPG.rf.20c7cf289f09cad1d5e2281b93e0f4ae.txt,819eeca31c0bbe2191e966e23b1b3bfe0ec6055258684e400a7df0a456d91743
train/GOPR7101_JPG.rf.93f86fd38cb818ed5a9c227fc115b674,train,data/extracted/data/images/train/GOPR7101_JPG.rf.93f86fd38cb818ed5a9c227fc115b674.jpg,data/extracted/data/labels/train/GOPR7101_JPG.rf.93f86fd38cb818ed5a9c227fc115b674.txt,3b222f914d5a683f688eb684cb968bf8cae37558133387a400a7ed21ee7a9925
train/GOPR7102_JPG.rf.3e2d73a31a3ba6d51cf3d301df21b15b,train,data/extracted/data/images/train/GOPR7102_JPG.rf.3e2d73a31a3ba6d51cf3d301df21b15b.jpg,data/extracted/data/labels/train/GOPR7102_JPG.rf.3e2d73a31a3ba6d51cf3d301df21b15b.txt,f5a3a1ae9157bd8e74c0e17bfaee3ed12a7f6b2da4f25d2ad8e599035afa0f1c
train/GOPR7104_JPG.rf.dd79ecda03cc16d00c0d6f12337a6d55,train,data/extracted/data/images/train/GOPR7104_JPG.rf.dd79ecda03cc16d00c0d6f12337a6d55.jpg,data/extracted/data/labels/train/GOPR7104_JPG.rf.dd79ecda03cc16d00c0d6f12337a6d55.txt,cc60f87a54f336b9adbd6b9cdd0b512f11b1832063ec2a7eb2623077c584c297
train/GOPR7108_JPG.rf.43f73fd7df8e482c0dfefa22656a1acf,train,data/extracted/data/images/train/GOPR7108_JPG.rf.43f73fd7df8e482c0dfefa22656a1acf.jpg,data/extracted/data/labels/train/GOPR7108_JPG.rf.43f73fd7df8e482c0dfefa22656a1acf.txt,c9990c06c16df2a0fb3dbd93bbfa8338f9ef62d102a5c756cbad9811e2016404
train/GOPR7112_JPG.rf.40f7e43f5d24025fa743cf5b0485ddf4,train,data/extracted/data/images/train/GOPR7112_JPG.rf.40f7e43f5d24025fa743cf5b0485ddf4.jpg,data/extracted/data/labels/train/GOPR7112_JPG.rf.40f7e43f5d24025fa743cf5b0485ddf4.txt,2a57fe31b44cf08af642ae1d052e263143cf3dc20ff7a756f5b3dfcef81866c1
train/GOPR7113_JPG.rf.8e6e53ac3497a0d338d171a77f8edbe5,train,data/extracted/data/images/train/GOPR7113_JPG.rf.8e6e53ac3497a0d338d171a77f8edbe5.jpg,data/extracted/data/labels/train/GOPR7113_JPG.rf.8e6e53ac3497a0d338d171a77f8edbe5.txt,09eb581a4be27307a61e652963e8b58170db80849cc9cffbeccdfac48aa5c867
train/GOPR7115_JPG.rf.4bf3bbfb67f10716d35f3b38c1a20b41,train,data/extracted/data/images/train/GOPR7115_JPG.rf.4bf3bbfb67f10716d35f3b38c1a20b41.jpg,data/extracted/data/labels/train/GOPR7115_JPG.rf.4bf3bbfb67f10716d35f3b38c1a20b41.txt,664b1b0c6c228f8b0bec0f7173d389f39b8452f3a15bb74fecf2202b20f170eb
train/GOPR7116_JPG.rf.2f665114a5817506cdde60d372b303c5,train,data/extracted/data/images/train/GOPR7116_JPG.rf.2f665114a5817506cdde60d372b303c5.jpg,data/extracted/data/labels/train/GOPR7116_JPG.rf.2f665114a5817506cdde60d372b303c5.txt,a3ce9a147d097d6b01dbe84453b311064eca172e80bca226f207ae276f4976e8
train/GOPR7117_JPG.rf.662f33469bcbe4ae9dfa72c4c7f681bc,train,data/extracted/data/images/train/GOPR7117_JPG.rf.662f33469bcbe4ae9dfa72c4c7f681bc.jpg,data/extracted/data/labels/train/GOPR7117_JPG.rf.662f33469bcbe4ae9dfa72c4c7f681bc.txt,687c726abb426e326c410912b1e6a8a9f517c2394e1b3ce6f147b967cfa58391
train/GOPR7118_JPG.rf.3a14fb0655699cc5d5405942fc4bc861,train,data/extracted/data/images/train/GOPR7118_JPG.rf.3a14fb0655699cc5d5405942fc4bc861.jpg,data/extracted/data/labels/train/GOPR7118_JPG.rf.3a14fb0655699cc5d5405942fc4bc861.txt,1a74ed67489a8dae6deb16429cfe86d630abcb0968467a3d6f5b19f9bb389023
train/GOPR7119_JPG.rf.64ff510c8f616b6fa5bed61639de9f48,train,data/extracted/data/images/train/GOPR7119_JPG.rf.64ff510c8f616b6fa5bed61639de9f48.jpg,data/extracted/data/labels/train/GOPR7119_JPG.rf.64ff510c8f616b6fa5bed61639de9f48.txt,4a3eceaf194699d6281d87754cb959853c01891036a50e6a4b7088520a200d81
train/GOPR7120_JPG.rf.deeebba2f7c71619cda15540416276d6,train,data/extracted/data/images/train/GOPR7120_JPG.rf.deeebba2f7c71619cda15540416276d6.jpg,data/extracted/data/labels/train/GOPR7120_JPG.rf.deeebba2f7c71619cda15540416276d6.txt,bae1b0f303f147fe0566eb0894b7f7b2ba1d3470e487520067b9aa570609effc
train/GOPR7122_JPG.rf.52d415c308a5a1b2b89d09cd328535ac,train,data/extracted/data/images/train/GOPR7122_JPG.rf.52d415c308a5a1b2b89d09cd328535ac.jpg,data/extracted/data/labels/train/GOPR7122_JPG.rf.52d415c308a5a1b2b89d09cd328535ac.txt,0899f9fa1f0d6e271d69b9d8c16043ef1c09523839632bda661c49899fb2cc80
train/GOPR7123_JPG.rf.bca0f6180dea8cc8c2feb5c6a3fd5abd,train,data/extracted/data/images/train/GOPR7123_JPG.rf.bca0f6180dea8cc8c2feb5c6a3fd5abd.jpg,data/extracted/data/labels/train/GOPR7123_JPG.rf.bca0f6180dea8cc8c2feb5c6a3fd5abd.txt,d7a0f1f4c744fea5722a6ff56739897c2e9971a53bd23a0bc0eb6c3d54c1b06b
train/GOPR7124_JPG.rf.638a9616a6c44153d204b10f79e9e2c9,train,data/extracted/data/images/train/GOPR7124_JPG.rf.638a9616a6c44153d204b10f79e9e2c9.jpg,data/extracted/data/labels/train/GOPR7124_JPG.rf.638a9616a6c44153d204b10f79e9e2c9.txt,043e18cfbefd5a1604df4f8fbf2dd888cfffa0ba040e221c46c4fdb0590a810e
train/GOPR7125_JPG.rf.ff723274557b99626740fba7e03ef920,train,data/extracted/data/images/train/GOPR7125_JPG.rf.ff723274557b99626740fba7e03ef920.jpg,data/extracted/data/labels/train/GOPR7125_JPG.rf.ff723274557b99626740fba7e03ef920.txt,fdba6409172fc0457cf07635ef3afbf305bcabe522d3c1f6d104f496daafa344
train/GOPR7126_JPG.rf.dc143cd9764080d3487517b1a389b38f,train,data/extracted/data/images/train/GOPR7126_JPG.rf.dc143cd9764080d3487517b1a389b38f.jpg,data/extracted/data/labels/train/GOPR7126_JPG.rf.dc143cd9764080d3487517b1a389b38f.txt,6050c70d3f6f013aa5bbbdc55708c4052a2b20a0b42ee50802e414671a22673f
train/GOPR7127_JPG.rf.0d479dce5105052ec28c91ef90a8fc1a,train,data/extracted/data/images/train/GOPR7127_JPG.rf.0d479dce5105052ec28c91ef90a8fc1a.jpg,data/extracted/data/labels/train/GOPR7127_JPG.rf.0d479dce5105052ec28c91ef90a8fc1a.txt,b753b90ac3cf5bfa9f942a0ee9c157944d0c25e19e96f6a079ab7329bdea35ca
train/GOPR7128_JPG.rf.87f12dd654b2596df66b5d5c15c7702f,train,data/extracted/data/images/train/GOPR7128_JPG.rf.87f12dd654b2596df66b5d5c15c7702f.jpg,data/extracted/data/labels/train/GOPR7128_JPG.rf.87f12dd654b2596df66b5d5c15c7702f.txt,f41cb0e98baa60806cf7eb4c34c2ea43e884b6a2c5bae49469b70e144580b055
train/GOPR7130_JPG.rf.81a5f1e241ede2a9b789d95ed68e6471,train,data/extracted/data/images/train/GOPR7130_JPG.rf.81a5f1e241ede2a9b789d95ed68e6471.jpg,data/extracted/data/labels/train/GOPR7130_JPG.rf.81a5f1e241ede2a9b789d95ed68e6471.txt,c24b76e9f2b3245ba77c4e85856b51c3fbc41c53933453c05451a9a16938a919
train/GOPR7132_JPG.rf.66e35fb0bbbf72722f5b4eae56ca69d9,train,data/extracted/data/images/train/GOPR7132_JPG.rf.66e35fb0bbbf72722f5b4eae56ca69d9.jpg,data/extracted/data/labels/train/GOPR7132_JPG.rf.66e35fb0bbbf72722f5b4eae56ca69d9.txt,19c16bc66ff0f9f6c2a9aed5fe3814bc5e890aebf8ae2335554a196f38d4b2cc
train/GOPR7133_JPG.rf.29e11d518c38940407dab146f94b7cc4,train,data/extracted/data/images/train/GOPR7133_JPG.rf.29e11d518c38940407dab146f94b7cc4.jpg,data/extracted/data/labels/train/GOPR7133_JPG.rf.29e11d518c38940407dab146f94b7cc4.txt,c95cf09086ae19b413aa5e837fe5124fa715f81f826996d0c6c03d30643d5cf5
train/GOPR7134_JPG.rf.8b4a46ec3f40dc627458455d01bdeb57,train,data/extracted/data/images/train/GOPR7134_JPG.rf.8b4a46ec3f40dc627458455d01bdeb57.jpg,data/extracted/data/labels/train/GOPR7134_JPG.rf.8b4a46ec3f40dc627458455d01bdeb57.txt,c6e3aee545d9f28503a7c62fdb186d53ca59d21f854a6c9899635aaaaa843720
train/GOPR7135_JPG.rf.48afd1fe238ca79462f21c288c1031ae,train,data/extracted/data/images/train/GOPR7135_JPG.rf.48afd1fe238ca79462f21c288c1031ae.jpg,data/extracted/data/labels/train/GOPR7135_JPG.rf.48afd1fe238ca79462f21c288c1031ae.txt,160dbb9189bb104c5d4f65b1950c026248869f82ab86ddf17e3edf63ba3b7c2d
train/GOPR7136_JPG.rf.424c36b5aaf7b3adecbc7e2963800090,train,data/extracted/data/images/train/GOPR7136_JPG.rf.424c36b5aaf7b3adecbc7e2963800090.jpg,data/extracted/data/labels/train/GOPR7136_JPG.rf.424c36b5aaf7b3adecbc7e2963800090.txt,dbead9d8c80e16fcaff44c7050ee6b9d357e68aee39db0676ddb9a0e6a38094b
train/GOPR7137_JPG.rf.59e9b61ad4bf8e67df4bbcbc39396c60,train,data/extracted/data/images/train/GOPR7137_JPG.rf.59e9b61ad4bf8e67df4bbcbc39396c60.jpg,data/extracted/data/labels/train/GOPR7137_JPG.rf.59e9b61ad4bf8e67df4bbcbc39396c60.txt,be739d76cec98edc50279e146384cf2191babfc8e5508e2b9d9c78e0d094d4cb
train/GOPR7139_JPG.rf.861ea3585f2624f64698d7288b009e9e,train,data/extracted/data/images/train/GOPR7139_JPG.rf.861ea3585f2624f64698d7288b009e9e.jpg,data/extracted/data/labels/train/GOPR7139_JPG.rf.861ea3585f2624f64698d7288b009e9e.txt,565342d591a196a31e55937b55596e3a8bfb530be0313d87d616a9d255c5cc11
train/GOPR7140_JPG.rf.3c5f01e8487720b74629897e8f63f8b0,train,data/extracted/data/images/train/GOPR7140_JPG.rf.3c5f01e8487720b74629897e8f63f8b0.jpg,data/extracted/data/labels/train/GOPR7140_JPG.rf.3c5f01e8487720b74629897e8f63f8b0.txt,4052ce925a95af1fd05e74fc41b52cd05eb49b4729a6f197a9af79ae581ca458
train/GOPR7141_JPG.rf.5722f57eaf5f9628da720b689a979aa2,train,data/extracted/data/images/train/GOPR7141_JPG.rf.5722f57eaf5f9628da720b689a979aa2.jpg,data/extracted/data/labels/train/GOPR7141_JPG.rf.5722f57eaf5f9628da720b689a979aa2.txt,3e0982f995d409f2f5c03e8db4c02177d402e207a3d257002a4f04ed1e03373e
train/GOPR7142_JPG.rf.5719a8d18416e11858e74ba8915c7fc7,train,data/extracted/data/images/train/GOPR7142_JPG.rf.5719a8d18416e11858e74ba8915c7fc7.jpg,data/extracted/data/labels/train/GOPR7142_JPG.rf.5719a8d18416e11858e74ba8915c7fc7.txt,eb1fe741b89aa7893cbb964002ada81643b2281dd951eb69658cf073f474366f
train/GOPR7143_JPG.rf.7fd682dd1716f4faff4e5f92cc676e7a,train,data/extracted/data/images/train/GOPR7143_JPG.rf.7fd682dd1716f4faff4e5f92cc676e7a.jpg,data/extracted/data/labels/train/GOPR7143_JPG.rf.7fd682dd1716f4faff4e5f92cc676e7a.txt,a28580a546bf3d7a4e5a44c05240f5a55f181464d3845723b97bf8e6ed1a8f90
train/GOPR7145_JPG.rf.3544acea17fc298ab8916e6d893dbda2,train,data/extracted/data/images/train/GOPR7145_JPG.rf.3544acea17fc298ab8916e6d893dbda2.jpg,data/extracted/data/labels/train/GOPR7145_JPG.rf.3544acea17fc298ab8916e6d893dbda2.txt,8e37ea2de4ce91a6c6bb873c3b779d8694ee51baaf3403c0aee7b295c17c4284
train/GOPR7146_JPG.rf.a76d6ae7b7c43741bfc55ffda398c542,train,data/extracted/data/images/train/GOPR7146_JPG.rf.a76d6ae7b7c43741bfc55ffda398c542.jpg,data/extracted/data/labels/train/GOPR7146_JPG.rf.a76d6ae7b7c43741bfc55ffda398c542.txt,8961781a72e67edfc5132f590d4dfe802dfb31237b45adb3dce23d1efab2b387
train/GOPR7149_JPG.rf.c8d3497af9eee69e0c064c8a8a5829ef,train,data/extracted/data/images/train/GOPR7149_JPG.rf.c8d3497af9eee69e0c064c8a8a5829ef.jpg,data/extracted/data/labels/train/GOPR7149_JPG.rf.c8d3497af9eee69e0c064c8a8a5829ef.txt,3a4aae9f34721cc331c75d02e1d24b11944924a6bbe5bfc76a2d0a944298b079
train/GOPR7151_JPG.rf.7917453e4ef173ebee8991832dcab887,train,data/extracted/data/images/train/GOPR7151_JPG.rf.7917453e4ef173ebee8991832dcab887.jpg,data/extracted/data/labels/train/GOPR7151_JPG.rf.7917453e4ef173ebee8991832dcab887.txt,7ec40118c83dd971ffa385349d7ae6c73198cf6d567ff11f190bb349ce74f044
train/GOPR7152_JPG.rf.6a321352851a9edbe883c5f433b2375b,train,data/extracted/data/images/train/GOPR7152_JPG.rf.6a321352851a9edbe883c5f433b2375b.jpg,data/extracted/data/labels/train/GOPR7152_JPG.rf.6a321352851a9edbe883c5f433b2375b.txt,6a5013ca1f586fc4122c57bd17146c8a79ba71e2c67218a1a544448cdbc33561
train/GOPR7153_JPG.rf.2bf413791cfeae105ec99b0ad25f2b21,train,data/extracted/data/images/train/GOPR7153_JPG.rf.2bf413791cfeae105ec99b0ad25f2b21.jpg,data/extracted/data/labels/train/GOPR7153_JPG.rf.2bf413791cfeae105ec99b0ad25f2b21.txt,f342553bfcf49c17ea88c417fcd7bd3afce9a271626c23db678a859780566b22
train/GOPR7154_JPG.rf.e1e768aa0fb93cadabc66f505f4b1822,train,data/extracted/data/images/train/GOPR7154_JPG.rf.e1e768aa0fb93cadabc66f505f4b1822.jpg,data/extracted/data/labels/train/GOPR7154_JPG.rf.e1e768aa0fb93cadabc66f505f4b1822.txt,a48ad42f150419bcb2b8b2a8925a1a6400b21f6276251b1db4b9cbd8a09221ad
train/GOPR7155_JPG.rf.ff12a4f7b587c285695bf72d0f925a97,train,data/extracted/data/images/train/GOPR7155_JPG.rf.ff12a4f7b587c285695bf72d0f925a97.jpg,data/extracted/data/labels/train/GOPR7155_JPG.rf.ff12a4f7b587c285695bf72d0f925a97.txt,4603e807ed47691ba1d66c1fa4f178c819f43b3b2a4fa070d2bdfe1e50b659f2
train/GOPR7156_JPG.rf.54ad135f592318933cae1fcba8b90837,train,data/extracted/data/images/train/GOPR7156_JPG.rf.54ad135f592318933cae1fcba8b90837.jpg,data/extracted/data/labels/train/GOPR7156_JPG.rf.54ad135f592318933cae1fcba8b90837.txt,267ef78a63906464cd5a8d66bdc99fa7c249d4a9d70a161683a3ccd9141edd45
train/GOPR7160_JPG.rf.acb7d60c17e2e02feb0b2f9a33ad3222,train,data/extracted/data/images/train/GOPR7160_JPG.rf.acb7d60c17e2e02feb0b2f9a33ad3222.jpg,data/extracted/data/labels/train/GOPR7160_JPG.rf.acb7d60c17e2e02feb0b2f9a33ad3222.txt,6465810bad0983e8cad362220970b556c31a3043ffb5fb815e03864c659f0973
train/GOPR7162_JPG.rf.22ea85d330d7ef74febe9c2c4946dc81,train,data/extracted/data/images/train/GOPR7162_JPG.rf.22ea85d330d7ef74febe9c2c4946dc81.jpg,data/extracted/data/labels/train/GOPR7162_JPG.rf.22ea85d330d7ef74febe9c2c4946dc81.txt,8bc3d2c26383435855ce1aa20c69b0b3c7d7ec630b1f554ca833c9d22704094c
train/GOPR7164_JPG.rf.f149d3159c1a811b0cea7a4e5addeab6,train,data/extracted/data/images/train/GOPR7164_JPG.rf.f149d3159c1a811b0cea7a4e5addeab6.jpg,data/extracted/data/labels/train/GOPR7164_JPG.rf.f149d3159c1a811b0cea7a4e5addeab6.txt,fe9f70eabb0479c5c2f3e6e99222b6d800d25142abcac15ea964318e890c80ad
train/GOPR7165_JPG.rf.7099258fa059d851d04b940f8fa42101,train,data/extracted/data/images/train/GOPR7165_JPG.rf.7099258fa059d851d04b940f8fa42101.jpg,data/extracted/data/labels/train/GOPR7165_JPG.rf.7099258fa059d851d04b940f8fa42101.txt,6e88df22b8169ba864e816cd21ba7cf0f1767899ece7113ead278d25fe388ec1
train/GOPR7166_JPG.rf.21d65cc90f5d5e6f040595e75b7debe7,train,data/extracted/data/images/train/GOPR7166_JPG.rf.21d65cc90f5d5e6f040595e75b7debe7.jpg,data/extracted/data/labels/train/GOPR7166_JPG.rf.21d65cc90f5d5e6f040595e75b7debe7.txt,558d026efdb7d5e3ffdbe01bc8e3a74163536b14162bf31b40cf947be4c91650
train/GOPR7167_JPG.rf.2ef0403b0371647c3e90c6ee06e33f25,train,data/extracted/data/images/train/GOPR7167_JPG.rf.2ef0403b0371647c3e90c6ee06e33f25.jpg,data/extracted/data/labels/train/GOPR7167_JPG.rf.2ef0403b0371647c3e90c6ee06e33f25.txt,824d74aebd8cc86deece3941763b61000728f1fd62e7508392688ec7b7b33f83
train/GOPR7168_JPG.rf.dd05a642649d13c49b25f30a9a8f7bbd,train,data/extracted/data/images/train/GOPR7168_JPG.rf.dd05a642649d13c49b25f30a9a8f7bbd.jpg,data/extracted/data/labels/train/GOPR7168_JPG.rf.dd05a642649d13c49b25f30a9a8f7bbd.txt,46c073e0ad7b74ec3107d5645c2e190068421ec5081d631565e5a3fad69da14e
train/GOPR7169_JPG.rf.9d0a18caf78649563a046acc1222f01f,train,data/extracted/data/images/train/GOPR7169_JPG.rf.9d0a18caf78649563a046acc1222f01f.jpg,data/extracted/data/labels/train/GOPR7169_JPG.rf.9d0a18caf78649563a046acc1222f01f.txt,31b48b3a189c0e0928bb6bbc8bf1a71b8064870be4dbcba4c7085b49211f3345
train/GOPR7170_JPG.rf.72de6e3ed677a3c07edb75db0cfe2fad,train,data/extracted/data/images/train/GOPR7170_JPG.rf.72de6e3ed677a3c07edb75db0cfe2fad.jpg,data/extracted/data/labels/train/GOPR7170_JPG.rf.72de6e3ed677a3c07edb75db0cfe2fad.txt,8eae74f76a4f88739eb1a85767b50b82c1a2237ddcfe79e8ae4fdbaf1864a795
train/GOPR7172_JPG.rf.1bc311068b8c5bbb6c1aa721c64ccdef,train,data/extracted/data/images/train/GOPR7172_JPG.rf.1bc311068b8c5bbb6c1aa721c64ccdef.jpg,data/extracted/data/labels/train/GOPR7172_JPG.rf.1bc311068b8c5bbb6c1aa721c64ccdef.txt,8caa3330e5016521284315ce0f9a46a0419e2267bb17b8bbddfc57924af4be19
train/GOPR7173_JPG.rf.976aa95fd51933761afb44331fefe1a3,train,data/extracted/data/images/train/GOPR7173_JPG.rf.976aa95fd51933761afb44331fefe1a3.jpg,data/extracted/data/labels/train/GOPR7173_JPG.rf.976aa95fd51933761afb44331fefe1a3.txt,6eee5c31349fc3befa6fab8e83d79d386213acbdd7da9d226f4820999b8b9a90
train/GOPR7174_JPG.rf.2e3908460b23b68adadfbffa06cda306,train,data/extracted/data/images/train/GOPR7174_JPG.rf.2e3908460b23b68adadfbffa06cda306.jpg,data/extracted/data/labels/train/GOPR7174_JPG.rf.2e3908460b23b68adadfbffa06cda306.txt,b923222bc56aa1c580ccbcaf4c8a5f34b98e04dc7c47f16628d13a78b8affa76
train/GOPR7175_JPG.rf.34a68c4ed58ddd65563c592e1fa8d790,train,data/extracted/data/images/train/GOPR7175_JPG.rf.34a68c4ed58ddd65563c592e1fa8d790.jpg,data/extracted/data/labels/train/GOPR7175_JPG.rf.34a68c4ed58ddd65563c592e1fa8d790.txt,adeb67b325441664520f44db01a170929f54ff3330affd5fa3d704f95357d1fe
train/GOPR7176_JPG.rf.3a0cf7ee58362aaebef6fe4ed47a8383,train,data/extracted/data/images/train/GOPR7176_JPG.rf.3a0cf7ee58362aaebef6fe4ed47a8383.jpg,data/extracted/data/labels/train/GOPR7176_JPG.rf.3a0cf7ee58362aaebef6fe4ed47a8383.txt,b12c4bc593f7ff0c5102cee8f075e57a1ce27f7137aa913707ecfc40ec21c16b
train/GOPR7177_JPG.rf.44dc0461b6570e0f43ea21bbd05a6085,train,data/extracted/data/images/train/GOPR7177_JPG.rf.44dc0461b6570e0f43ea21bbd05a6085.jpg,data/extracted/data/labels/train/GOPR7177_JPG.rf.44dc0461b6570e0f43ea21bbd05a6085.txt,01adb470ca6022ceeff4c37025d72a4c394152d48b8f31e4d39f47afe93da928
train/GOPR7178_JPG.rf.db38a2c0a6c3029441e1b99aefe81b09,train,data/extracted/data/images/train/GOPR7178_JPG.rf.db38a2c0a6c3029441e1b99aefe81b09.jpg,data/extracted/data/labels/train/GOPR7178_JPG.rf.db38a2c0a6c3029441e1b99aefe81b09.txt,503fed16132362f046acf9d5f2dd5ac41199f53436b7e82dea4d7c3bdce37cca
train/GOPR7179_JPG.rf.c4f6c0d91d75b736b66b7ab002387a1f,train,data/extracted/data/images/train/GOPR7179_JPG.rf.c4f6c0d91d75b736b66b7ab002387a1f.jpg,data/extracted/data/labels/train/GOPR7179_JPG.rf.c4f6c0d91d75b736b66b7ab002387a1f.txt,5e84744960dd30c9b81ae8fcee56a7e015fa4c6a3c9cb80270a25c2242102f73
train/GOPR7180_JPG.rf.e928b8463cb6246e34c4f64fc0ab8ee5,train,data/extracted/data/images/train/GOPR7180_JPG.rf.e928b8463cb6246e34c4f64fc0ab8ee5.jpg,data/extracted/data/labels/train/GOPR7180_JPG.rf.e928b8463cb6246e34c4f64fc0ab8ee5.txt,dc231e979644597a559b89a553074e059b822eaedd3191ecb13c0d2944112d06
train/GOPR7181_JPG.rf.9e92963bdbeb255bce804b63fc82da2a,train,data/extracted/data/images/train/GOPR7181_JPG.rf.9e92963bdbeb255bce804b63fc82da2a.jpg,data/extracted/data/labels/train/GOPR7181_JPG.rf.9e92963bdbeb255bce804b63fc82da2a.txt,8b51fe8fe40c9a9a936fe224abab1d6bac8906f9784c6f142a8672d1589de867
train/GOPR7182_JPG.rf.e9f8f7f8b550531a9c5a44bcc74e6add,train,data/extracted/data/images/train/GOPR7182_JPG.rf.e9f8f7f8b550531a9c5a44bcc74e6add.jpg,data/extracted/data/labels/train/GOPR7182_JPG.rf.e9f8f7f8b550531a9c5a44bcc74e6add.txt,44d75e51963eb116fcaa6dfbf6463b6379447b8b7fd6b33c47a8e544487798b3
train/GOPR7183_JPG.rf.4fba64a8744fb8a33a07d8111fdeeded,train,data/extracted/data/images/train/GOPR7183_JPG.rf.4fba64a8744fb8a33a07d8111fdeeded.jpg,data/extracted/data/labels/train/GOPR7183_JPG.rf.4fba64a8744fb8a33a07d8111fdeeded.txt,a2b45715d36ad75cd56485bbc7f267c1bac74378add522c0f686579bd33a31a0
train/GOPR7185_JPG.rf.78df7f3672911203ddc6dab44f79317c,train,data/extracted/data/images/train/GOPR7185_JPG.rf.78df7f3672911203ddc6dab44f79317c.jpg,data/extracted/data/labels/train/GOPR7185_JPG.rf.78df7f3672911203ddc6dab44f79317c.txt,24f9e0a40941a9fba7d6604b3d530e5f3bb8921c0efc514f1160e94dbc033d01
train/GOPR7186_JPG.rf.91ebe9c9c9355bd4b8141f3f4802539c,train,data/extracted/data/images/train/GOPR7186_JPG.rf.91ebe9c9c9355bd4b8141f3f4802539c.jpg,data/extracted/data/labels/train/GOPR7186_JPG.rf.91ebe9c9c9355bd4b8141f3f4802539c.txt,08f10f10c92b27c5b3e9cd34953d657eaa507140f1412cbd5fc6c32db83d7adb
train/GOPR7188_JPG.rf.91baf62488fe1cdfd90f257f7400f145,train,data/extracted/data/images/train/GOPR7188_JPG.rf.91baf62488fe1cdfd90f257f7400f145.jpg,data/extracted/data/labels/train/GOPR7188_JPG.rf.91baf62488fe1cdfd90f257f7400f145.txt,748f1e7f1276b7fb474ba784365856f3a64771a0f74fd0e3a03347dfc0199dea
train/GOPR7189_JPG.rf.956c723d62c6d0092682f74357b52095,train,data/extracted/data/images/train/GOPR7189_JPG.rf.956c723d62c6d0092682f74357b52095.jpg,data/extracted/data/labels/train/GOPR7189_JPG.rf.956c723d62c6d0092682f74357b52095.txt,fd9194b70cd5d3ef24a81b24f49d0e54f1498d05affe646893e9ad132102d8fe
train/GOPR7190_JPG.rf.e12d8fd65e89f282c34de90de3837119,train,data/extracted/data/images/train/GOPR7190_JPG.rf.e12d8fd65e89f282c34de90de3837119.jpg,data/extracted/data/labels/train/GOPR7190_JPG.rf.e12d8fd65e89f282c34de90de3837119.txt,26276bd22d230c47bf537cf7897333dbd010ee7987226b63fa7f32cee06e6421
train/GOPR7191_JPG.rf.de4d184d6743850298badf9460ff2477,train,data/extracted/data/images/train/GOPR7191_JPG.rf.de4d184d6743850298badf9460ff2477.jpg,data/extracted/data/labels/train/GOPR7191_JPG.rf.de4d184d6743850298badf9460ff2477.txt,79c312ddf05b0ac43bce1323591ac0643c57716ea57b5a399093f3b794ff4a0a
train/GOPR7192_JPG.rf.e8ff0611d1bfb4373d273cd10c7c08ea,train,data/extracted/data/images/train/GOPR7192_JPG.rf.e8ff0611d1bfb4373d273cd10c7c08ea.jpg,data/extracted/data/labels/train/GOPR7192_JPG.rf.e8ff0611d1bfb4373d273cd10c7c08ea.txt,06c6cea1ae60f874b5c52b7eb74532de6edda3158ae873e3c17c3dfb581f4e01
train/GOPR7193_JPG.rf.774179484493c5de83cd7626761b1a09,train,data/extracted/data/images/train/GOPR7193_JPG.rf.774179484493c5de83cd7626761b1a09.jpg,data/extracted/data/labels/train/GOPR7193_JPG.rf.774179484493c5de83cd7626761b1a09.txt,ebbf854cec237f59a3fd2e4bc63e18b3ae034b8e2a63be4eb2e9936c0a1e986d
train/GOPR7194_JPG.rf.eba32d41d452c87d58abbd983c44b907,train,data/extracted/data/images/train/GOPR7194_JPG.rf.eba32d41d452c87d58abbd983c44b907.jpg,data/extracted/data/labels/train/GOPR7194_JPG.rf.eba32d41d452c87d58abbd983c44b907.txt,fdffbfe8a2c3b634b88094a46319976c9fbd9d1969c126917a377cb2e5880332
train/GOPR7195_JPG.rf.5c9f7d2c90f4bdd9964a4b8a481391b4,train,data/extracted/data/images/train/GOPR7195_JPG.rf.5c9f7d2c90f4bdd9964a4b8a481391b4.jpg,data/extracted/data/labels/train/GOPR7195_JPG.rf.5c9f7d2c90f4bdd9964a4b8a481391b4.txt,58534622dc818e754bfd0b5e3f60e900dc587e6d29adca8a84aaf8f36cb6f028
train/GOPR7196_JPG.rf.d23db4dc7db64926c139bee4cbe4b646,train,data/extracted/data/images/train/GOPR7196_JPG.rf.d23db4dc7db64926c139bee4cbe4b646.jpg,data/extracted/data/labels/train/GOPR7196_JPG.rf.d23db4dc7db64926c139bee4cbe4b646.txt,47ab8e4528add9da1ee9b82d2ef15c782b8fec97094c15fc66f1ee180687f0d4
train/GOPR7197_JPG.rf.5720b4a6f9e31d1875ea4622bb4c6bfa,train,data/extracted/data/images/train/GOPR7197_JPG.rf.5720b4a6f9e31d1875ea4622bb4c6bfa.jpg,data/extracted/data/labels/train/GOPR7197_JPG.rf.5720b4a6f9e31d1875ea4622bb4c6bfa.txt,7227fe1018e1909fb8c1e730bf5eebb1f16d1f0856f9aba5b240dddfbd588638
train/GOPR7200_JPG.rf.c25ae449a2ae545de95ec41b9bfb64aa,train,data/extracted/data/images/train/GOPR7200_JPG.rf.c25ae449a2ae545de95ec41b9bfb64aa.jpg,data/extracted/data/labels/train/GOPR7200_JPG.rf.c25ae449a2ae545de95ec41b9bfb64aa.txt,922c537cf2556855209837278da540b3975ff841d350bc37065f9c7e3be0bba3
train/GOPR7202_JPG.rf.1d6400c18b427ac82023beab8ad9b5d0,train,data/extracted/data/images/train/GOPR7202_JPG.rf.1d6400c18b427ac82023beab8ad9b5d0.jpg,data/extracted/data/labels/train/GOPR7202_JPG.rf.1d6400c18b427ac82023beab8ad9b5d0.txt,5b790b5e42f43998d3e2a5b8b8e95e7105cc3c08e1dccaafdc261fe538784106
train/GOPR7205_JPG.rf.2ee42068caf87de3ff0e960198112ca4,train,data/extracted/data/images/train/GOPR7205_JPG.rf.2ee42068caf87de3ff0e960198112ca4.jpg,data/extracted/data/labels/train/GOPR7205_JPG.rf.2ee42068caf87de3ff0e960198112ca4.txt,b89a50289cd01e66d3b83654ada473a3f453d9234b4a4c25a97f7ca73a99bff6
train/GOPR7206_JPG.rf.0ba494e7549d932b75206659f66c6e0b,train,data/extracted/data/images/train/GOPR7206_JPG.rf.0ba494e7549d932b75206659f66c6e0b.jpg,data/extracted/data/labels/train/GOPR7206_JPG.rf.0ba494e7549d932b75206659f66c6e0b.txt,bdd2f8a27ff139a10535ae6177db144ade4076d79092cc112ab0e81b68d7b35f
train/GOPR7208_JPG.rf.9b24cb73ec7f4b75070a42c4f46f80fb,train,data/extracted/data/images/train/GOPR7208_JPG.rf.9b24cb73ec7f4b75070a42c4f46f80fb.jpg,data/extracted/data/labels/train/GOPR7208_JPG.rf.9b24cb73ec7f4b75070a42c4f46f80fb.txt,cc06e5802b8cdfec9ee387580c86e8fe2e9a553a369dde2c621f279b055f511d
train/GOPR7209_JPG.rf.7e0906fc479ae5ee07f78f43cbbf9fff,train,data/extracted/data/images/train/GOPR7209_JPG.rf.7e0906fc479ae5ee07f78f43cbbf9fff.jpg,data/extracted/data/labels/train/GOPR7209_JPG.rf.7e0906fc479ae5ee07f78f43cbbf9fff.txt,76095903e39ab90ad2e1afeb88930c84c857726ef72f844a85e167f5a7f9fec6
train/GOPR7210_JPG.rf.9043c6be22e0eec6e39b5e99329460f0,train,data/extracted/data/images/train/GOPR7210_JPG.rf.9043c6be22e0eec6e39b5e99329460f0.jpg,data/extracted/data/labels/train/GOPR7210_JPG.rf.9043c6be22e0eec6e39b5e99329460f0.txt,6aaf4316ef001eea9f21c3641312aab0a3c6045c1550596b993dec21d6f4dd2a
train/GOPR7211_JPG.rf.7f2c9d612d767487e0936c5fa9f4bae7,train,data/extracted/data/images/train/GOPR7211_JPG.rf.7f2c9d612d767487e0936c5fa9f4bae7.jpg,data/extracted/data/labels/train/GOPR7211_JPG.rf.7f2c9d612d767487e0936c5fa9f4bae7.txt,4fc794d563afa09f49ab8bc31ed399832c7bd875fbc3deba41f515a3a56396a5
train/GOPR7212_JPG.rf.f09a171107a95d78c65ac2c203a22e07,train,data/extracted/data/images/train/GOPR7212_JPG.rf.f09a171107a95d78c65ac2c203a22e07.jpg,data/extracted/data/labels/train/GOPR7212_JPG.rf.f09a171107a95d78c65ac2c203a22e07.txt,354ed88714aef5ac2ae004746db9adc9a1f89d0510cd195cd0225bcbd82fac8e
train/GOPR7213_JPG.rf.eae112799933dc7ad5daf597013c12a8,train,data/extracted/data/images/train/GOPR7213_JPG.rf.eae112799933dc7ad5daf597013c12a8.jpg,data/extracted/data/labels/train/GOPR7213_JPG.rf.eae112799933dc7ad5daf597013c12a8.txt,2d7a41664f5a0c98c0bd01b61e8f02f03322640e8c275683942bcf2ac0b0a2f9
train/GOPR7214_JPG.rf.d348dd9e82043052c645971438afb88d,train,data/extracted/data/images/train/GOPR7214_JPG.rf.d348dd9e82043052c645971438afb88d.jpg,data/extracted/data/labels/train/GOPR7214_JPG.rf.d348dd9e82043052c645971438afb88d.txt,948f1af2f20843df0c8722ab0233c2649a5963134ac713f4d281760dd296f119
train/GOPR7215_JPG.rf.a3e24f5618fc353a3be3406cb032bbeb,train,data/extracted/data/images/train/GOPR7215_JPG.rf.a3e24f5618fc353a3be3406cb032bbeb.jpg,data/extracted/data/labels/train/GOPR7215_JPG.rf.a3e24f5618fc353a3be3406cb032bbeb.txt,b707a8226f49789d06c283ae7de00c057d20bebdcb4ca80c5df5320342444eba
train/GOPR7216_JPG.rf.71c29ffb75188655dc5ba79a57b50146,train,data/extracted/data/images/train/GOPR7216_JPG.rf.71c29ffb75188655dc5ba79a57b50146.jpg,data/extracted/data/labels/train/GOPR7216_JPG.rf.71c29ffb75188655dc5ba79a57b50146.txt,61702a8d16c06cd64090d8a8b41763dcab25bbe7a84c40efd7f90bf0db4373b3
train/GOPR7218_JPG.rf.11bbc40761423246f55f23e081bf724a,train,data/extracted/data/images/train/GOPR7218_JPG.rf.11bbc40761423246f55f23e081bf724a.jpg,data/extracted/data/labels/train/GOPR7218_JPG.rf.11bbc40761423246f55f23e081bf724a.txt,d368df21a2dab74a4fd883f1ac07b4b5a8f581b346215c732da21a104be61f64
train/GOPR7219_JPG.rf.051f85a3703fa2795fffcafd97da966d,train,data/extracted/data/images/train/GOPR7219_JPG.rf.051f85a3703fa2795fffcafd97da966d.jpg,data/extracted/data/labels/train/GOPR7219_JPG.rf.051f85a3703fa2795fffcafd97da966d.txt,1b614c270ed14010d8a83b233979aef85a63bc279b3e9c51ee15a31a87f1bcd1
train/GOPR7223_JPG.rf.b74cb1e45a359654010b30ec9b92ada8,train,data/extracted/data/images/train/GOPR7223_JPG.rf.b74cb1e45a359654010b30ec9b92ada8.jpg,data/extracted/data/labels/train/GOPR7223_JPG.rf.b74cb1e45a359654010b30ec9b92ada8.txt,9d140cf83fefef62951b54144a3fb27110e52eb5a70ec216b293cb328d4ad072
train/GOPR7224_JPG.rf.e863073bf7d6896ec66715cd05af39c1,train,data/extracted/data/images/train/GOPR7224_JPG.rf.e863073bf7d6896ec66715cd05af39c1.jpg,data/extracted/data/labels/train/GOPR7224_JPG.rf.e863073bf7d6896ec66715cd05af39c1.txt,049e8a4738b4d13fc97e680f2de9b24d7d46244bc96b87f77b24f7a960f7732e
train/GOPR7228_JPG.rf.08f9c56f6ff47078d4ae11a0afa5d5aa,train,data/extracted/data/images/train/GOPR7228_JPG.rf.08f9c56f6ff47078d4ae11a0afa5d5aa.jpg,data/extracted/data/labels/train/GOPR7228_JPG.rf.08f9c56f6ff47078d4ae11a0afa5d5aa.txt,604058903238c2e553a85a877589d3d6cf155e9f2e2deb2da2c6c1e31448fc72
train/GOPR7229_JPG.rf.aae9a515e79045a1aae840ddf8776eed,train,data/extracted/data/images/train/GOPR7229_JPG.rf.aae9a515e79045a1aae840ddf8776eed.jpg,data/extracted/data/labels/train/GOPR7229_JPG.rf.aae9a515e79045a1aae840ddf8776eed.txt,5bece9a4f6e0d9cda9f04757d67b05912e70d7f46befca678c223dc812dff14e
train/GOPR7230_JPG.rf.a349cdce63dbe20bc3d1de36794912d9,train,data/extracted/data/images/train/GOPR7230_JPG.rf.a349cdce63dbe20bc3d1de36794912d9.jpg,data/extracted/data/labels/train/GOPR7230_JPG.rf.a349cdce63dbe20bc3d1de36794912d9.txt,5c2f6ff7fb1932d29dca9c69b2a7561b27a533c9811bc8024b7690475dca8e60
train/GOPR7231_JPG.rf.74dd368e445576b6851484b6aa2bbf77,train,data/extracted/data/images/train/GOPR7231_JPG.rf.74dd368e445576b6851484b6aa2bbf77.jpg,data/extracted/data/labels/train/GOPR7231_JPG.rf.74dd368e445576b6851484b6aa2bbf77.txt,e6b0a846721816affe021dec1090b98b4f04299d05ff7b110fdfc62de981e528
train/GOPR7232_JPG.rf.0752575c3a13221bed17491c0d544861,train,data/extracted/data/images/train/GOPR7232_JPG.rf.0752575c3a13221bed17491c0d544861.jpg,data/extracted/data/labels/train/GOPR7232_JPG.rf.0752575c3a13221bed17491c0d544861.txt,93eea7ea40e9e2525af139cb2b7e9352443141bcfd3d3b39efc0eb64a0ff79c4
train/GOPR7233_JPG.rf.98eae885c4ceabd47dcabd655b42d8f9,train,data/extracted/data/images/train/GOPR7233_JPG.rf.98eae885c4ceabd47dcabd655b42d8f9.jpg,data/extracted/data/labels/train/GOPR7233_JPG.rf.98eae885c4ceabd47dcabd655b42d8f9.txt,ac89176e03e23f893c90b885260b64b39ae90b1b73f947ee7cb582bc6c8f0911
train/GOPR7235_JPG.rf.5cc296d48d7b3d5afdc4d3ed26d2e583,train,data/extracted/data/images/train/GOPR7235_JPG.rf.5cc296d48d7b3d5afdc4d3ed26d2e583.jpg,data/extracted/data/labels/train/GOPR7235_JPG.rf.5cc296d48d7b3d5afdc4d3ed26d2e583.txt,605fc9601ad99354540e5d8797d089dce27f4722b7b314082056794fc6573f50
train/GOPR7237_JPG.rf.c7a1804596e2cccd244c0a6cf910c334,train,data/extracted/data/images/train/GOPR7237_JPG.rf.c7a1804596e2cccd244c0a6cf910c334.jpg,data/extracted/data/labels/train/GOPR7237_JPG.rf.c7a1804596e2cccd244c0a6cf910c334.txt,e040e7d2d9ffeda7a0766f0e29469654015b6baba49bbe3acc14ddcb10f8ce90
train/GOPR7398_JPG.rf.c6f722b6d541cadba4ed83336b4c9f85,train,data/extracted/data/images/train/GOPR7398_JPG.rf.c6f722b6d541cadba4ed83336b4c9f85.jpg,data/extracted/data/labels/train/GOPR7398_JPG.rf.c6f722b6d541cadba4ed83336b4c9f85.txt,40d9d7df4e82ccf817d1e63927fb92087070d7cf9b35652118c3bb2966ef5a21
train/GOPR7400_JPG.rf.07892e224004c2599ee9ecb8d2dd9a28,train,data/extracted/data/images/train/GOPR7400_JPG.rf.07892e224004c2599ee9ecb8d2dd9a28.jpg,data/extracted/data/labels/train/GOPR7400_JPG.rf.07892e224004c2599ee9ecb8d2dd9a28.txt,544a757d2eb295c2c189512b19cea87b163b2b8c1da02abdb1bb2a24986a529a
train/GOPR7402_JPG.rf.670396c3ae0c5bba0ac1c16ecf240d29,train,data/extracted/data/images/train/GOPR7402_JPG.rf.670396c3ae0c5bba0ac1c16ecf240d29.jpg,data/extracted/data/labels/train/GOPR7402_JPG.rf.670396c3ae0c5bba0ac1c16ecf240d29.txt,27649242279cadffcc7921c043b4567082050999b831a22261c750f62ac0ee94
train/GOPR7405_JPG.rf.975c6ba2ccb61ac8e761cbcea1225502,train,data/extracted/data/images/train/GOPR7405_JPG.rf.975c6ba2ccb61ac8e761cbcea1225502.jpg,data/extracted/data/labels/train/GOPR7405_JPG.rf.975c6ba2ccb61ac8e761cbcea1225502.txt,39b5c0ddc8585d3363865d9cf71b817dcf579331062b1076c8edf11ed6a1ae1e
train/GOPR7406_JPG.rf.b666e83c0b1a539b3cd647f2c1283716,train,data/extracted/data/images/train/GOPR7406_JPG.rf.b666e83c0b1a539b3cd647f2c1283716.jpg,data/extracted/data/labels/train/GOPR7406_JPG.rf.b666e83c0b1a539b3cd647f2c1283716.txt,f7990b26824f73dd22c2c2c30e6213cdd8030412488d47c407e5bc2a866fe8ef
train/GOPR7407_JPG.rf.0241ef9201e10b1522ba7d1662e06ace,train,data/extracted/data/images/train/GOPR7407_JPG.rf.0241ef9201e10b1522ba7d1662e06ace.jpg,data/extracted/data/labels/train/GOPR7407_JPG.rf.0241ef9201e10b1522ba7d1662e06ace.txt,227dfcb959ab8877965049a13fd309d00ef7d14f1105890a9008281de2dce2de
train/GOPR7409_JPG.rf.3ffcabeb9dd550415ff0e264d028e617,train,data/extracted/data/images/train/GOPR7409_JPG.rf.3ffcabeb9dd550415ff0e264d028e617.jpg,data/extracted/data/labels/train/GOPR7409_JPG.rf.3ffcabeb9dd550415ff0e264d028e617.txt,17b849ac0b47f1484a0b57657ad02bb54dd972394a2b863777b7a3dcc413fb3d
train/GOPR7410_JPG.rf.39f6089cf4340a6e2dc69c65fe0b677d,train,data/extracted/data/images/train/GOPR7410_JPG.rf.39f6089cf4340a6e2dc69c65fe0b677d.jpg,data/extracted/data/labels/train/GOPR7410_JPG.rf.39f6089cf4340a6e2dc69c65fe0b677d.txt,2fc87442ba0b4749ad23830c45f9e77160f9f173092238f3395b24fb72651fa3
train/GOPR7412_JPG.rf.9bb32cc7b3974db121099c8c867a0722,train,data/extracted/data/images/train/GOPR7412_JPG.rf.9bb32cc7b3974db121099c8c867a0722.jpg,data/extracted/data/labels/train/GOPR7412_JPG.rf.9bb32cc7b3974db121099c8c867a0722.txt,e6e6def9c837856031ae6f0d31d61519279538829b471d4a672e05ecb0c86ce1
train/GOPR7413_JPG.rf.e29976e14d7f8aeae82938ea8ac0eaf5,train,data/extracted/data/images/train/GOPR7413_JPG.rf.e29976e14d7f8aeae82938ea8ac0eaf5.jpg,data/extracted/data/labels/train/GOPR7413_JPG.rf.e29976e14d7f8aeae82938ea8ac0eaf5.txt,d849a6550d85c9c4cbb1e23a96571da0abd294e48ba4fca736791a8095fdec0f
train/GOPR7414_JPG.rf.bc03fec25bd19d6a3985467caa0c7849,train,data/extracted/data/images/train/GOPR7414_JPG.rf.bc03fec25bd19d6a3985467caa0c7849.jpg,data/extracted/data/labels/train/GOPR7414_JPG.rf.bc03fec25bd19d6a3985467caa0c7849.txt,6c50f51eee46ea12663d3d283c9c82161e746e3b6bb75f4fdc13c711f8364a20
train/GOPR7418_JPG.rf.09c5c6ea08442d05397542ec6b32d421,train,data/extracted/data/images/train/GOPR7418_JPG.rf.09c5c6ea08442d05397542ec6b32d421.jpg,data/extracted/data/labels/train/GOPR7418_JPG.rf.09c5c6ea08442d05397542ec6b32d421.txt,9d45fdaff6ac2938c6088019e4f11b4e0089e4f4d3d1290569924f27337b10c6
train/GOPR7425_JPG.rf.c8a9cf2c3e77522b4ac4fba8275d65c2,train,data/extracted/data/images/train/GOPR7425_JPG.rf.c8a9cf2c3e77522b4ac4fba8275d65c2.jpg,data/extracted/data/labels/train/GOPR7425_JPG.rf.c8a9cf2c3e77522b4ac4fba8275d65c2.txt,a04e306fc80d806ceb8e828112aaaafec24a9acd6a744ba3164ca1754ff0d2cb
train/GOPR7426_JPG.rf.acfe99cc0ef647e0f2572787629672f5,train,data/extracted/data/images/train/GOPR7426_JPG.rf.acfe99cc0ef647e0f2572787629672f5.jpg,data/extracted/data/labels/train/GOPR7426_JPG.rf.acfe99cc0ef647e0f2572787629672f5.txt,273af8341046cd69fa9402be552d1a152da898e6b1d4e4c1229c6f6c24f60b0c
train/GOPR7428_JPG.rf.526ac28ab48962b1a4d09cecb120f275,train,data/extracted/data/images/train/GOPR7428_JPG.rf.526ac28ab48962b1a4d09cecb120f275.jpg,data/extracted/data/labels/train/GOPR7428_JPG.rf.526ac28ab48962b1a4d09cecb120f275.txt,cc6db5739ee87078205d995b0940f6983551e31d1ee09d70ecbbd7f3830c8131
train/GOPR7429_JPG.rf.2b0ebe67ed22cfdad18304ae18406912,train,data/extracted/data/images/train/GOPR7429_JPG.rf.2b0ebe67ed22cfdad18304ae18406912.jpg,data/extracted/data/labels/train/GOPR7429_JPG.rf.2b0ebe67ed22cfdad18304ae18406912.txt,0c2fa3f146d4f5f764a24aeb0a8d245889622577ac28db4b35b05d434ae9132c
train/GOPR7430_JPG.rf.b1c8b665eb8894a3da072b389cd9d6f2,train,data/extracted/data/images/train/GOPR7430_JPG.rf.b1c8b665eb8894a3da072b389cd9d6f2.jpg,data/extracted/data/labels/train/GOPR7430_JPG.rf.b1c8b665eb8894a3da072b389cd9d6f2.txt,52a959df716d625e4db0d6661220677bbf85be124d723fa7e3b40f518be908ba
train/GOPR7431_JPG.rf.719eaa95278cd89094cc11643494f1d2,train,data/extracted/data/images/train/GOPR7431_JPG.rf.719eaa95278cd89094cc11643494f1d2.jpg,data/extracted/data/labels/train/GOPR7431_JPG.rf.719eaa95278cd89094cc11643494f1d2.txt,0c97e68263a41a10320fa38d4e802427a1a658a6e3e99cc14d5860ff978b0cb7
train/GOPR7432_JPG.rf.ba746b61f3e5643acfe5c623675900a7,train,data/extracted/data/images/train/GOPR7432_JPG.rf.ba746b61f3e5643acfe5c623675900a7.jpg,data/extracted/data/labels/train/GOPR7432_JPG.rf.ba746b61f3e5643acfe5c623675900a7.txt,5d19dc5f34e684939eb75327f51b624a6f90e13c7c9d8484c136488d8c04a404
train/GOPR7434_JPG.rf.40022025b18a90ecdfe2ff8402e2605b,train,data/extracted/data/images/train/GOPR7434_JPG.rf.40022025b18a90ecdfe2ff8402e2605b.jpg,data/extracted/data/labels/train/GOPR7434_JPG.rf.40022025b18a90ecdfe2ff8402e2605b.txt,876416eec67da897be094dacab738eb01cdadb349749d9cad3a8db0430d8555b
train/GOPR7436_JPG.rf.1a45532afe291347508aaeb7f52318c6,train,data/extracted/data/images/train/GOPR7436_JPG.rf.1a45532afe291347508aaeb7f52318c6.jpg,data/extracted/data/labels/train/GOPR7436_JPG.rf.1a45532afe291347508aaeb7f52318c6.txt,c001049b161bf20ecc04059dbc58f315ec579e524d51830cf2a0296d811f643b
train/GOPR7437_JPG.rf.289ab7157a8307fb63809619388ed3a7,train,data/extracted/data/images/train/GOPR7437_JPG.rf.289ab7157a8307fb63809619388ed3a7.jpg,data/extracted/data/labels/train/GOPR7437_JPG.rf.289ab7157a8307fb63809619388ed3a7.txt,5cdfadac8730c3e71e7309fc6813c819645e3e48ef15e84208043e4eab3608d2
train/GOPR7438_JPG.rf.1fdbe3a9b55609f7f9e0976b3faf3e19,train,data/extracted/data/images/train/GOPR7438_JPG.rf.1fdbe3a9b55609f7f9e0976b3faf3e19.jpg,data/extracted/data/labels/train/GOPR7438_JPG.rf.1fdbe3a9b55609f7f9e0976b3faf3e19.txt,c611ddb2d487553e3f653088d36d9919e032d9fd8a5cc923da2e6c0f49d4ad74
train/GOPR7439_JPG.rf.91d75c8dfe849390e9e5e108b1f168a5,train,data/extracted/data/images/train/GOPR7439_JPG.rf.91d75c8dfe849390e9e5e108b1f168a5.jpg,data/extracted/data/labels/train/GOPR7439_JPG.rf.91d75c8dfe849390e9e5e108b1f168a5.txt,f5ce7f63eb9ede88e6b01e388a9ce290a4f9c03cc714236248b84f72cd6a95a3
train/GOPR7440_JPG.rf.30b083fdcf1c027c984efa37fbe4d96a,train,data/extracted/data/images/train/GOPR7440_JPG.rf.30b083fdcf1c027c984efa37fbe4d96a.jpg,data/extracted/data/labels/train/GOPR7440_JPG.rf.30b083fdcf1c027c984efa37fbe4d96a.txt,6329616a9fef8edcb3aa687b14dd6d1d9597c485a0fca6ea77daa7ace625db3c
train/GOPR7441_JPG.rf.5f617e080d57617b7e6ef7466bcd5f97,train,data/extracted/data/images/train/GOPR7441_JPG.rf.5f617e080d57617b7e6ef7466bcd5f97.jpg,data/extracted/data/labels/train/GOPR7441_JPG.rf.5f617e080d57617b7e6ef7466bcd5f97.txt,e7faaf6648d6851722058b3215c19da496f7c223c6e4b9d3dd3e8f0c273455fd
train/GOPR7443_JPG.rf.14e7c22fc4f46b974528fa8a58f73dd2,train,data/extracted/data/images/train/GOPR7443_JPG.rf.14e7c22fc4f46b974528fa8a58f73dd2.jpg,data/extracted/data/labels/train/GOPR7443_JPG.rf.14e7c22fc4f46b974528fa8a58f73dd2.txt,56c7f6a13cd75d3ebe0ca58644e52c1a52267b2cfda962a1e2bc55246a4a9f3c
train/GOPR7444_JPG.rf.055915b4966544cbe10aa3d70c734256,train,data/extracted/data/images/train/GOPR7444_JPG.rf.055915b4966544cbe10aa3d70c734256.jpg,data/extracted/data/labels/train/GOPR7444_JPG.rf.055915b4966544cbe10aa3d70c734256.txt,200e5d3dc9358dd8d2869a0bfab0ff9bd1dbe4eb191cb11138a77e2fcc74062f
train/GOPR7447_JPG.rf.c2d389ddad9a45b05ed5cfef84594cc7,train,data/extracted/data/images/train/GOPR7447_JPG.rf.c2d389ddad9a45b05ed5cfef84594cc7.jpg,data/extracted/data/labels/train/GOPR7447_JPG.rf.c2d389ddad9a45b05ed5cfef84594cc7.txt,c7c0750277fb6bd5cc4b655549aa9e75a59b150c84ded03d1382cb00473e5404
train/GOPR7448_JPG.rf.893a9e78b5afa70ba2e965066e42d51b,train,data/extracted/data/images/train/GOPR7448_JPG.rf.893a9e78b5afa70ba2e965066e42d51b.jpg,data/extracted/data/labels/train/GOPR7448_JPG.rf.893a9e78b5afa70ba2e965066e42d51b.txt,5656b7db35c7d84695922b52d9b39929128195663c7f89f739b7fd3251304d1c
train/GOPR7449_JPG.rf.d4ba728fdae6e243736caf0f0199a265,train,data/extracted/data/images/train/GOPR7449_JPG.rf.d4ba728fdae6e243736caf0f0199a265.jpg,data/extracted/data/labels/train/GOPR7449_JPG.rf.d4ba728fdae6e243736caf0f0199a265.txt,d6d768c492fc421a55169b8c8ea7938e110f8f440aee1bcc2baa1067835801b8
train/GOPR7450_JPG.rf.5c03ac095648c8dad386bddb5b4d4cc7,train,data/extracted/data/images/train/GOPR7450_JPG.rf.5c03ac095648c8dad386bddb5b4d4cc7.jpg,data/extracted/data/labels/train/GOPR7450_JPG.rf.5c03ac095648c8dad386bddb5b4d4cc7.txt,5f41994131ea04eaf0e4d745ce4cc0e81caffc3a7e229ca8b4a2dca73d7ac23c
train/GOPR7451_JPG.rf.07b9c09bee345c7c1eec7ce4f2cf3466,train,data/extracted/data/images/train/GOPR7451_JPG.rf.07b9c09bee345c7c1eec7ce4f2cf3466.jpg,data/extracted/data/labels/train/GOPR7451_JPG.rf.07b9c09bee345c7c1eec7ce4f2cf3466.txt,a402790d79df470a10d61059466cd2535f799b5ff2eb6d3552e886b7e9835df8
train/GOPR7452_JPG.rf.c26ed5318479361cb40004d58bdb0126,train,data/extracted/data/images/train/GOPR7452_JPG.rf.c26ed5318479361cb40004d58bdb0126.jpg,data/extracted/data/labels/train/GOPR7452_JPG.rf.c26ed5318479361cb40004d58bdb0126.txt,8790f8bcf27d3753525772ef3d3f674431f8c23064b6877c15f48e625b3b2d5a
train/GOPR7453_JPG.rf.4680885f34a2f906d2c5a502b6a1ad63,train,data/extracted/data/images/train/GOPR7453_JPG.rf.4680885f34a2f906d2c5a502b6a1ad63.jpg,data/extracted/data/labels/train/GOPR7453_JPG.rf.4680885f34a2f906d2c5a502b6a1ad63.txt,ee505ee1903f8061788b4feb64928c444fc682252f51bec2634a0e142e0da642
train/GOPR7454_JPG.rf.11da648521819dd9e94abf7e55baf267,train,data/extracted/data/images/train/GOPR7454_JPG.rf.11da648521819dd9e94abf7e55baf267.jpg,data/extracted/data/labels/train/GOPR7454_JPG.rf.11da648521819dd9e94abf7e55baf267.txt,e6d5082732d8b049c6ea9b28fd5d3db3930223288b5b524fbe81e0ca27bf965a
train/GOPR7455_JPG.rf.407087728175f6cd54e235e382803b5a,train,data/extracted/data/images/train/GOPR7455_JPG.rf.407087728175f6cd54e235e382803b5a.jpg,data/extracted/data/labels/train/GOPR7455_JPG.rf.407087728175f6cd54e235e382803b5a.txt,7145b6360dc2ded885dd04a84c14523c4c5e5f7286a1a551d97f910a6bc8bd53
train/GOPR7456_JPG.rf.811b41743e45fd265f8f446fbd2a8595,train,data/extracted/data/images/train/GOPR7456_JPG.rf.811b41743e45fd265f8f446fbd2a8595.jpg,data/extracted/data/labels/train/GOPR7456_JPG.rf.811b41743e45fd265f8f446fbd2a8595.txt,b904f5177240e39baa6861cd992b5c16eb03fd8986e3e7fadbdf580cd739fbe2
train/GOPR7457_JPG.rf.ba4fb8e80a5ae22b118b88edc0895216,train,data/extracted/data/images/train/GOPR7457_JPG.rf.ba4fb8e80a5ae22b118b88edc0895216.jpg,data/extracted/data/labels/train/GOPR7457_JPG.rf.ba4fb8e80a5ae22b118b88edc0895216.txt,d9c16fb8f9174e1c0cc2fff08d012072ab963b7791e5231821b220beb43f1c08
train/GOPR7459_JPG.rf.a536852962a7bce35cb1ce355b2b8fc7,train,data/extracted/data/images/train/GOPR7459_JPG.rf.a536852962a7bce35cb1ce355b2b8fc7.jpg,data/extracted/data/labels/train/GOPR7459_JPG.rf.a536852962a7bce35cb1ce355b2b8fc7.txt,6fa727066364178212a124f0d09a30c0c6bf067b89963a8495c3040e7927cd27
train/GOPR7460_JPG.rf.918191c0f3a59e0d761d96a305748e99,train,data/extracted/data/images/train/GOPR7460_JPG.rf.918191c0f3a59e0d761d96a305748e99.jpg,data/extracted/data/labels/train/GOPR7460_JPG.rf.918191c0f3a59e0d761d96a305748e99.txt,3d14c312462c0d6f501ffefbf66171be09135fb6b257375b5e7c0f9515a1af43
train/GOPR7462_JPG.rf.0489ba0e3a8d83ba294b7e2cddc9c639,train,data/extracted/data/images/train/GOPR7462_JPG.rf.0489ba0e3a8d83ba294b7e2cddc9c639.jpg,data/extracted/data/labels/train/GOPR7462_JPG.rf.0489ba0e3a8d83ba294b7e2cddc9c639.txt,b0beb0d377c8ebe99037b190934445b84a82b9a0bd0d1c4eec69dc461e3c8424
train/GOPR7463_JPG.rf.8f8cd515edd6f07160daf499a1529188,train,data/extracted/data/images/train/GOPR7463_JPG.rf.8f8cd515edd6f07160daf499a1529188.jpg,data/extracted/data/labels/train/GOPR7463_JPG.rf.8f8cd515edd6f07160daf499a1529188.txt,792ba5771c0b4fdd9eeaf83b1ebf7a3c0870df9cc25dc7eeef1a4c0d50ee7a6d
train/GOPR7464_JPG.rf.0481534daffdd73fb66853aad7eebc32,train,data/extracted/data/images/train/GOPR7464_JPG.rf.0481534daffdd73fb66853aad7eebc32.jpg,data/extracted/data/labels/train/GOPR7464_JPG.rf.0481534daffdd73fb66853aad7eebc32.txt,b057678a0d8f3fe1e573a7749089e9933d9c4181a05d26673be7a03d8ad712c2
train/GOPR7466_JPG.rf.be46ba36ecfc4c9fc853028ec44a6c7a,train,data/extracted/data/images/train/GOPR7466_JPG.rf.be46ba36ecfc4c9fc853028ec44a6c7a.jpg,data/extracted/data/labels/train/GOPR7466_JPG.rf.be46ba36ecfc4c9fc853028ec44a6c7a.txt,cb32d928dff4130d2e15f9deb4748e92b979caeee4ba4b277630864ac821df78
train/GOPR7468_JPG.rf.82e5881bd47eec4e8f9fe9b0c060c730,train,data/extracted/data/images/train/GOPR7468_JPG.rf.82e5881bd47eec4e8f9fe9b0c060c730.jpg,data/extracted/data/labels/train/GOPR7468_JPG.rf.82e5881bd47eec4e8f9fe9b0c060c730.txt,d82f22e4c668328f08133751945eeeaeb0fdea3302771193af237e0d61c39004
train/GOPR7469_JPG.rf.2e12df7d241d73d6bb9f03c371aa4a61,train,data/extracted/data/images/train/GOPR7469_JPG.rf.2e12df7d241d73d6bb9f03c371aa4a61.jpg,data/extracted/data/labels/train/GOPR7469_JPG.rf.2e12df7d241d73d6bb9f03c371aa4a61.txt,89b5ae37e0f92ebb823c2a2680c5d9b48cc145490dbbe949a6564e4740c5e9e4
train/GOPR7470_JPG.rf.bfb09f3ea9289b540b681f2736d7ec88,train,data/extracted/data/images/train/GOPR7470_JPG.rf.bfb09f3ea9289b540b681f2736d7ec88.jpg,data/extracted/data/labels/train/GOPR7470_JPG.rf.bfb09f3ea9289b540b681f2736d7ec88.txt,307aa47d88ab078304ffd14b2c4424dac65cc7a10c6458c08cc7242c715ebf1b
train/GOPR7471_JPG.rf.687a1caa8911982a31d95ce6848da24a,train,data/extracted/data/images/train/GOPR7471_JPG.rf.687a1caa8911982a31d95ce6848da24a.jpg,data/extracted/data/labels/train/GOPR7471_JPG.rf.687a1caa8911982a31d95ce6848da24a.txt,602793dc53b9f98cd91da3a6e91494ccffeb29acc74cfc15e3f1cb417443c4c2
train/GOPR7482_JPG.rf.a939ddfa240788b2df29f7bfae75d1cc,train,data/extracted/data/images/train/GOPR7482_JPG.rf.a939ddfa240788b2df29f7bfae75d1cc.jpg,data/extracted/data/labels/train/GOPR7482_JPG.rf.a939ddfa240788b2df29f7bfae75d1cc.txt,4aea54215f5e24eaaf6d5a57c29cb61501c3b8c2f580112c01bba2edc9705348
train/GOPR7483_JPG.rf.b7693544b92202b45caaacfa52362721,train,data/extracted/data/images/train/GOPR7483_JPG.rf.b7693544b92202b45caaacfa52362721.jpg,data/extracted/data/labels/train/GOPR7483_JPG.rf.b7693544b92202b45caaacfa52362721.txt,7674a969e37075a444af744ac09e4394cb96728163cdd3aa1f441409c0bc2c72
train/GOPR7484_JPG.rf.759172f99a34413a3d5baebb0cdbfe85,train,data/extracted/data/images/train/GOPR7484_JPG.rf.759172f99a34413a3d5baebb0cdbfe85.jpg,data/extracted/data/labels/train/GOPR7484_JPG.rf.759172f99a34413a3d5baebb0cdbfe85.txt,78ec1916780435bf1eb9673efa872879c9176bbfd341c1c1f50b3e88b243cd6f
train/GOPR7486_JPG.rf.622e009d5fe5292a1bc5d09d9ab87bcc,train,data/extracted/data/images/train/GOPR7486_JPG.rf.622e009d5fe5292a1bc5d09d9ab87bcc.jpg,data/extracted/data/labels/train/GOPR7486_JPG.rf.622e009d5fe5292a1bc5d09d9ab87bcc.txt,fbe011f3270eb9ab95edfd71eb6497ff1690576e657d86e802778e736d7d373d
train/GOPR7489_JPG.rf.7cfaa275246cd3d44e7de35d5a735cda,train,data/extracted/data/images/train/GOPR7489_JPG.rf.7cfaa275246cd3d44e7de35d5a735cda.jpg,data/extracted/data/labels/train/GOPR7489_JPG.rf.7cfaa275246cd3d44e7de35d5a735cda.txt,2b6850b25f1200b7af8587857b1871e76fe7c084cc4ad87af6dfe6045ac3cf46
train/GOPR7491_JPG.rf.a6809e549c29ebff4050695e77de5377,train,data/extracted/data/images/train/GOPR7491_JPG.rf.a6809e549c29ebff4050695e77de5377.jpg,data/extracted/data/labels/train/GOPR7491_JPG.rf.a6809e549c29ebff4050695e77de5377.txt,6cb79e35bce874deadb01dfbf0cc2c1459c513542bf018b288ea7453ef48aa6c
train/GOPR7492_JPG.rf.4b11a8feba7086aad7035c439b825b27,train,data/extracted/data/images/train/GOPR7492_JPG.rf.4b11a8feba7086aad7035c439b825b27.jpg,data/extracted/data/labels/train/GOPR7492_JPG.rf.4b11a8feba7086aad7035c439b825b27.txt,68b92c9f7a36980032b41a34b32b3d9d674e3e958e31f8c7957b03dd8f18357d
train/GOPR7493_JPG.rf.b4fdbb1380a349c2a5d519402e004e48,train,data/extracted/data/images/train/GOPR7493_JPG.rf.b4fdbb1380a349c2a5d519402e004e48.jpg,data/extracted/data/labels/train/GOPR7493_JPG.rf.b4fdbb1380a349c2a5d519402e004e48.txt,ca34bb0647f048b0800c74b2a289793cd7a47302dd4ecb8ec1965fba40300e15
train/GOPR7494_JPG.rf.1e5b203bb3b8e7e4b73a79c7e13c87d7,train,data/extracted/data/images/train/GOPR7494_JPG.rf.1e5b203bb3b8e7e4b73a79c7e13c87d7.jpg,data/extracted/data/labels/train/GOPR7494_JPG.rf.1e5b203bb3b8e7e4b73a79c7e13c87d7.txt,88103b512a12b1b9ca164dc4c5b5e3bd20b2de6550a8aacc25d71de7e35373aa
train/GOPR7497_JPG.rf.1cd8a28b2c1f2f48ce1739324960de8c,train,data/extracted/data/images/train/GOPR7497_JPG.rf.1cd8a28b2c1f2f48ce1739324960de8c.jpg,data/extracted/data/labels/train/GOPR7497_JPG.rf.1cd8a28b2c1f2f48ce1739324960de8c.txt,85aded140b916fd820d5075546424c7000c5e38fd5a5c3e19c2ddf9cfb69ae97
train/GOPR7502_JPG.rf.d105c13c4e1af95bf2b64ac41780d432,train,data/extracted/data/images/train/GOPR7502_JPG.rf.d105c13c4e1af95bf2b64ac41780d432.jpg,data/extracted/data/labels/train/GOPR7502_JPG.rf.d105c13c4e1af95bf2b64ac41780d432.txt,cd99dada176754e3a5b85093745f014d3ad42bc6239a4fb3665fe1f38e9f514e
train/GOPR7504_JPG.rf.e89b6691fd4f35ac8572d5b50db43a4a,train,data/extracted/data/images/train/GOPR7504_JPG.rf.e89b6691fd4f35ac8572d5b50db43a4a.jpg,data/extracted/data/labels/train/GOPR7504_JPG.rf.e89b6691fd4f35ac8572d5b50db43a4a.txt,f54b254bc19ae333ca3854b9a009933e5c3bb5dcd70cc528e95c5e4a33efc114
train/GOPR7507_JPG.rf.50e17d27f27d198d3f398409c1c899dc,train,data/extracted/data/images/train/GOPR7507_JPG.rf.50e17d27f27d198d3f398409c1c899dc.jpg,data/extracted/data/labels/train/GOPR7507_JPG.rf.50e17d27f27d198d3f398409c1c899dc.txt,11822b7909b8d41e68267b1c4593fbc83916d792f3af70b2b033852940c22b3b
train/GOPR7508_JPG.rf.e959880a4b80c17021a0e80669d76954,train,data/extracted/data/images/train/GOPR7508_JPG.rf.e959880a4b80c17021a0e80669d76954.jpg,data/extracted/data/labels/train/GOPR7508_JPG.rf.e959880a4b80c17021a0e80669d76954.txt,df4aecdc6a96af007b91b3d1cf0a1ee687dea2fcabca9277b61d5e3ec9da13d0
train/GOPR7510_JPG.rf.127723eeadf40c2052f039f1760d21fa,train,data/extracted/data/images/train/GOPR7510_JPG.rf.127723eeadf40c2052f039f1760d21fa.jpg,data/extracted/data/labels/train/GOPR7510_JPG.rf.127723eeadf40c2052f039f1760d21fa.txt,e4dec742f277a99fa5a6f3d64a5cffdec3c43162c74a544d3726c0c04ae85ce2
train/GOPR7511_JPG.rf.ee85fb2bebead59bbe1770fad7c3733f,train,data/extracted/data/images/train/GOPR7511_JPG.rf.ee85fb2bebead59bbe1770fad7c3733f.jpg,data/extracted/data/labels/train/GOPR7511_JPG.rf.ee85fb2bebead59bbe1770fad7c3733f.txt,2177acb8acfe757276fde2f20f5fb2cab04e599722b7a7c5021402616022a6ef
train/GOPR7514_JPG.rf.857a7f154ef256718b0b03128cb40567,train,data/extracted/data/images/train/GOPR7514_JPG.rf.857a7f154ef256718b0b03128cb40567.jpg,data/extracted/data/labels/train/GOPR7514_JPG.rf.857a7f154ef256718b0b03128cb40567.txt,9cff83563de2d3285333ff2dda72a35cbff78453df49b5d199b21d00f5849c41
train/GOPR7515_JPG.rf.ee14d1bc0226c97e468beecb0d895a77,train,data/extracted/data/images/train/GOPR7515_JPG.rf.ee14d1bc0226c97e468beecb0d895a77.jpg,data/extracted/data/labels/train/GOPR7515_JPG.rf.ee14d1bc0226c97e468beecb0d895a77.txt,76965c6901f03f4be0ef8e24fb1403e0c7f19d6176795f27b9bf8e9bfb7cb31b
train/GOPR7516_JPG.rf.7b511dee35785cfa08459c386a8595bd,train,data/extracted/data/images/train/GOPR7516_JPG.rf.7b511dee35785cfa08459c386a8595bd.jpg,data/extracted/data/labels/train/GOPR7516_JPG.rf.7b511dee35785cfa08459c386a8595bd.txt,8f2fe223514e9fd7a82714a55cc2b071f3f1539297defaf27f55d0671a100ff9
train/GOPR7517_JPG.rf.e9f0f74cfc0932fe3270133a353d0e28,train,data/extracted/data/images/train/GOPR7517_JPG.rf.e9f0f74cfc0932fe3270133a353d0e28.jpg,data/extracted/data/labels/train/GOPR7517_JPG.rf.e9f0f74cfc0932fe3270133a353d0e28.txt,406d19ced893b42aa35af4908f0fac717dff18212e058a8209bb190cdb699dba
train/GOPR7518_JPG.rf.036ffdef6ce73e99eba18bb3bc3855b0,train,data/extracted/data/images/train/GOPR7518_JPG.rf.036ffdef6ce73e99eba18bb3bc3855b0.jpg,data/extracted/data/labels/train/GOPR7518_JPG.rf.036ffdef6ce73e99eba18bb3bc3855b0.txt,4330be396b7aa4524cbcb7c23d9e132a72723462ad4dbcc122c4c1944f07ccc5
train/GOPR7519_JPG.rf.46c86aaf17fabae456f74308886c74e3,train,data/extracted/data/images/train/GOPR7519_JPG.rf.46c86aaf17fabae456f74308886c74e3.jpg,data/extracted/data/labels/train/GOPR7519_JPG.rf.46c86aaf17fabae456f74308886c74e3.txt,65f346b33864c26357b5c3fc256a6984fc69757903f7f6a49d84a55e7003de6b
train/GOPR7520_JPG.rf.19f67d8e22d3230eeac12ca8456f0aa9,train,data/extracted/data/images/train/GOPR7520_JPG.rf.19f67d8e22d3230eeac12ca8456f0aa9.jpg,data/extracted/data/labels/train/GOPR7520_JPG.rf.19f67d8e22d3230eeac12ca8456f0aa9.txt,7956367c5b606bed977d2bc915ff8ae2183f420711e3458bb43f49793cc1a0c6
train/GOPR7521_JPG.rf.3d61545e0df9002f10f65dd71f730aa2,train,data/extracted/data/images/train/GOPR7521_JPG.rf.3d61545e0df9002f10f65dd71f730aa2.jpg,data/extracted/data/labels/train/GOPR7521_JPG.rf.3d61545e0df9002f10f65dd71f730aa2.txt,6a8c162331d4e84f177ca087e0cd00d9bb02ba59925d5e14247251e76defe0d8
train/GOPR7523_JPG.rf.535e6fcd8714c1f9ae375069e5fefa8f,train,data/extracted/data/images/train/GOPR7523_JPG.rf.535e6fcd8714c1f9ae375069e5fefa8f.jpg,data/extracted/data/labels/train/GOPR7523_JPG.rf.535e6fcd8714c1f9ae375069e5fefa8f.txt,4d22eda164aea7e22defd7b08baae7dff52d59c8680a8326b1fa13486e8131c9
train/GOPR7525_JPG.rf.e390150a4a53129ba84c23c9631109bc,train,data/extracted/data/images/train/GOPR7525_JPG.rf.e390150a4a53129ba84c23c9631109bc.jpg,data/extracted/data/labels/train/GOPR7525_JPG.rf.e390150a4a53129ba84c23c9631109bc.txt,1736ca784fda34c3f04e397129d8d1c85a22fa91e136e0ec81765da668081eac
train/GOPR7527_JPG.rf.0330f2fb5ee29895fe8724ab8a0891d7,train,data/extracted/data/images/train/GOPR7527_JPG.rf.0330f2fb5ee29895fe8724ab8a0891d7.jpg,data/extracted/data/labels/train/GOPR7527_JPG.rf.0330f2fb5ee29895fe8724ab8a0891d7.txt,59c6d8243b11703a975a9e56ccc274ea2da594e30aaa9edf0e0700962a3445d0
train/GOPR7528_JPG.rf.b538c2fb96a38b69ebdb39da0c3d5394,train,data/extracted/data/images/train/GOPR7528_JPG.rf.b538c2fb96a38b69ebdb39da0c3d5394.jpg,data/extracted/data/labels/train/GOPR7528_JPG.rf.b538c2fb96a38b69ebdb39da0c3d5394.txt,5c380f24e23403629eb392a22d27cedec3d3eb03934206f3afdbabb32ea38bf3
train/GOPR7529_JPG.rf.c1b9333843bf0e51bfb7b02bc86b8a0d,train,data/extracted/data/images/train/GOPR7529_JPG.rf.c1b9333843bf0e51bfb7b02bc86b8a0d.jpg,data/extracted/data/labels/train/GOPR7529_JPG.rf.c1b9333843bf0e51bfb7b02bc86b8a0d.txt,aba19a0b3bdf592cca9646d45a6468f31e7b106a2ac91baf695d4957c9ee5e40
train/GOPR7530_JPG.rf.13ee3339037a31085920bca1caa65c59,train,data/extracted/data/images/train/GOPR7530_JPG.rf.13ee3339037a31085920bca1caa65c59.jpg,data/extracted/data/labels/train/GOPR7530_JPG.rf.13ee3339037a31085920bca1caa65c59.txt,ab07c1985e742f2b5e8a08cbbe410ad962c5f1aa67d409b875a23ed1432d9de4
train/GOPR7531_JPG.rf.884bd31121d474c6ad6e89bb9f865102,train,data/extracted/data/images/train/GOPR7531_JPG.rf.884bd31121d474c6ad6e89bb9f865102.jpg,data/extracted/data/labels/train/GOPR7531_JPG.rf.884bd31121d474c6ad6e89bb9f865102.txt,ccce59c6fbe0200ac3d373eff45627ff1efb21e01698d9eaa48dd56dae0c2ec4
train/GOPR7532_JPG.rf.d709cd8fcffb4c633d66c1ce7acd285f,train,data/extracted/data/images/train/GOPR7532_JPG.rf.d709cd8fcffb4c633d66c1ce7acd285f.jpg,data/extracted/data/labels/train/GOPR7532_JPG.rf.d709cd8fcffb4c633d66c1ce7acd285f.txt,12f1a60bb42b88d7d9113cdb2519dce610da554f6ca29618688d69034bf755a0
train/GOPR7533_JPG.rf.14e975f977104bd35d382d0f819c13c3,train,data/extracted/data/images/train/GOPR7533_JPG.rf.14e975f977104bd35d382d0f819c13c3.jpg,data/extracted/data/labels/train/GOPR7533_JPG.rf.14e975f977104bd35d382d0f819c13c3.txt,05038e7653c78f4c67b722ab95079e87cb7d6444fb827ce9d394bf97f7225abb
train/GOPR7534_JPG.rf.24ce765c1389cb10ac9f15665076dd99,train,data/extracted/data/images/train/GOPR7534_JPG.rf.24ce765c1389cb10ac9f15665076dd99.jpg,data/extracted/data/labels/train/GOPR7534_JPG.rf.24ce765c1389cb10ac9f15665076dd99.txt,597fea1c4959857b589a46e7181f5dee6a02de1b4daed196b1b96593c587e992
train/GOPR7535_JPG.rf.2ef6f51c89106fb5644baf5bbbd1af08,train,data/extracted/data/images/train/GOPR7535_JPG.rf.2ef6f51c89106fb5644baf5bbbd1af08.jpg,data/extracted/data/labels/train/GOPR7535_JPG.rf.2ef6f51c89106fb5644baf5bbbd1af08.txt,e816e1ec68069cc46601ec95c910a42daf39ade065c3c6d27618fd8db46ffaa0
train/GOPR7536_JPG.rf.a7f74c79fd11300c832a369e5dc3e061,train,data/extracted/data/images/train/GOPR7536_JPG.rf.a7f74c79fd11300c832a369e5dc3e061.jpg,data/extracted/data/labels/train/GOPR7536_JPG.rf.a7f74c79fd11300c832a369e5dc3e061.txt,d7b2bc217741ab30b6c6b8938198acdf66b9d859b6a1a538702de84dc07d0b50
train/GOPR7537_JPG.rf.be5520dbc29d3dde757f12b921e53906,train,data/extracted/data/images/train/GOPR7537_JPG.rf.be5520dbc29d3dde757f12b921e53906.jpg,data/extracted/data/labels/train/GOPR7537_JPG.rf.be5520dbc29d3dde757f12b921e53906.txt,a829b6fa82cb7a44d8cf366c2a2248a76155cf6a7aa6959d0ed79916138764d0
train/GOPR7538_JPG.rf.45382b7637db724fef97150b471ffb44,train,data/extracted/data/images/train/GOPR7538_JPG.rf.45382b7637db724fef97150b471ffb44.jpg,data/extracted/data/labels/train/GOPR7538_JPG.rf.45382b7637db724fef97150b471ffb44.txt,9dadf10eca31a6a7ef42338593b7d267fdf08f34b7e6950e8ded9d3a36d47ae1
train/GOPR7539_JPG.rf.aa1b9210cf344beb37689153ae37cc4b,train,data/extracted/data/images/train/GOPR7539_JPG.rf.aa1b9210cf344beb37689153ae37cc4b.jpg,data/extracted/data/labels/train/GOPR7539_JPG.rf.aa1b9210cf344beb37689153ae37cc4b.txt,504ac9d925326e8264e70b6d21ab62d66f1e2ca417c34841fa6855148c4dc1ae
train/GOPR7540_JPG.rf.0e89b8ed8910609ac1ff9911275d6c55,train,data/extracted/data/images/train/GOPR7540_JPG.rf.0e89b8ed8910609ac1ff9911275d6c55.jpg,data/extracted/data/labels/train/GOPR7540_JPG.rf.0e89b8ed8910609ac1ff9911275d6c55.txt,4bf302a2676c413e6111d42ac319e257419aac602e13f2a927a6381a68f2d6e6
train/GOPR7541_JPG.rf.4921bbea291fb111d0c5032970c64c76,train,data/extracted/data/images/train/GOPR7541_JPG.rf.4921bbea291fb111d0c5032970c64c76.jpg,data/extracted/data/labels/train/GOPR7541_JPG.rf.4921bbea291fb111d0c5032970c64c76.txt,97a326e71d2d448b4e743b8de2b00010f972d8c3d301cb1c726360e5c2eb6c1d
train/GOPR7542_JPG.rf.7090da9a04264e8e34524afc7940e1b6,train,data/extracted/data/images/train/GOPR7542_JPG.rf.7090da9a04264e8e34524afc7940e1b6.jpg,data/extracted/data/labels/train/GOPR7542_JPG.rf.7090da9a04264e8e34524afc7940e1b6.txt,4b19d7ddeac071ea71bd886fa60425aa8f79e4c22bf70c2dbf76f6ac8a80244c
train/GOPR7545_JPG.rf.811752382759d01e0a86a3d51482ed5e,train,data/extracted/data/images/train/GOPR7545_JPG.rf.811752382759d01e0a86a3d51482ed5e.jpg,data/extracted/data/labels/train/GOPR7545_JPG.rf.811752382759d01e0a86a3d51482ed5e.txt,63fa4e50de1e23310fe54b3c7f8963502c69cbec5b1bf673d3913125c80f002e
train/GOPR7546_JPG.rf.50ea01d7800683de50e58d95dd57307e,train,data/extracted/data/images/train/GOPR7546_JPG.rf.50ea01d7800683de50e58d95dd57307e.jpg,data/extracted/data/labels/train/GOPR7546_JPG.rf.50ea01d7800683de50e58d95dd57307e.txt,f40b5480bf9e14f6ba2b3e209e52a3d8248bd24b842bc5afe35d202b0fb449ac
train/GOPR7547_JPG.rf.3d2609eb1b1d48875c9b025068cad04e,train,data/extracted/data/images/train/GOPR7547_JPG.rf.3d2609eb1b1d48875c9b025068cad04e.jpg,data/extracted/data/labels/train/GOPR7547_JPG.rf.3d2609eb1b1d48875c9b025068cad04e.txt,36461c883a7bb7c791008aa508cd8d4049e1acc4a17bbea8d5c20ea26b3f7f24
train/GOPR7549_JPG.rf.e3c31d1a53045fb1daba3df74e690f42,train,data/extracted/data/images/train/GOPR7549_JPG.rf.e3c31d1a53045fb1daba3df74e690f42.jpg,data/extracted/data/labels/train/GOPR7549_JPG.rf.e3c31d1a53045fb1daba3df74e690f42.txt,804dabb7470cc4e712404305e82bdea6ba0b97ad4e7edb9584904a7dd3d04aeb
train/GOPR7551_JPG.rf.6766d3eb05aa0e58075cad79ee226812,train,data/extracted/data/images/train/GOPR7551_JPG.rf.6766d3eb05aa0e58075cad79ee226812.jpg,data/extracted/data/labels/train/GOPR7551_JPG.rf.6766d3eb05aa0e58075cad79ee226812.txt,9ffe0925d405e85d29e1d90a7243b708952f81086b4dc8a3b58490ae1b635535
train/GOPR7552_JPG.rf.d1732b0cba2ad855641c7832499fca08,train,data/extracted/data/images/train/GOPR7552_JPG.rf.d1732b0cba2ad855641c7832499fca08.jpg,data/extracted/data/labels/train/GOPR7552_JPG.rf.d1732b0cba2ad855641c7832499fca08.txt,cc565fc6d34c9d9ee2b7a371a400fc9b032a3c5866afdc88b07712620f6e86ad
train/GOPR7554_JPG.rf.e76e1181558260d1bd48879c2bc5f93b,train,data/extracted/data/images/train/GOPR7554_JPG.rf.e76e1181558260d1bd48879c2bc5f93b.jpg,data/extracted/data/labels/train/GOPR7554_JPG.rf.e76e1181558260d1bd48879c2bc5f93b.txt,65091d3e110ecc01d2c648b6cbe74190d104ad76cc7bf1714892b685f97b5c03
train/GOPR7556_JPG.rf.c4c3cc9f7f380bfa0b094092ae013d41,train,data/extracted/data/images/train/GOPR7556_JPG.rf.c4c3cc9f7f380bfa0b094092ae013d41.jpg,data/extracted/data/labels/train/GOPR7556_JPG.rf.c4c3cc9f7f380bfa0b094092ae013d41.txt,0a3485aac627e8886a50374449575b4579f04d30cd7aa22fa081391ebbecabbd
train/GOPR7557_JPG.rf.33b04be4db8e3a45a52e5653cbbbe638,train,data/extracted/data/images/train/GOPR7557_JPG.rf.33b04be4db8e3a45a52e5653cbbbe638.jpg,data/extracted/data/labels/train/GOPR7557_JPG.rf.33b04be4db8e3a45a52e5653cbbbe638.txt,e6e497effb931611e4dfceefd24ab2cc032b13307ef94a6d1876743357e4b9ba
train/GOPR7558_JPG.rf.32cff485c2e2e62f0e95f330f157fd8a,train,data/extracted/data/images/train/GOPR7558_JPG.rf.32cff485c2e2e62f0e95f330f157fd8a.jpg,data/extracted/data/labels/train/GOPR7558_JPG.rf.32cff485c2e2e62f0e95f330f157fd8a.txt,81b62ba877cfad50fbcb8e3a8eef55a537218ad669150c48839f43e8a40e82b9
train/GOPR7559_JPG.rf.02e27845c111e853c035a30995498e47,train,data/extracted/data/images/train/GOPR7559_JPG.rf.02e27845c111e853c035a30995498e47.jpg,data/extracted/data/labels/train/GOPR7559_JPG.rf.02e27845c111e853c035a30995498e47.txt,d1a738c574d2807bdaddac80277aa4a978df09afa8db4f0192c13a95be76e7e3
train/GOPR7560_JPG.rf.79523a31fa3484e15ebb552a4925c359,train,data/extracted/data/images/train/GOPR7560_JPG.rf.79523a31fa3484e15ebb552a4925c359.jpg,data/extracted/data/labels/train/GOPR7560_JPG.rf.79523a31fa3484e15ebb552a4925c359.txt,7cced2d8a3972802a66a24250cedadb0dd9a56f3c8545a0126160cc6061fa500
train/GOPR7561_JPG.rf.725a790e96e627b681b649dd5b416b3f,train,data/extracted/data/images/train/GOPR7561_JPG.rf.725a790e96e627b681b649dd5b416b3f.jpg,data/extracted/data/labels/train/GOPR7561_JPG.rf.725a790e96e627b681b649dd5b416b3f.txt,712084e7fa27b3cec32d9fa97015d000b1bd98859336f2eaa7c1fc364a031932
train/GOPR7562_JPG.rf.38104e45a79e73b1c85a8dd4d54b8e3b,train,data/extracted/data/images/train/GOPR7562_JPG.rf.38104e45a79e73b1c85a8dd4d54b8e3b.jpg,data/extracted/data/labels/train/GOPR7562_JPG.rf.38104e45a79e73b1c85a8dd4d54b8e3b.txt,909408590f5da5dee1d789bd256a9b584a3541e100ee3713a56e82f93c058622
train/GOPR7563_JPG.rf.0555e1f5817f1b582c552fe32b94aaa5,train,data/extracted/data/images/train/GOPR7563_JPG.rf.0555e1f5817f1b582c552fe32b94aaa5.jpg,data/extracted/data/labels/train/GOPR7563_JPG.rf.0555e1f5817f1b582c552fe32b94aaa5.txt,14aa642769983d9604655efe099f4b7d84e899c2f68e6985ea44094324606c0a
train/GOPR7566_JPG.rf.e7a489fca6d3987ee4b570a2116aa1b4,train,data/extracted/data/images/train/GOPR7566_JPG.rf.e7a489fca6d3987ee4b570a2116aa1b4.jpg,data/extracted/data/labels/train/GOPR7566_JPG.rf.e7a489fca6d3987ee4b570a2116aa1b4.txt,bfe0da86fb942359e57c813d732d551dae596ad2e2d2b1ffa879a759f87b0984
train/GOPR7567_JPG.rf.6ee249af02286e7c2523bd4b4f0b3b94,train,data/extracted/data/images/train/GOPR7567_JPG.rf.6ee249af02286e7c2523bd4b4f0b3b94.jpg,data/extracted/data/labels/train/GOPR7567_JPG.rf.6ee249af02286e7c2523bd4b4f0b3b94.txt,ef1ad894f57ead3e291312d3ebae5e99a376d5ec41284c68c5be51b950a1190f
train/GOPR7570_JPG.rf.da911ffed39060a7625c186c3b3637c6,train,data/extracted/data/images/train/GOPR7570_JPG.rf.da911ffed39060a7625c186c3b3637c6.jpg,data/extracted/data/labels/train/GOPR7570_JPG.rf.da911ffed39060a7625c186c3b3637c6.txt,6bfb705743b0b1e45b986049aa5d4c8cfba5b549f7b90df95a7a6bcb152468c0
train/GOPR7571_JPG.rf.18c802e455ac30ce6615af1acd6c018d,train,data/extracted/data/images/train/GOPR7571_JPG.rf.18c802e455ac30ce6615af1acd6c018d.jpg,data/extracted/data/labels/train/GOPR7571_JPG.rf.18c802e455ac30ce6615af1acd6c018d.txt,d4f6bcec9796d8fec483631fb83cacd2eedac26bb177bd8bae95aa3081750b24
train/GOPR7572_JPG.rf.831baa3368e32f6312d4bbdfa997b38f,train,data/extracted/data/images/train/GOPR7572_JPG.rf.831baa3368e32f6312d4bbdfa997b38f.jpg,data/extracted/data/labels/train/GOPR7572_JPG.rf.831baa3368e32f6312d4bbdfa997b38f.txt,3bd55b7235fe61a523312a309f8a134a7006b01dcce58a45c385166858a9e0cf
train/GOPR7573_JPG.rf.36cd10e87bc26978609dccaf5b4cb023,train,data/extracted/data/images/train/GOPR7573_JPG.rf.36cd10e87bc26978609dccaf5b4cb023.jpg,data/extracted/data/labels/train/GOPR7573_JPG.rf.36cd10e87bc26978609dccaf5b4cb023.txt,2f510831c40d36e532f7a90a83d4956a4c6e18359cf1320c4f75de0360b32f1e
train/GOPR7574_JPG.rf.fce2852cb2a26c6c1dff8a12aed8b3fa,train,data/extracted/data/images/train/GOPR7574_JPG.rf.fce2852cb2a26c6c1dff8a12aed8b3fa.jpg,data/extracted/data/labels/train/GOPR7574_JPG.rf.fce2852cb2a26c6c1dff8a12aed8b3fa.txt,513d354aaaee0b7d390b3ae844424e3e25f2f67fd2fce18e6e6e650d534ab0cf
train/GOPR7576_JPG.rf.46b8a363d1e7e1d86a954c8991db9bb5,train,data/extracted/data/images/train/GOPR7576_JPG.rf.46b8a363d1e7e1d86a954c8991db9bb5.jpg,data/extracted/data/labels/train/GOPR7576_JPG.rf.46b8a363d1e7e1d86a954c8991db9bb5.txt,05bb299aa67f0e441b3cad0453c3642a8e87a7b4e9d8d65b2ecda49ee9de6436
train/GOPR7577_JPG.rf.80da102f80bbca8f0e24b0b476184ab8,train,data/extracted/data/images/train/GOPR7577_JPG.rf.80da102f80bbca8f0e24b0b476184ab8.jpg,data/extracted/data/labels/train/GOPR7577_JPG.rf.80da102f80bbca8f0e24b0b476184ab8.txt,d4a212e40a83cc91c795c7d2d53a5ab38f07e579d048da56040e2387bdc89d7d
train/GOPR7578_JPG.rf.251d4570b2bb84d1e6a78bd6ec043871,train,data/extracted/data/images/train/GOPR7578_JPG.rf.251d4570b2bb84d1e6a78bd6ec043871.jpg,data/extracted/data/labels/train/GOPR7578_JPG.rf.251d4570b2bb84d1e6a78bd6ec043871.txt,779436e50736dcd66ec1a6ddb6c39c7888546f135fa40323f63afeb19aa8b0cc
train/GOPR7579_JPG.rf.b84fd8b4ef2f88898045af5c4fe8b03e,train,data/extracted/data/images/train/GOPR7579_JPG.rf.b84fd8b4ef2f88898045af5c4fe8b03e.jpg,data/extracted/data/labels/train/GOPR7579_JPG.rf.b84fd8b4ef2f88898045af5c4fe8b03e.txt,c2594b2ff171759f6f2480d7c5fb88f2169c575561f238fdbecfb95509f9fd71
train/GOPR7580_JPG.rf.0db0b5c2e9914c19e793c6d5d63ee0c4,train,data/extracted/data/images/train/GOPR7580_JPG.rf.0db0b5c2e9914c19e793c6d5d63ee0c4.jpg,data/extracted/data/labels/train/GOPR7580_JPG.rf.0db0b5c2e9914c19e793c6d5d63ee0c4.txt,a1b1344f0e51a708ee8c86be68e8f55625f13533cf4ef7f72ab66685580fdd36
train/GOPR7581_JPG.rf.e9e9ac2f59ec3a3afbf7e7fbeca13330,train,data/extracted/data/images/train/GOPR7581_JPG.rf.e9e9ac2f59ec3a3afbf7e7fbeca13330.jpg,data/extracted/data/labels/train/GOPR7581_JPG.rf.e9e9ac2f59ec3a3afbf7e7fbeca13330.txt,8774df1a20d5b81cf9922aa86bcfe935ac7cd0c8ebab35a1ae85388697f870a4
train/GOPR7582_JPG.rf.18d735e72d271e28c043128a71591eee,train,data/extracted/data/images/train/GOPR7582_JPG.rf.18d735e72d271e28c043128a71591eee.jpg,data/extracted/data/labels/train/GOPR7582_JPG.rf.18d735e72d271e28c043128a71591eee.txt,7973c7a1dc3a854295bc23d1de3f35879996c4d06af40849d6cf51a1cdf5d012
train/GOPR7583_JPG.rf.e90a72bf3ec2203fd6d218dfa0332717,train,data/extracted/data/images/train/GOPR7583_JPG.rf.e90a72bf3ec2203fd6d218dfa0332717.jpg,data/extracted/data/labels/train/GOPR7583_JPG.rf.e90a72bf3ec2203fd6d218dfa0332717.txt,7cd7142a79ea6703d3b3359d867e5ce94a966c3607bc1b4ad37943b63b4dbb13
train/GOPR7585_JPG.rf.a3e3662bd1884c9446da999b2bbee2ab,train,data/extracted/data/images/train/GOPR7585_JPG.rf.a3e3662bd1884c9446da999b2bbee2ab.jpg,data/extracted/data/labels/train/GOPR7585_JPG.rf.a3e3662bd1884c9446da999b2bbee2ab.txt,b6b66575f0d337e672f0f7229d11403c83ec700068570b914d8535a12b1b15ef
train/GOPR7587_JPG.rf.4c23b508aee7c1c25aaeaa9d5ba3afe6,train,data/extracted/data/images/train/GOPR7587_JPG.rf.4c23b508aee7c1c25aaeaa9d5ba3afe6.jpg,data/extracted/data/labels/train/GOPR7587_JPG.rf.4c23b508aee7c1c25aaeaa9d5ba3afe6.txt,d70de8b88cedaad8bd3817814d68896fe694bf9abfa9da5ce803bb7a7cc72507
train/GOPR7590_JPG.rf.c32cd0f061961fb198afd3d49e933f79,train,data/extracted/data/images/train/GOPR7590_JPG.rf.c32cd0f061961fb198afd3d49e933f79.jpg,data/extracted/data/labels/train/GOPR7590_JPG.rf.c32cd0f061961fb198afd3d49e933f79.txt,06994c23b42576b458656762373beb59476adb34035830d7f223f3539beb6649
train/GOPR7593_JPG.rf.b74398b3581c3b886e0e64690f270562,train,data/extracted/data/images/train/GOPR7593_JPG.rf.b74398b3581c3b886e0e64690f270562.jpg,data/extracted/data/labels/train/GOPR7593_JPG.rf.b74398b3581c3b886e0e64690f270562.txt,a92ce9bce81f798cf34fd5ccce7649b2c64f3b2d6f75db18347a57b1382f8f3c
train/GOPR7594_JPG.rf.84186c4747b46c06bacfe48b2d6cf2e9,train,data/extracted/data/images/train/GOPR7594_JPG.rf.84186c4747b46c06bacfe48b2d6cf2e9.jpg,data/extracted/data/labels/train/GOPR7594_JPG.rf.84186c4747b46c06bacfe48b2d6cf2e9.txt,19dcfb63619eaa44b12c451047325131c9734ebfaa2187c7a547d89ee13cd3f8
train/GOPR7595_JPG.rf.d0996fe27435aa2d8a2530ea96a03809,train,data/extracted/data/images/train/GOPR7595_JPG.rf.d0996fe27435aa2d8a2530ea96a03809.jpg,data/extracted/data/labels/train/GOPR7595_JPG.rf.d0996fe27435aa2d8a2530ea96a03809.txt,aa31e777a4710a94117ee9a0b00264193814cf410410e6c0504fad19d3222fed
train/GOPR7596_JPG.rf.6546ceee7569f58a27fbb88ea771bb5f,train,data/extracted/data/images/train/GOPR7596_JPG.rf.6546ceee7569f58a27fbb88ea771bb5f.jpg,data/extracted/data/labels/train/GOPR7596_JPG.rf.6546ceee7569f58a27fbb88ea771bb5f.txt,05305d209a6efa559d1270b7cfc964a253b5d9ca2fc679c3d5d9dd82ffc24c50
train/GOPR7597_JPG.rf.c9f20fa5f47867974f738382c5d1f943,train,data/extracted/data/images/train/GOPR7597_JPG.rf.c9f20fa5f47867974f738382c5d1f943.jpg,data/extracted/data/labels/train/GOPR7597_JPG.rf.c9f20fa5f47867974f738382c5d1f943.txt,8b28e73c9122ff6bf84aea234e2636a215059f48d66598915a01c96f70f40da0
train/GOPR7599_JPG.rf.dd724e4bbd50a9afb909df4e76906923,train,data/extracted/data/images/train/GOPR7599_JPG.rf.dd724e4bbd50a9afb909df4e76906923.jpg,data/extracted/data/labels/train/GOPR7599_JPG.rf.dd724e4bbd50a9afb909df4e76906923.txt,aa38acd76e73f142d68013d99053b498ceeee56b312af1fc49b1e2dab644244e
train/GOPR7600_JPG.rf.87a5409ca66bf5a8819f81cbe03a56a2,train,data/extracted/data/images/train/GOPR7600_JPG.rf.87a5409ca66bf5a8819f81cbe03a56a2.jpg,data/extracted/data/labels/train/GOPR7600_JPG.rf.87a5409ca66bf5a8819f81cbe03a56a2.txt,036d668dfbbd944d377a87336255b30a42b427e4c6174b097be99cae62b420bb
train/GOPR7603_JPG.rf.11eb07235ed3e2d41648bd1798185242,train,data/extracted/data/images/train/GOPR7603_JPG.rf.11eb07235ed3e2d41648bd1798185242.jpg,data/extracted/data/labels/train/GOPR7603_JPG.rf.11eb07235ed3e2d41648bd1798185242.txt,2dd1c92d20be8ec406be30f4a131df3e0da29f5499bd10147b371e231dbdf576
train/GOPR7604_JPG.rf.65cba24128589db423268c7890b0a7c2,train,data/extracted/data/images/train/GOPR7604_JPG.rf.65cba24128589db423268c7890b0a7c2.jpg,data/extracted/data/labels/train/GOPR7604_JPG.rf.65cba24128589db423268c7890b0a7c2.txt,79d9b26e8b800a13e3f1f3eba9e593547fa892f1db81dcd2033297cb8fdb86dc
train/GOPR7605_JPG.rf.a7790613c43d225f42c6c433257787dd,train,data/extracted/data/images/train/GOPR7605_JPG.rf.a7790613c43d225f42c6c433257787dd.jpg,data/extracted/data/labels/train/GOPR7605_JPG.rf.a7790613c43d225f42c6c433257787dd.txt,b6b66b3e205f7f0eb2275ce4f041f22b61580b2937b32f1878b07674890dc15c
train/GOPR7606_JPG.rf.47d3821454412420f340e13d12ea704d,train,data/extracted/data/images/train/GOPR7606_JPG.rf.47d3821454412420f340e13d12ea704d.jpg,data/extracted/data/labels/train/GOPR7606_JPG.rf.47d3821454412420f340e13d12ea704d.txt,a6073a76446ffa89a34f77344e85c15e901f8ffc74b884a53efa1d9ddf383370
train/GOPR7607_JPG.rf.d9a8d51700d8bbdef6d8a26d7cb225c0,train,data/extracted/data/images/train/GOPR7607_JPG.rf.d9a8d51700d8bbdef6d8a26d7cb225c0.jpg,data/extracted/data/labels/train/GOPR7607_JPG.rf.d9a8d51700d8bbdef6d8a26d7cb225c0.txt,68b267c5c74782142256b384784eb2ec153cbac246a3effdc59cbd601284d7e0
train/GOPR7608_JPG.rf.2eaba3d6c38a18950c85a51cfca5b7bf,train,data/extracted/data/images/train/GOPR7608_JPG.rf.2eaba3d6c38a18950c85a51cfca5b7bf.jpg,data/extracted/data/labels/train/GOPR7608_JPG.rf.2eaba3d6c38a18950c85a51cfca5b7bf.txt,78dd6029dc36c7ba659ec003a14f53195c0344c2554db99026789740ef2bfdcb
train/GOPR7610_JPG.rf.3cdc9d9b0c3ba39796d25d4b80b5d61f,train,data/extracted/data/images/train/GOPR7610_JPG.rf.3cdc9d9b0c3ba39796d25d4b80b5d61f.jpg,data/extracted/data/labels/train/GOPR7610_JPG.rf.3cdc9d9b0c3ba39796d25d4b80b5d61f.txt,71a8e57836095553d37b9bb0372b0a1357cb444cc256efa3c554d5d9b2328e8b
train/GOPR7611_JPG.rf.f2d31a25c7cdbd7d9006045e2e7b85c1,train,data/extracted/data/images/train/GOPR7611_JPG.rf.f2d31a25c7cdbd7d9006045e2e7b85c1.jpg,data/extracted/data/labels/train/GOPR7611_JPG.rf.f2d31a25c7cdbd7d9006045e2e7b85c1.txt,0db15c10c5c000ad8200f2e6a2b229e1df13fbae7567fa1b4705e25f10f014ad
train/GOPR7612_JPG.rf.0a4b4ac4b68bca7fd0a534cc6a169575,train,data/extracted/data/images/train/GOPR7612_JPG.rf.0a4b4ac4b68bca7fd0a534cc6a169575.jpg,data/extracted/data/labels/train/GOPR7612_JPG.rf.0a4b4ac4b68bca7fd0a534cc6a169575.txt,1507d22668e34f0f8dab2c7b4e6d4f22d8254392ba9fa96f1981928b1ecd844a
train/GOPR7613_JPG.rf.ce726ad675f028d2972f51359af7ae31,train,data/extracted/data/images/train/GOPR7613_JPG.rf.ce726ad675f028d2972f51359af7ae31.jpg,data/extracted/data/labels/train/GOPR7613_JPG.rf.ce726ad675f028d2972f51359af7ae31.txt,c74ca20cbc613b0e7cfaa3fc585a1410300ea7f336d58c029f9718447d24e794
train/GOPR7614_JPG.rf.18592e342f988fe259e6758bf60b380e,train,data/extracted/data/images/train/GOPR7614_JPG.rf.18592e342f988fe259e6758bf60b380e.jpg,data/extracted/data/labels/train/GOPR7614_JPG.rf.18592e342f988fe259e6758bf60b380e.txt,d000cc89ae6c1e2b8140302a279fd67da906f25b0aab067e0f1e69cc8737848a
train/GOPR7616_JPG.rf.5145bd3b57559ddf7048a746333ac2a3,train,data/extracted/data/images/train/GOPR7616_JPG.rf.5145bd3b57559ddf7048a746333ac2a3.jpg,data/extracted/data/labels/train/GOPR7616_JPG.rf.5145bd3b57559ddf7048a746333ac2a3.txt,99e219aea8862452b0373e55696659425ffe9c86840e2a85f772973b45da09f0
train/GOPR7619_JPG.rf.d6378d68ab95f178a79534bf2d20f6ec,train,data/extracted/data/images/train/GOPR7619_JPG.rf.d6378d68ab95f178a79534bf2d20f6ec.jpg,data/extracted/data/labels/train/GOPR7619_JPG.rf.d6378d68ab95f178a79534bf2d20f6ec.txt,26a5ee07fd9e53ed21bd9d76d02e4970f6557fea5babcb703450933bb9d83568
train/GOPR7620_JPG.rf.af8163aeea0ee8de6e96f5fab00c92c8,train,data/extracted/data/images/train/GOPR7620_JPG.rf.af8163aeea0ee8de6e96f5fab00c92c8.jpg,data/extracted/data/labels/train/GOPR7620_JPG.rf.af8163aeea0ee8de6e96f5fab00c92c8.txt,561f1136733690a7ac805e23a1305a870f7c1f2cd0704402000b160aaeeda45e
train/GOPR7623_JPG.rf.2ae08986f0780543f7b2a42930aae28e,train,data/extracted/data/images/train/GOPR7623_JPG.rf.2ae08986f0780543f7b2a42930aae28e.jpg,data/extracted/data/labels/train/GOPR7623_JPG.rf.2ae08986f0780543f7b2a42930aae28e.txt,8734c46c862f0381c402129673b725a4a7dbdacc625b5c7114986a30219da889
train/GOPR7624_JPG.rf.6bc8af3cc30d14e09b3d89606976913b,train,data/extracted/data/images/train/GOPR7624_JPG.rf.6bc8af3cc30d14e09b3d89606976913b.jpg,data/extracted/data/labels/train/GOPR7624_JPG.rf.6bc8af3cc30d14e09b3d89606976913b.txt,3f28da7bf8b771d25d89bdfa4752cf6d12e33623fc83cc6933277af827a321f1
train/GOPR7625_JPG.rf.6db1c41476cbc154974af3b1a149f234,train,data/extracted/data/images/train/GOPR7625_JPG.rf.6db1c41476cbc154974af3b1a149f234.jpg,data/extracted/data/labels/train/GOPR7625_JPG.rf.6db1c41476cbc154974af3b1a149f234.txt,aaadcb10134dc4c9e902080f24322cbaec4f0cb4901c413446aa4453097630e2
train/GOPR7627_JPG.rf.30b55540a3f36066bc586abab2e110e3,train,data/extracted/data/images/train/GOPR7627_JPG.rf.30b55540a3f36066bc586abab2e110e3.jpg,data/extracted/data/labels/train/GOPR7627_JPG.rf.30b55540a3f36066bc586abab2e110e3.txt,df1fc88eebea57f841707c4b7386358db16be43ae56605ac023e8018ef7fd1bc
train/GOPR7630_JPG.rf.2b9eab2eca3ba728c7a68480de9529e2,train,data/extracted/data/images/train/GOPR7630_JPG.rf.2b9eab2eca3ba728c7a68480de9529e2.jpg,data/extracted/data/labels/train/GOPR7630_JPG.rf.2b9eab2eca3ba728c7a68480de9529e2.txt,5388d08449ed0f49b54e369316b61a35bd77e463f806e2d0d7d855f902bbc81c
train/GOPR7631_JPG.rf.aa6403c438d3f77770b2d268f23a9934,train,data/extracted/data/images/train/GOPR7631_JPG.rf.aa6403c438d3f77770b2d268f23a9934.jpg,data/extracted/data/labels/train/GOPR7631_JPG.rf.aa6403c438d3f77770b2d268f23a9934.txt,223ebe8506929e8cd0febb44c3eb976d3311bb9be8a099404533e8d932520daa
train/GOPR7632_JPG.rf.4239ff6afd27f4be123dbd3896001276,train,data/extracted/data/images/train/GOPR7632_JPG.rf.4239ff6afd27f4be123dbd3896001276.jpg,data/extracted/data/labels/train/GOPR7632_JPG.rf.4239ff6afd27f4be123dbd3896001276.txt,3c99399d0f2e3f87183cf57352ae57e4586822949a5fb2cdbd3bbff4296c81fd
train/GOPR7633_JPG.rf.4e6875ffd88a0a9d7f63ce813942802e,train,data/extracted/data/images/train/GOPR7633_JPG.rf.4e6875ffd88a0a9d7f63ce813942802e.jpg,data/extracted/data/labels/train/GOPR7633_JPG.rf.4e6875ffd88a0a9d7f63ce813942802e.txt,c9610f67a78f132c493f2d4d89c65ef3eeee6c6968edccded025c3312ae23030
train/GOPR7634_JPG.rf.95a292026ceeabde272fbb47d0894ee0,train,data/extracted/data/images/train/GOPR7634_JPG.rf.95a292026ceeabde272fbb47d0894ee0.jpg,data/extracted/data/labels/train/GOPR7634_JPG.rf.95a292026ceeabde272fbb47d0894ee0.txt,5fb8af06d373ec0f7d78082a55a8abda287dfa9d531e43be4f535bd69d0a283d
train/GOPR7637_JPG.rf.33a2f10bae1259ac6e834e07d61061f4,train,data/extracted/data/images/train/GOPR7637_JPG.rf.33a2f10bae1259ac6e834e07d61061f4.jpg,data/extracted/data/labels/train/GOPR7637_JPG.rf.33a2f10bae1259ac6e834e07d61061f4.txt,6131f84eb9abefa200ba43570150a901684561b1100bf4226aa1606941073433
train/GOPR7638_JPG.rf.42bf3c6d6e476a2e9a6c3d1c038993f8,train,data/extracted/data/images/train/GOPR7638_JPG.rf.42bf3c6d6e476a2e9a6c3d1c038993f8.jpg,data/extracted/data/labels/train/GOPR7638_JPG.rf.42bf3c6d6e476a2e9a6c3d1c038993f8.txt,18cd59115046401ace6d967d4e08ad1006b01d5a7c882a71bed748ad4fa58507
train/GOPR7639_JPG.rf.22c12323604c6435603c832f994238ac,train,data/extracted/data/images/train/GOPR7639_JPG.rf.22c12323604c6435603c832f994238ac.jpg,data/extracted/data/labels/train/GOPR7639_JPG.rf.22c12323604c6435603c832f994238ac.txt,77b8b7cf90e7baebb2bee6de85c16a4f20043d73cc1c8ea4e209947162d4d389
train/GOPR7640_JPG.rf.b95f74b3b1fb4ce029af929fb5331a67,train,data/extracted/data/images/train/GOPR7640_JPG.rf.b95f74b3b1fb4ce029af929fb5331a67.jpg,data/extracted/data/labels/train/GOPR7640_JPG.rf.b95f74b3b1fb4ce029af929fb5331a67.txt,5f39bb87e9f7263d0b6b0705d4caa0e2c1d691e16ff3c1984ec92adacb24bd9a
train/GOPR7641_JPG.rf.512d076bccc704d5e523493e5eaea7b2,train,data/extracted/data/images/train/GOPR7641_JPG.rf.512d076bccc704d5e523493e5eaea7b2.jpg,data/extracted/data/labels/train/GOPR7641_JPG.rf.512d076bccc704d5e523493e5eaea7b2.txt,8069ab0e4340e3db1778d21a0bf5a3c888b279a0340ea54915593dc6a435dcff
train/GOPR7642_JPG.rf.2c16cbe72dd76842f3547d74f936e51b,train,data/extracted/data/images/train/GOPR7642_JPG.rf.2c16cbe72dd76842f3547d74f936e51b.jpg,data/extracted/data/labels/train/GOPR7642_JPG.rf.2c16cbe72dd76842f3547d74f936e51b.txt,3223ea46d1ceddcf8a795fc6987b3799ede40ff4fa95a1056290720773d5eeca
train/GOPR7643_JPG.rf.2a108535382939c28616613df9295279,train,data/extracted/data/images/train/GOPR7643_JPG.rf.2a108535382939c28616613df9295279.jpg,data/extracted/data/labels/train/GOPR7643_JPG.rf.2a108535382939c28616613df9295279.txt,99b0e5c9be6213ebbd5650a0bb26cb2054b22fea3f99734b66ce0b32c232f996
train/GOPR7644_JPG.rf.aacae97996d8b887aa20852213016caa,train,data/extracted/data/images/train/GOPR7644_JPG.rf.aacae97996d8b887aa20852213016caa.jpg,data/extracted/data/labels/train/GOPR7644_JPG.rf.aacae97996d8b887aa20852213016caa.txt,3a14242c1595b343c9f1ac3b542dcaa301993f318d33a26587dd034718f548ac
train/GOPR7645_JPG.rf.3ab39e315cea9ff218b31b6982b471d6,train,data/extracted/data/images/train/GOPR7645_JPG.rf.3ab39e315cea9ff218b31b6982b471d6.jpg,data/extracted/data/labels/train/GOPR7645_JPG.rf.3ab39e315cea9ff218b31b6982b471d6.txt,fd9542d743cf6d303de35bfac5ea0ad3b3870c1409a5c3df6713577b1f71774a
train/GOPR7647_JPG.rf.f5a2d53df09e3e3e85b5165c7fb7455d,train,data/extracted/data/images/train/GOPR7647_JPG.rf.f5a2d53df09e3e3e85b5165c7fb7455d.jpg,data/extracted/data/labels/train/GOPR7647_JPG.rf.f5a2d53df09e3e3e85b5165c7fb7455d.txt,013f80659f91f0f3569a75f48acc503bf063ce800f0479eba446601f80cc8117
train/GOPR7648_JPG.rf.87446ddaac30488d5e887152af008e84,train,data/extracted/data/images/train/GOPR7648_JPG.rf.87446ddaac30488d5e887152af008e84.jpg,data/extracted/data/labels/train/GOPR7648_JPG.rf.87446ddaac30488d5e887152af008e84.txt,acfd2c42800bcf43470d57732b0d2d37bf028b190ad93547960e4cc71b958c70
train/GOPR7649_JPG.rf.d927827b98233791cbad629cc5aa80f8,train,data/extracted/data/images/train/GOPR7649_JPG.rf.d927827b98233791cbad629cc5aa80f8.jpg,data/extracted/data/labels/train/GOPR7649_JPG.rf.d927827b98233791cbad629cc5aa80f8.txt,234d9e87f444ac460190568b13a3542f1bd2dbf7a89e4c6b5467650793d0bf47
train/GOPR7650_JPG.rf.bf367ceec36b9cd3c6b710a5ccd84dd3,train,data/extracted/data/images/train/GOPR7650_JPG.rf.bf367ceec36b9cd3c6b710a5ccd84dd3.jpg,data/extracted/data/labels/train/GOPR7650_JPG.rf.bf367ceec36b9cd3c6b710a5ccd84dd3.txt,ab613afe1cad229aa5ad482ad5afe64336209a984af41bbe18238c634a8d0c27
train/GOPR7651_JPG.rf.b7e71c47156d69bf957e5f5c65cf6f7f,train,data/extracted/data/images/train/GOPR7651_JPG.rf.b7e71c47156d69bf957e5f5c65cf6f7f.jpg,data/extracted/data/labels/train/GOPR7651_JPG.rf.b7e71c47156d69bf957e5f5c65cf6f7f.txt,2753e9191f654bd69b4e22d411d7610722aeb54db1053cfffe254ff205695f49
train/GOPR7652_JPG.rf.1c38eb46bd455a648dab67c230a74f20,train,data/extracted/data/images/train/GOPR7652_JPG.rf.1c38eb46bd455a648dab67c230a74f20.jpg,data/extracted/data/labels/train/GOPR7652_JPG.rf.1c38eb46bd455a648dab67c230a74f20.txt,0c147c5ea16673f241c8d060e170c7c8d9cc77bddaa6ae5e1fdeec5095a0caa5
train/GOPR7653_JPG.rf.4757ea8a5f2f59b48cd27624184b2dad,train,data/extracted/data/images/train/GOPR7653_JPG.rf.4757ea8a5f2f59b48cd27624184b2dad.jpg,data/extracted/data/labels/train/GOPR7653_JPG.rf.4757ea8a5f2f59b48cd27624184b2dad.txt,255dc9f86eb3c5a02d2f5cc3c17078ff9e85c718e69ca974e2a51c5064c77577
train/GOPR7654_JPG.rf.f01b71b536b271df6b3e59b19684b5cd,train,data/extracted/data/images/train/GOPR7654_JPG.rf.f01b71b536b271df6b3e59b19684b5cd.jpg,data/extracted/data/labels/train/GOPR7654_JPG.rf.f01b71b536b271df6b3e59b19684b5cd.txt,a0d42dcc7e3648335a62a404cea4d1ea43ee54778bcfe7a2ecb3b61711ed4c7c
train/GOPR7655_JPG.rf.e6435fc059200782e3c03e781f106d4c,train,data/extracted/data/images/train/GOPR7655_JPG.rf.e6435fc059200782e3c03e781f106d4c.jpg,data/extracted/data/labels/train/GOPR7655_JPG.rf.e6435fc059200782e3c03e781f106d4c.txt,ceaef85fe751d316e88d29b3fe67827f82cee5eef3240df4f95124629cba94a4
train/GOPR7656_JPG.rf.7e1d5c42d02db1b5596e3cec3587b900,train,data/extracted/data/images/train/GOPR7656_JPG.rf.7e1d5c42d02db1b5596e3cec3587b900.jpg,data/extracted/data/labels/train/GOPR7656_JPG.rf.7e1d5c42d02db1b5596e3cec3587b900.txt,b44a18c4af1823fdab6e8dd6a06fa45e830c198bb3174451e7b870d34118dbd8
train/GOPR7657_JPG.rf.8a5e8fea26bcb038a0884b20bce253d5,train,data/extracted/data/images/train/GOPR7657_JPG.rf.8a5e8fea26bcb038a0884b20bce253d5.jpg,data/extracted/data/labels/train/GOPR7657_JPG.rf.8a5e8fea26bcb038a0884b20bce253d5.txt,8745ac87239632a359b95b82e90928c6e30088a8fd70304f84c55f4967a6c5b8
train/GOPR7660_JPG.rf.67178f411028a6d48dafbcd9d6d2aa3e,train,data/extracted/data/images/train/GOPR7660_JPG.rf.67178f411028a6d48dafbcd9d6d2aa3e.jpg,data/extracted/data/labels/train/GOPR7660_JPG.rf.67178f411028a6d48dafbcd9d6d2aa3e.txt,55a4cab39f6ae7fed713ac8696c1d100778c27eb7d2108a50680424e737dec4d
train/GOPR7661_JPG.rf.82dee5aeb00cdc216ecacaad039e0498,train,data/extracted/data/images/train/GOPR7661_JPG.rf.82dee5aeb00cdc216ecacaad039e0498.jpg,data/extracted/data/labels/train/GOPR7661_JPG.rf.82dee5aeb00cdc216ecacaad039e0498.txt,b1fd1fd2d3fcdcc059ca2d10422bce8904d81d9670e3db1e5e976d67233d52ca
train/GOPR7662_JPG.rf.c4b3d7548a34216063c3210cc7c6653f,train,data/extracted/data/images/train/GOPR7662_JPG.rf.c4b3d7548a34216063c3210cc7c6653f.jpg,data/extracted/data/labels/train/GOPR7662_JPG.rf.c4b3d7548a34216063c3210cc7c6653f.txt,1be2da6f69eae75afe0f7a0137c3cbce978a764ec7065646d80b2081f0a35970
train/GOPR7663_JPG.rf.5da805293efceb4f2c2291f15e571a75,train,data/extracted/data/images/train/GOPR7663_JPG.rf.5da805293efceb4f2c2291f15e571a75.jpg,data/extracted/data/labels/train/GOPR7663_JPG.rf.5da805293efceb4f2c2291f15e571a75.txt,7a2872307511d58d20b8026716cdb594ad7b9e77b27046a1e5d9ebfe717e5eae
train/GOPR7664_JPG.rf.a633761043bc983c2e796936cbd8614d,train,data/extracted/data/images/train/GOPR7664_JPG.rf.a633761043bc983c2e796936cbd8614d.jpg,data/extracted/data/labels/train/GOPR7664_JPG.rf.a633761043bc983c2e796936cbd8614d.txt,2019632fb1101d7770a4f8edaec655e721501be903421beabc3fa35dbf060bee
train/GOPR7665_JPG.rf.fadddecbbfbd5ac59a67c9417bfe85e5,train,data/extracted/data/images/train/GOPR7665_JPG.rf.fadddecbbfbd5ac59a67c9417bfe85e5.jpg,data/extracted/data/labels/train/GOPR7665_JPG.rf.fadddecbbfbd5ac59a67c9417bfe85e5.txt,5ec64266e48d611b76cbf42bb623e1bba54ba3345bddd295f8a698d9fcbf4ef4
train/GOPR7668_JPG.rf.26673355e3e85c46bc3f23ff68f3cc9e,train,data/extracted/data/images/train/GOPR7668_JPG.rf.26673355e3e85c46bc3f23ff68f3cc9e.jpg,data/extracted/data/labels/train/GOPR7668_JPG.rf.26673355e3e85c46bc3f23ff68f3cc9e.txt,f874b33ecbbadb637be8b56351a56ca2000051b01d637141a4d1e00f0f3daed7
train/GOPR7671_JPG.rf.61c9b175411fbcd328b7ec3c968c2e13,train,data/extracted/data/images/train/GOPR7671_JPG.rf.61c9b175411fbcd328b7ec3c968c2e13.jpg,data/extracted/data/labels/train/GOPR7671_JPG.rf.61c9b175411fbcd328b7ec3c968c2e13.txt,5261721c8bb5474bc5714b44c129b5ee816cf7d15444544c2960ccc51bf8d982
train/GOPR7672_JPG.rf.b92f14a11ea89d4a0a055017a62ca699,train,data/extracted/data/images/train/GOPR7672_JPG.rf.b92f14a11ea89d4a0a055017a62ca699.jpg,data/extracted/data/labels/train/GOPR7672_JPG.rf.b92f14a11ea89d4a0a055017a62ca699.txt,50eba816d41d6dc875cdb00855b601b11d59e339247e4573cecafb40c04d0a0c
train/GOPR7674_JPG.rf.5755e7ba42b2cb5d83e0b60d9f58b99b,train,data/extracted/data/images/train/GOPR7674_JPG.rf.5755e7ba42b2cb5d83e0b60d9f58b99b.jpg,data/extracted/data/labels/train/GOPR7674_JPG.rf.5755e7ba42b2cb5d83e0b60d9f58b99b.txt,0ee0ca535f7e92f0aa91c280be33aa92b7789a043ed6c11fa2e9223dac131022
train/GOPR7678_JPG.rf.e465099d7c722b045486dbf944641e5e,train,data/extracted/data/images/train/GOPR7678_JPG.rf.e465099d7c722b045486dbf944641e5e.jpg,data/extracted/data/labels/train/GOPR7678_JPG.rf.e465099d7c722b045486dbf944641e5e.txt,b797e1a64e0f4761925a07c528431affdbd569c9b5748824202886e1c8318040
train/GOPR7679_JPG.rf.e4bf603c8db289925f0d0a65a2260be5,train,data/extracted/data/images/train/GOPR7679_JPG.rf.e4bf603c8db289925f0d0a65a2260be5.jpg,data/extracted/data/labels/train/GOPR7679_JPG.rf.e4bf603c8db289925f0d0a65a2260be5.txt,281dca8f281c8eba8bddc6c18c76dea52a4befbc0cebb78b991d02ee1e6a3ec0
train/GOPR7680_JPG.rf.a869e0ff68caef848829a103c47bb2a8,train,data/extracted/data/images/train/GOPR7680_JPG.rf.a869e0ff68caef848829a103c47bb2a8.jpg,data/extracted/data/labels/train/GOPR7680_JPG.rf.a869e0ff68caef848829a103c47bb2a8.txt,24b258942e245e42048dd3f8d44fe30f3c4e10ac799dc9d1ff10ce2436d96c9d
train/GOPR7681_JPG.rf.1c6099fefc3c0618a8e5730382be44ac,train,data/extracted/data/images/train/GOPR7681_JPG.rf.1c6099fefc3c0618a8e5730382be44ac.jpg,data/extracted/data/labels/train/GOPR7681_JPG.rf.1c6099fefc3c0618a8e5730382be44ac.txt,23a1ba88fccd9e1e2c2297679354f939972c1c7b8229cb862a02fa6df03133d2
train/GOPR7682_JPG.rf.5d50ad0de0d6464b8429c5f06e899f93,train,data/extracted/data/images/train/GOPR7682_JPG.rf.5d50ad0de0d6464b8429c5f06e899f93.jpg,data/extracted/data/labels/train/GOPR7682_JPG.rf.5d50ad0de0d6464b8429c5f06e899f93.txt,e5a225fceef9a1c565ad66c461936f58e49689bf29b740b8b0fd224f4705da2a
train/GOPR7683_JPG.rf.c8a623c91afe39c8fbef9e2b1bcb154c,train,data/extracted/data/images/train/GOPR7683_JPG.rf.c8a623c91afe39c8fbef9e2b1bcb154c.jpg,data/extracted/data/labels/train/GOPR7683_JPG.rf.c8a623c91afe39c8fbef9e2b1bcb154c.txt,394231aa99a7e296eed06c25824560e60b5de8a63a50a707c4b8dab0f70d2902
train/GOPR7684_JPG.rf.ed600156684882584e2a5b3ecbe91438,train,data/extracted/data/images/train/GOPR7684_JPG.rf.ed600156684882584e2a5b3ecbe91438.jpg,data/extracted/data/labels/train/GOPR7684_JPG.rf.ed600156684882584e2a5b3ecbe91438.txt,6e40393bae7cf1251349996fc29b682240261cf3c7cc9f489b7f905007bfe608
train/GOPR7685_JPG.rf.a93a56c7ef0c1b8c2694562bb7b4d588,train,data/extracted/data/images/train/GOPR7685_JPG.rf.a93a56c7ef0c1b8c2694562bb7b4d588.jpg,data/extracted/data/labels/train/GOPR7685_JPG.rf.a93a56c7ef0c1b8c2694562bb7b4d588.txt,df332aa2870e8e29b7fd1eda683962ea7a9d0c83a77f791007a806e47d166c6a
train/GOPR7686_JPG.rf.e67023a885bd511eaacb8ceb30f1dc67,train,data/extracted/data/images/train/GOPR7686_JPG.rf.e67023a885bd511eaacb8ceb30f1dc67.jpg,data/extracted/data/labels/train/GOPR7686_JPG.rf.e67023a885bd511eaacb8ceb30f1dc67.txt,2bc10fdc9c23de42fc1dc1791c3ad4330ea086ec27deb23fb6b77c56c54ca2f4
train/GOPR7688_JPG.rf.c66bb91a86d9eeeb7c91d7e1c9b36862,train,data/extracted/data/images/train/GOPR7688_JPG.rf.c66bb91a86d9eeeb7c91d7e1c9b36862.jpg,data/extracted/data/labels/train/GOPR7688_JPG.rf.c66bb91a86d9eeeb7c91d7e1c9b36862.txt,0dfac8c563585d3118dad1c56f85b2117943e749c8ee9eaef26814afcbdbe33a
train/GOPR7690_JPG.rf.2452bda167a7e0833b5a6262c5ed8811,train,data/extracted/data/images/train/GOPR7690_JPG.rf.2452bda167a7e0833b5a6262c5ed8811.jpg,data/extracted/data/labels/train/GOPR7690_JPG.rf.2452bda167a7e0833b5a6262c5ed8811.txt,fef2f574776dd03c4b3c33323447c85f2579479f30a56f0417c056bcbcdeb863
train/GOPR7691_JPG.rf.b9d4b4898c6afef6a10998c9e3f25d04,train,data/extracted/data/images/train/GOPR7691_JPG.rf.b9d4b4898c6afef6a10998c9e3f25d04.jpg,data/extracted/data/labels/train/GOPR7691_JPG.rf.b9d4b4898c6afef6a10998c9e3f25d04.txt,8d5feeab6a793f760530f8d00bdaf83a29181fdc9df04688cecb9ab3167ee1ff
train/GOPR7692_JPG.rf.50d8c2e050acdf7d20073caa27a81f7a,train,data/extracted/data/images/train/GOPR7692_JPG.rf.50d8c2e050acdf7d20073caa27a81f7a.jpg,data/extracted/data/labels/train/GOPR7692_JPG.rf.50d8c2e050acdf7d20073caa27a81f7a.txt,f167c83938e83fc40f8ab310344717f2cadc6c30e35fbe71eadbe1a7c8b4bddb
train/GOPR7693_JPG.rf.1e650b112ddc108882046acda0044af3,train,data/extracted/data/images/train/GOPR7693_JPG.rf.1e650b112ddc108882046acda0044af3.jpg,data/extracted/data/labels/train/GOPR7693_JPG.rf.1e650b112ddc108882046acda0044af3.txt,1ffc8d6ba98742cad40d702c73286e008c1bd4cd8842fe5319bc2cda20d94e66
train/GOPR7694_JPG.rf.9767a1a872b4cb2337d686256a4d2d0a,train,data/extracted/data/images/train/GOPR7694_JPG.rf.9767a1a872b4cb2337d686256a4d2d0a.jpg,data/extracted/data/labels/train/GOPR7694_JPG.rf.9767a1a872b4cb2337d686256a4d2d0a.txt,cb74514275acbb3b163ed22fc1f2e712672d8afcae9f26f3a135a97473e11d9f
train/GOPR7695_JPG.rf.26bbdc264c66d4c05853b3d0440f484a,train,data/extracted/data/images/train/GOPR7695_JPG.rf.26bbdc264c66d4c05853b3d0440f484a.jpg,data/extracted/data/labels/train/GOPR7695_JPG.rf.26bbdc264c66d4c05853b3d0440f484a.txt,b874abe11e91d93ffad2950ad079fccbdc678bb386b12bf73a23f8f6145076b1
train/GOPR7696_JPG.rf.65f1c96494bd1d321445bf2a2474dc7b,train,data/extracted/data/images/train/GOPR7696_JPG.rf.65f1c96494bd1d321445bf2a2474dc7b.jpg,data/extracted/data/labels/train/GOPR7696_JPG.rf.65f1c96494bd1d321445bf2a2474dc7b.txt,fc77d551f699160ef5296d58ac55fd0a8a836f6e3ee52bfcb40d2f356d9568a6
train/GOPR7698_JPG.rf.39e8414581197a58eb16ff6da3b9ceb2,train,data/extracted/data/images/train/GOPR7698_JPG.rf.39e8414581197a58eb16ff6da3b9ceb2.jpg,data/extracted/data/labels/train/GOPR7698_JPG.rf.39e8414581197a58eb16ff6da3b9ceb2.txt,afe17f7c541f745fa9d5dbb5f025373a24a31b677de7ab9c20c9c968251e85c4
train/GOPR7699_JPG.rf.5a112cb3b280550ed2a8b3787d789d4e,train,data/extracted/data/images/train/GOPR7699_JPG.rf.5a112cb3b280550ed2a8b3787d789d4e.jpg,data/extracted/data/labels/train/GOPR7699_JPG.rf.5a112cb3b280550ed2a8b3787d789d4e.txt,699a23f1e23e7dd67ea3e9bd4a3b51f50383ee98bb18c5a7e747fbc1c4c4183c
train/GOPR7700_JPG.rf.ffb0a5b003f45314f458bf0762d471ec,train,data/extracted/data/images/train/GOPR7700_JPG.rf.ffb0a5b003f45314f458bf0762d471ec.jpg,data/extracted/data/labels/train/GOPR7700_JPG.rf.ffb0a5b003f45314f458bf0762d471ec.txt,dcd0e42cd891678fb442c6ce1347fdc97875bac5bea90629fff3c57ef2447299
train/GOPR7701_JPG.rf.3372add9e8904ed734c8d7961ca3344a,train,data/extracted/data/images/train/GOPR7701_JPG.rf.3372add9e8904ed734c8d7961ca3344a.jpg,data/extracted/data/labels/train/GOPR7701_JPG.rf.3372add9e8904ed734c8d7961ca3344a.txt,c91967713a2e413a36d446abb923bf78809450b862675258b526aba6719d7bd5
train/GOPR7702_JPG.rf.589e9e54d736a4d00460c80b9cd0b7fd,train,data/extracted/data/images/train/GOPR7702_JPG.rf.589e9e54d736a4d00460c80b9cd0b7fd.jpg,data/extracted/data/labels/train/GOPR7702_JPG.rf.589e9e54d736a4d00460c80b9cd0b7fd.txt,d9620e18de318ba7cf8a0140e83829615fed5beb969267913a82564ca426aeaa
train/GOPR7703_JPG.rf.dd8d4a0804156dd1d91d500155911962,train,data/extracted/data/images/train/GOPR7703_JPG.rf.dd8d4a0804156dd1d91d500155911962.jpg,data/extracted/data/labels/train/GOPR7703_JPG.rf.dd8d4a0804156dd1d91d500155911962.txt,41fa16e316ab4151f9e094cb26148c39c18fcd07292e907eccf2531681530220
train/GOPR7704_JPG.rf.8d2dd51b0772390df620dff89e590e0c,train,data/extracted/data/images/train/GOPR7704_JPG.rf.8d2dd51b0772390df620dff89e590e0c.jpg,data/extracted/data/labels/train/GOPR7704_JPG.rf.8d2dd51b0772390df620dff89e590e0c.txt,d455c167e804f56f5bf2ea73d837a48e08dfc1145f70d0069aa001991f2874ae
train/GOPR7705_JPG.rf.82488937f1870661a33fc36856b0fc16,train,data/extracted/data/images/train/GOPR7705_JPG.rf.82488937f1870661a33fc36856b0fc16.jpg,data/extracted/data/labels/train/GOPR7705_JPG.rf.82488937f1870661a33fc36856b0fc16.txt,bcef1cd4e22e059a2dda446819642a14233b5afa501325a15ea04fa9510e0d9c
train/GOPR7706_JPG.rf.254109e3625ef59e320724e4557f9b4b,train,data/extracted/data/images/train/GOPR7706_JPG.rf.254109e3625ef59e320724e4557f9b4b.jpg,data/extracted/data/labels/train/GOPR7706_JPG.rf.254109e3625ef59e320724e4557f9b4b.txt,b062ca4bafa23466c9436bd35e0359a93b53a82c2dd5ea090fcaf96bb29a8ed7
train/GOPR7707_JPG.rf.fff32660c6bec7f69ea912b793d58386,train,data/extracted/data/images/train/GOPR7707_JPG.rf.fff32660c6bec7f69ea912b793d58386.jpg,data/extracted/data/labels/train/GOPR7707_JPG.rf.fff32660c6bec7f69ea912b793d58386.txt,7a95821408d73cdb77cb399657be01b82caaeac0ab0b3048e45db7601b7485d6
train/GOPR7708_JPG.rf.07e364fdfa856bec18769a07257c413f,train,data/extracted/data/images/train/GOPR7708_JPG.rf.07e364fdfa856bec18769a07257c413f.jpg,data/extracted/data/labels/train/GOPR7708_JPG.rf.07e364fdfa856bec18769a07257c413f.txt,21a7004e67a31a980383e522b8ec893459258c1deb0ed0a0d99a2ac08f4cddf7
train/GOPR7709_JPG.rf.92a317fa4cb17d4c4bc37658fcf56afa,train,data/extracted/data/images/train/GOPR7709_JPG.rf.92a317fa4cb17d4c4bc37658fcf56afa.jpg,data/extracted/data/labels/train/GOPR7709_JPG.rf.92a317fa4cb17d4c4bc37658fcf56afa.txt,d632f8a930706abfcf5ccfe0281092bf6945488046b857e6d551028ce81a59c8
train/GOPR7710_JPG.rf.291cbee14d49c8e1524434e77367013e,train,data/extracted/data/images/train/GOPR7710_JPG.rf.291cbee14d49c8e1524434e77367013e.jpg,data/extracted/data/labels/train/GOPR7710_JPG.rf.291cbee14d49c8e1524434e77367013e.txt,eb29bcdb75d3cac865feb67e43e0efdc74081ea723f95f8c1afcb76d2776d0fc
train/GOPR7711_JPG.rf.8967889185ebe257caa03976f46c9572,train,data/extracted/data/images/train/GOPR7711_JPG.rf.8967889185ebe257caa03976f46c9572.jpg,data/extracted/data/labels/train/GOPR7711_JPG.rf.8967889185ebe257caa03976f46c9572.txt,f852831466d69518a33e95424304925068276a27a3d66147c242dff042980153
train/GOPR7712_JPG.rf.16f43d7174a4d9bbf1fefb94be857203,train,data/extracted/data/images/train/GOPR7712_JPG.rf.16f43d7174a4d9bbf1fefb94be857203.jpg,data/extracted/data/labels/train/GOPR7712_JPG.rf.16f43d7174a4d9bbf1fefb94be857203.txt,8d31c9b9371fe39443ba5c2fd9a47fee79d7ca0702e5c6fed77904fd867da5b2
train/GOPR7713_JPG.rf.aefe0f3d5a8c607e2a40807522e5c411,train,data/extracted/data/images/train/GOPR7713_JPG.rf.aefe0f3d5a8c607e2a40807522e5c411.jpg,data/extracted/data/labels/train/GOPR7713_JPG.rf.aefe0f3d5a8c607e2a40807522e5c411.txt,8c72a2d6386b2c1c598f542349d5e278c5373c37654912b1301f57a1128d5107
train/GOPR7715_JPG.rf.c2636e338b69b50a83b2590933a7cfad,train,data/extracted/data/images/train/GOPR7715_JPG.rf.c2636e338b69b50a83b2590933a7cfad.jpg,data/extracted/data/labels/train/GOPR7715_JPG.rf.c2636e338b69b50a83b2590933a7cfad.txt,c5be6a2938d632c50bea0c403c0bf9549b40d48abae11548a557f9be42ce79b3
train/GOPR7716_JPG.rf.7a0596a3903af6acd72bc545d42fa3c4,train,data/extracted/data/images/train/GOPR7716_JPG.rf.7a0596a3903af6acd72bc545d42fa3c4.jpg,data/extracted/data/labels/train/GOPR7716_JPG.rf.7a0596a3903af6acd72bc545d42fa3c4.txt,113f127ee1073205fcfd67ac4633ec9645764e59a3be40bbb233990472d0be43
train/GOPR7718_JPG.rf.0dbaac0bb943ea942440bd3759978f4d,train,data/extracted/data/images/train/GOPR7718_JPG.rf.0dbaac0bb943ea942440bd3759978f4d.jpg,data/extracted/data/labels/train/GOPR7718_JPG.rf.0dbaac0bb943ea942440bd3759978f4d.txt,6d57ee6ecebadcd6580ebb4c0dffc18154b5d4563350bb7d3d636a31a8b2c2be
train/GOPR7719_JPG.rf.3ec2098cdf0712e6defa1c93e7cef3f0,train,data/extracted/data/images/train/GOPR7719_JPG.rf.3ec2098cdf0712e6defa1c93e7cef3f0.jpg,data/extracted/data/labels/train/GOPR7719_JPG.rf.3ec2098cdf0712e6defa1c93e7cef3f0.txt,f271a2c8a8711203aa1ff5d6e97bd342a35bec0dbf64db02aab47e2fc3bf4bca
train/GOPR7720_JPG.rf.e3f73457ade76d91d55c4732f6d46387,train,data/extracted/data/images/train/GOPR7720_JPG.rf.e3f73457ade76d91d55c4732f6d46387.jpg,data/extracted/data/labels/train/GOPR7720_JPG.rf.e3f73457ade76d91d55c4732f6d46387.txt,0b150de63e693f0bb44f5393e2487c3ca937818703c95f38c69194c0860c129a
train/GOPR7721_JPG.rf.8518d4c553c013947a0c21324f4d0609,train,data/extracted/data/images/train/GOPR7721_JPG.rf.8518d4c553c013947a0c21324f4d0609.jpg,data/extracted/data/labels/train/GOPR7721_JPG.rf.8518d4c553c013947a0c21324f4d0609.txt,77dca3405b661a6189385b4b0ff59216452624bad859c05f1c04d1059bb8ff8c
train/GOPR7722_JPG.rf.77e4ec75a2e03dcf836b4664558f533a,train,data/extracted/data/images/train/GOPR7722_JPG.rf.77e4ec75a2e03dcf836b4664558f533a.jpg,data/extracted/data/labels/train/GOPR7722_JPG.rf.77e4ec75a2e03dcf836b4664558f533a.txt,07d42ae9122fa143f66498fcca0e9f33cbe5ab25e43277200f9d3eb297ccbc93
train/GOPR7723_JPG.rf.1d449600f5eebeb5ac39de3ce7f552e7,train,data/extracted/data/images/train/GOPR7723_JPG.rf.1d449600f5eebeb5ac39de3ce7f552e7.jpg,data/extracted/data/labels/train/GOPR7723_JPG.rf.1d449600f5eebeb5ac39de3ce7f552e7.txt,9eb8fdb88e25a46023e175d94559944fbfb2c1d7e9b68df282ccb6e7c9de09c0
train/GOPR7725_JPG.rf.8b6bd442a9ca948df98274757acad95d,train,data/extracted/data/images/train/GOPR7725_JPG.rf.8b6bd442a9ca948df98274757acad95d.jpg,data/extracted/data/labels/train/GOPR7725_JPG.rf.8b6bd442a9ca948df98274757acad95d.txt,49231aa1e34bb0ecc86e62b5c5aa53ce3665b8a0ae2d88a7b7093abfb5c62202
train/GOPR7726_JPG.rf.7fa466d89d09b55cb75cbaa57cb40111,train,data/extracted/data/images/train/GOPR7726_JPG.rf.7fa466d89d09b55cb75cbaa57cb40111.jpg,data/extracted/data/labels/train/GOPR7726_JPG.rf.7fa466d89d09b55cb75cbaa57cb40111.txt,0c7bd1cc761dfddca7ccb25e9eb2ebc68628f89375ee75972d16b3c99f79ed88
train/GOPR7728_JPG.rf.e5f283de5acf9106c9f9caf6be85ca7a,train,data/extracted/data/images/train/GOPR7728_JPG.rf.e5f283de5acf9106c9f9caf6be85ca7a.jpg,data/extracted/data/labels/train/GOPR7728_JPG.rf.e5f283de5acf9106c9f9caf6be85ca7a.txt,e8602010386539c638e9c7510e4ce3c4749f3b67d7f696d3bcc3bc04a81561e9
train/GOPR7729_JPG.rf.2701a99e921089855746ea3e19136453,train,data/extracted/data/images/train/GOPR7729_JPG.rf.2701a99e921089855746ea3e19136453.jpg,data/extracted/data/labels/train/GOPR7729_JPG.rf.2701a99e921089855746ea3e19136453.txt,c2681a78db33cc96894d5ac304a6bf5ceb28b2bc480d8d454746c12b7fbe31f7
train/GOPR7730_JPG.rf.ab472241f741245afe27e3d0fab88ea2,train,data/extracted/data/images/train/GOPR7730_JPG.rf.ab472241f741245afe27e3d0fab88ea2.jpg,data/extracted/data/labels/train/GOPR7730_JPG.rf.ab472241f741245afe27e3d0fab88ea2.txt,27cd33def0b2b4fb8bab18c9b4d1da0458e1387338002c2259e79f309083f422
train/GOPR7732_JPG.rf.4e5647ca5fe8964817f30c6bb5aba83a,train,data/extracted/data/images/train/GOPR7732_JPG.rf.4e5647ca5fe8964817f30c6bb5aba83a.jpg,data/extracted/data/labels/train/GOPR7732_JPG.rf.4e5647ca5fe8964817f30c6bb5aba83a.txt,1773bf4ba9956654372f515c925660f1044d82b7eb9a70ed7cd32e93881cad7a
train/GOPR7737_JPG.rf.3bde8e07cf15b3c4710c90a1de5e4c37,train,data/extracted/data/images/train/GOPR7737_JPG.rf.3bde8e07cf15b3c4710c90a1de5e4c37.jpg,data/extracted/data/labels/train/GOPR7737_JPG.rf.3bde8e07cf15b3c4710c90a1de5e4c37.txt,2f077a9934904b2241b09b3d803114fbbc0edfaa9966f613061367d4b94a0497
train/GOPR7744_JPG.rf.81414e5201170a943786e19485e87468,train,data/extracted/data/images/train/GOPR7744_JPG.rf.81414e5201170a943786e19485e87468.jpg,data/extracted/data/labels/train/GOPR7744_JPG.rf.81414e5201170a943786e19485e87468.txt,ced5202c022f1b792137d04e12a6036f87bf954c2766ce0ecaa169f59ca4a569
train/GOPR7745_JPG.rf.41b80ccbacaa5d55d72e1f8b5ea48e89,train,data/extracted/data/images/train/GOPR7745_JPG.rf.41b80ccbacaa5d55d72e1f8b5ea48e89.jpg,data/extracted/data/labels/train/GOPR7745_JPG.rf.41b80ccbacaa5d55d72e1f8b5ea48e89.txt,a78ee75d5e68d20b422df543b3da6cf0707d49399e8eee94a6b28f538cf1b09f
train/GOPR7746_JPG.rf.52c0b5b567b599b2f2e22f8d86a3c3aa,train,data/extracted/data/images/train/GOPR7746_JPG.rf.52c0b5b567b599b2f2e22f8d86a3c3aa.jpg,data/extracted/data/labels/train/GOPR7746_JPG.rf.52c0b5b567b599b2f2e22f8d86a3c3aa.txt,7d93d5267b11bc66ae51196ddd75fc217f387a99d28d2a7e16649bd3b3346431
train/GOPR7747_JPG.rf.78e4d187484478dcce3fd53742484c0c,train,data/extracted/data/images/train/GOPR7747_JPG.rf.78e4d187484478dcce3fd53742484c0c.jpg,data/extracted/data/labels/train/GOPR7747_JPG.rf.78e4d187484478dcce3fd53742484c0c.txt,b2f2681bf4491a60401ea9043311c47a1f7afcdf5c739b17dfceb561355f0c03
train/GOPR7748_JPG.rf.161c0144653bae216e6c9c179d303931,train,data/extracted/data/images/train/GOPR7748_JPG.rf.161c0144653bae216e6c9c179d303931.jpg,data/extracted/data/labels/train/GOPR7748_JPG.rf.161c0144653bae216e6c9c179d303931.txt,54c7a7aad50402cf4f5746f3b65d4df74e245ffe4caafdb294d247004076d997
train/GOPR7749_JPG.rf.56ca9c353427f11aa2e77dbcf49bb8f5,train,data/extracted/data/images/train/GOPR7749_JPG.rf.56ca9c353427f11aa2e77dbcf49bb8f5.jpg,data/extracted/data/labels/train/GOPR7749_JPG.rf.56ca9c353427f11aa2e77dbcf49bb8f5.txt,e0361cecd7ead6e4821d855b3d95ba1aae444efb038df750ca38c31c6d2e2700
train/GOPR7750_JPG.rf.239166fbc6dc345d884dddb02266a9bd,train,data/extracted/data/images/train/GOPR7750_JPG.rf.239166fbc6dc345d884dddb02266a9bd.jpg,data/extracted/data/labels/train/GOPR7750_JPG.rf.239166fbc6dc345d884dddb02266a9bd.txt,75ba721fbb016edba06c63144aea506b17b2c0a669b0a4001312247149073555
train/GOPR7752_JPG.rf.dbb4598ba0b2b08f7dfbff8ff3b0545e,train,data/extracted/data/images/train/GOPR7752_JPG.rf.dbb4598ba0b2b08f7dfbff8ff3b0545e.jpg,data/extracted/data/labels/train/GOPR7752_JPG.rf.dbb4598ba0b2b08f7dfbff8ff3b0545e.txt,a53064ecd037371b8b5c29826a3a5dcecd557673601cdd0fbe51ab7e65af5673
train/GOPR7753_JPG.rf.98b2b1f38201072df97ae04d14b77cb6,train,data/extracted/data/images/train/GOPR7753_JPG.rf.98b2b1f38201072df97ae04d14b77cb6.jpg,data/extracted/data/labels/train/GOPR7753_JPG.rf.98b2b1f38201072df97ae04d14b77cb6.txt,0f107e19159ca4fa9a8cee2134af6c47c59ef0eba3ed85e51569277e1a4ac075
train/GOPR7755_JPG.rf.3f132f9e804592e0addf1c001fc1e19a,train,data/extracted/data/images/train/GOPR7755_JPG.rf.3f132f9e804592e0addf1c001fc1e19a.jpg,data/extracted/data/labels/train/GOPR7755_JPG.rf.3f132f9e804592e0addf1c001fc1e19a.txt,b7103215857bff14ffb30df166f1825e4d2281f443c8813c298343e38b888f5d
train/GOPR7756_JPG.rf.299dfe983ebfed4fc2cd515af13397f0,train,data/extracted/data/images/train/GOPR7756_JPG.rf.299dfe983ebfed4fc2cd515af13397f0.jpg,data/extracted/data/labels/train/GOPR7756_JPG.rf.299dfe983ebfed4fc2cd515af13397f0.txt,6d119d9e43c65f231acd4af67e99ce9c95d802e0716893e74082227dadcd2b36
train/GOPR7757_JPG.rf.81290de30af88bf57b3f72e6c1e665fc,train,data/extracted/data/images/train/GOPR7757_JPG.rf.81290de30af88bf57b3f72e6c1e665fc.jpg,data/extracted/data/labels/train/GOPR7757_JPG.rf.81290de30af88bf57b3f72e6c1e665fc.txt,428b11f6e27b960d530864f311bb03bdaa0656ae9ecdd9f9b546ddd9195469dc
train/GOPR7758_JPG.rf.54b03be64b69a20576f563a25f91b2c4,train,data/extracted/data/images/train/GOPR7758_JPG.rf.54b03be64b69a20576f563a25f91b2c4.jpg,data/extracted/data/labels/train/GOPR7758_JPG.rf.54b03be64b69a20576f563a25f91b2c4.txt,1f768a43f4a7a0969f1479857aad25dbc17a49afa7160238d525379f1bc32ae7
train/GOPR7759_JPG.rf.7a209d18d9074dcb823361896e962f1d,train,data/extracted/data/images/train/GOPR7759_JPG.rf.7a209d18d9074dcb823361896e962f1d.jpg,data/extracted/data/labels/train/GOPR7759_JPG.rf.7a209d18d9074dcb823361896e962f1d.txt,2dc65dcb2c1c8c27c42abd7cf46c07fd1100245a154b08ac83677ce0ce9349f7
train/GOPR7762_JPG.rf.dc2e7bef18f75818a480dbbd32edba93,train,data/extracted/data/images/train/GOPR7762_JPG.rf.dc2e7bef18f75818a480dbbd32edba93.jpg,data/extracted/data/labels/train/GOPR7762_JPG.rf.dc2e7bef18f75818a480dbbd32edba93.txt,bc1b576fadd2945bc5e2c6276edc57cee2db784f3845b6eebf1ee7658149dbfc
train/GOPR7765_JPG.rf.af6cb80c0dc4c7051c3c675460e8bed6,train,data/extracted/data/images/train/GOPR7765_JPG.rf.af6cb80c0dc4c7051c3c675460e8bed6.jpg,data/extracted/data/labels/train/GOPR7765_JPG.rf.af6cb80c0dc4c7051c3c675460e8bed6.txt,3eabc167a3e4a64722d7757827c9f62551a52fd7c1fc83e6cb0c5c9b2072da98
train/GOPR7766_JPG.rf.bdc8d16a6ec51492b9f98ed3e56686c2,train,data/extracted/data/images/train/GOPR7766_JPG.rf.bdc8d16a6ec51492b9f98ed3e56686c2.jpg,data/extracted/data/labels/train/GOPR7766_JPG.rf.bdc8d16a6ec51492b9f98ed3e56686c2.txt,07f75ea42354677dc9b5a92e1e9ad2aa0326851c773427e9fffd8c24e982f2e2
train/GOPR7767_JPG.rf.e0febab5a6986cd8e187259c5820ea46,train,data/extracted/data/images/train/GOPR7767_JPG.rf.e0febab5a6986cd8e187259c5820ea46.jpg,data/extracted/data/labels/train/GOPR7767_JPG.rf.e0febab5a6986cd8e187259c5820ea46.txt,d40fee689d017c33ab663a1db72d7fd5ab07ab84442818200946439f2037f420
train/GOPR7769_JPG.rf.abbbb99b5830c4515ac6848ca7835d14,train,data/extracted/data/images/train/GOPR7769_JPG.rf.abbbb99b5830c4515ac6848ca7835d14.jpg,data/extracted/data/labels/train/GOPR7769_JPG.rf.abbbb99b5830c4515ac6848ca7835d14.txt,bffc4ab61b48876bf8b182c53ec23cebebfc86808c779bbbced4b856d3a4adf1
train/GOPR7770_JPG.rf.c782cb5ec34c3798632e2888537f2246,train,data/extracted/data/images/train/GOPR7770_JPG.rf.c782cb5ec34c3798632e2888537f2246.jpg,data/extracted/data/labels/train/GOPR7770_JPG.rf.c782cb5ec34c3798632e2888537f2246.txt,7af47889efb7f3eb971f33c95a4b05836666b5c6571e59c0d0df18a746c339f4
train/GOPR7773_JPG.rf.47d6b27d8ad2d1d839be7d0d24bb1fea,train,data/extracted/data/images/train/GOPR7773_JPG.rf.47d6b27d8ad2d1d839be7d0d24bb1fea.jpg,data/extracted/data/labels/train/GOPR7773_JPG.rf.47d6b27d8ad2d1d839be7d0d24bb1fea.txt,cc455d4e7972d8ea819f7b875365ec49f97eeadd9f6d4c7571e50285a6efa602
train/GOPR7776_JPG.rf.1b4af79b21811d3b348da4e6ee1ce0ed,train,data/extracted/data/images/train/GOPR7776_JPG.rf.1b4af79b21811d3b348da4e6ee1ce0ed.jpg,data/extracted/data/labels/train/GOPR7776_JPG.rf.1b4af79b21811d3b348da4e6ee1ce0ed.txt,454d245c33509a4f6538a9deacbd7b7527486b8991fb70046cb78300172d935d
train/GOPR7780_JPG.rf.726f668bba9e84318e34158b025dc419,train,data/extracted/data/images/train/GOPR7780_JPG.rf.726f668bba9e84318e34158b025dc419.jpg,data/extracted/data/labels/train/GOPR7780_JPG.rf.726f668bba9e84318e34158b025dc419.txt,4afa210a077d9c3e6151a679cb563fa0aad5720e27a12f9669202275e664fc71
train/GOPR7921_JPG.rf.ff4807306505bc296c7d10cb0c967999,train,data/extracted/data/images/train/GOPR7921_JPG.rf.ff4807306505bc296c7d10cb0c967999.jpg,data/extracted/data/labels/train/GOPR7921_JPG.rf.ff4807306505bc296c7d10cb0c967999.txt,6c7e3e7ef170837d4d952b2d74e2a20d88288ed7d7267f69637d1594de7488b4
train/GOPR7922_JPG.rf.209917196a5034eef5aea798ffd4c5a1,train,data/extracted/data/images/train/GOPR7922_JPG.rf.209917196a5034eef5aea798ffd4c5a1.jpg,data/extracted/data/labels/train/GOPR7922_JPG.rf.209917196a5034eef5aea798ffd4c5a1.txt,36cb45bd686739fa9bfb8e8ac5b7ab1f04d16db0449755f4d625f254d0c22596
train/GOPR7923_JPG.rf.98cc815a6272fa4639b3784e5beba05f,train,data/extracted/data/images/train/GOPR7923_JPG.rf.98cc815a6272fa4639b3784e5beba05f.jpg,data/extracted/data/labels/train/GOPR7923_JPG.rf.98cc815a6272fa4639b3784e5beba05f.txt,50b0cd703c6f97aeb86d24daebb6b1a3727dd1b92d5484e38a75f448931e1f15
train/GOPR7924_JPG.rf.27d65609d10ad5b5c7a65da2a0cc15cd,train,data/extracted/data/images/train/GOPR7924_JPG.rf.27d65609d10ad5b5c7a65da2a0cc15cd.jpg,data/extracted/data/labels/train/GOPR7924_JPG.rf.27d65609d10ad5b5c7a65da2a0cc15cd.txt,82809e67d972994b92488fc6237accdeafdff5e14f5b4cf25b91d57e4c2e42cb
train/GOPR7926_JPG.rf.c8d590d8ce4840f0743da1a99aae0f7b,train,data/extracted/data/images/train/GOPR7926_JPG.rf.c8d590d8ce4840f0743da1a99aae0f7b.jpg,data/extracted/data/labels/train/GOPR7926_JPG.rf.c8d590d8ce4840f0743da1a99aae0f7b.txt,1f3a992de6c359103a93f36c135a747d3e5e49335be2c481b64d3308d7b834be
train/GOPR7929_JPG.rf.0dfcdc8817b53391dc1d5ea58312fe9a,train,data/extracted/data/images/train/GOPR7929_JPG.rf.0dfcdc8817b53391dc1d5ea58312fe9a.jpg,data/extracted/data/labels/train/GOPR7929_JPG.rf.0dfcdc8817b53391dc1d5ea58312fe9a.txt,6fe1b35a98d6e1f83d836c49d9fef2e8ecb2544a59e15f25b1d9fc0ed5fadc3b
train/GOPR7930_JPG.rf.33cc3141acb79ae3afeed3bc5d43557c,train,data/extracted/data/images/train/GOPR7930_JPG.rf.33cc3141acb79ae3afeed3bc5d43557c.jpg,data/extracted/data/labels/train/GOPR7930_JPG.rf.33cc3141acb79ae3afeed3bc5d43557c.txt,b66004884e9bda7bcbd7040f15103c5c29d59c79936a8363db2db812339089d2
train/GOPR7936_JPG.rf.903386484d858235b5c31da0dde0f94c,train,data/extracted/data/images/train/GOPR7936_JPG.rf.903386484d858235b5c31da0dde0f94c.jpg,data/extracted/data/labels/train/GOPR7936_JPG.rf.903386484d858235b5c31da0dde0f94c.txt,f1d4693950b018e58d4f87aaebf6a12124589a4ab8dd21ec51a8a413e0f5eebb
train/GOPR7939_JPG.rf.878850204339e054026d797188c421d3,train,data/extracted/data/images/train/GOPR7939_JPG.rf.878850204339e054026d797188c421d3.jpg,data/extracted/data/labels/train/GOPR7939_JPG.rf.878850204339e054026d797188c421d3.txt,1f1f47b1a4a0deb036205c96068b7e683ebbd2f4c549d0f70da9a9f49a749f7d
train/GOPR7940_JPG.rf.4d4a109b3aa644d1c052cf64be4cbfae,train,data/extracted/data/images/train/GOPR7940_JPG.rf.4d4a109b3aa644d1c052cf64be4cbfae.jpg,data/extracted/data/labels/train/GOPR7940_JPG.rf.4d4a109b3aa644d1c052cf64be4cbfae.txt,e2e43bee71375842a4443c598d35d4b899ff644499cc9fe1b6bb27413bb45cd0
train/GOPR7942_JPG.rf.968d0da65860ac73d39828bf0f0a3cf8,train,data/extracted/data/images/train/GOPR7942_JPG.rf.968d0da65860ac73d39828bf0f0a3cf8.jpg,data/extracted/data/labels/train/GOPR7942_JPG.rf.968d0da65860ac73d39828bf0f0a3cf8.txt,af72198c81bf8ab992880f61e6d541c96b3660d1bf46feb2a83605654692fbc1
train/GOPR7943_JPG.rf.6658a39ed7d9fd10c0128ff3ee7bdca8,train,data/extracted/data/images/train/GOPR7943_JPG.rf.6658a39ed7d9fd10c0128ff3ee7bdca8.jpg,data/extracted/data/labels/train/GOPR7943_JPG.rf.6658a39ed7d9fd10c0128ff3ee7bdca8.txt,740c2795670ff95f4677ebc79194fee1f3940c6a2d80784400903ba495e1d57e
train/GOPR7945_JPG.rf.3b7b3dcded9dc68f9cc86527dd586a4d,train,data/extracted/data/images/train/GOPR7945_JPG.rf.3b7b3dcded9dc68f9cc86527dd586a4d.jpg,data/extracted/data/labels/train/GOPR7945_JPG.rf.3b7b3dcded9dc68f9cc86527dd586a4d.txt,db020b9df292e5907ce213dc785d09c762e072a64fb27cce5f277e75810a7e36
train/GOPR7946_JPG.rf.243d73e1652eb613891dbfea537c8f6e,train,data/extracted/data/images/train/GOPR7946_JPG.rf.243d73e1652eb613891dbfea537c8f6e.jpg,data/extracted/data/labels/train/GOPR7946_JPG.rf.243d73e1652eb613891dbfea537c8f6e.txt,4cf1e9b93deca22db46a76223c81778eec1b4735718f817d4977dd442d536c20
train/GOPR7947_JPG.rf.4cd65199c3fbcc5f7b417e1d905aa4d7,train,data/extracted/data/images/train/GOPR7947_JPG.rf.4cd65199c3fbcc5f7b417e1d905aa4d7.jpg,data/extracted/data/labels/train/GOPR7947_JPG.rf.4cd65199c3fbcc5f7b417e1d905aa4d7.txt,ab7cf79c259226ab8b4ed34ae1777380485c1623c296f6a1c68c09c262f6225c
train/GOPR7948_JPG.rf.1a85ef55b25686c5553893a080db131e,train,data/extracted/data/images/train/GOPR7948_JPG.rf.1a85ef55b25686c5553893a080db131e.jpg,data/extracted/data/labels/train/GOPR7948_JPG.rf.1a85ef55b25686c5553893a080db131e.txt,4e0bd61de3223d9456a1125d6bcad962af22f595154660bd752c4048c194f33c
train/GOPR7950_JPG.rf.c34d74e96eb4289f76bd4d53daedd843,train,data/extracted/data/images/train/GOPR7950_JPG.rf.c34d74e96eb4289f76bd4d53daedd843.jpg,data/extracted/data/labels/train/GOPR7950_JPG.rf.c34d74e96eb4289f76bd4d53daedd843.txt,28076d83ec882e175dce6ddb0ab3bd43537393bd26f08dd33afde92d331acac7
train/GOPR7952_JPG.rf.0358dcbd7db773e61c18f637f0cda823,train,data/extracted/data/images/train/GOPR7952_JPG.rf.0358dcbd7db773e61c18f637f0cda823.jpg,data/extracted/data/labels/train/GOPR7952_JPG.rf.0358dcbd7db773e61c18f637f0cda823.txt,adda8efdd3cf9dba334604332e80993ee7a42dabe33414b02859a59ce9ab24f9
train/GOPR7953_JPG.rf.c884785c08fd531f94a0043e9aa41388,train,data/extracted/data/images/train/GOPR7953_JPG.rf.c884785c08fd531f94a0043e9aa41388.jpg,data/extracted/data/labels/train/GOPR7953_JPG.rf.c884785c08fd531f94a0043e9aa41388.txt,d561c7e0d3891c0a67d65c88fdb648b4322527cf066aca5ab9c2a2cff45325a5
train/GOPR7955_JPG.rf.e539a0049c3f70467d7c96fcf914243c,train,data/extracted/data/images/train/GOPR7955_JPG.rf.e539a0049c3f70467d7c96fcf914243c.jpg,data/extracted/data/labels/train/GOPR7955_JPG.rf.e539a0049c3f70467d7c96fcf914243c.txt,8cb3dca1467849760252362ef4149bdda651d3e62f5e6de17948e7590c7a7d70
train/GOPR7956_JPG.rf.755a97a19ec59d28d369508e7f1cdf1e,train,data/extracted/data/images/train/GOPR7956_JPG.rf.755a97a19ec59d28d369508e7f1cdf1e.jpg,data/extracted/data/labels/train/GOPR7956_JPG.rf.755a97a19ec59d28d369508e7f1cdf1e.txt,01420a56838a2ef1d18858bca536155bf4c3331b01788c1708acdccaeab52a67
train/GOPR7957_JPG.rf.41f103c81b44134e5286dce07d36812e,train,data/extracted/data/images/train/GOPR7957_JPG.rf.41f103c81b44134e5286dce07d36812e.jpg,data/extracted/data/labels/train/GOPR7957_JPG.rf.41f103c81b44134e5286dce07d36812e.txt,7a2ebb01cdf03ad21806c6c488014a3325d5689fcbcea4f980cc0cc077e6ef91
train/GOPR7958_JPG.rf.b1b9018308730f2cad301159bef63a15,train,data/extracted/data/images/train/GOPR7958_JPG.rf.b1b9018308730f2cad301159bef63a15.jpg,data/extracted/data/labels/train/GOPR7958_JPG.rf.b1b9018308730f2cad301159bef63a15.txt,91e42a90249c3115bdd1746ff2c6707483f5a05d81d3f34e191c371ccbeddc44
train/GOPR7959_JPG.rf.b69e7529ed1d7df34aa4f8396b3242e4,train,data/extracted/data/images/train/GOPR7959_JPG.rf.b69e7529ed1d7df34aa4f8396b3242e4.jpg,data/extracted/data/labels/train/GOPR7959_JPG.rf.b69e7529ed1d7df34aa4f8396b3242e4.txt,1894941b8f07b5b88c9b6dce19e806236ee3953fb46ba908a3538325d2bb7dff
train/GOPR7960_JPG.rf.c7118146d41059b51236c531c8405ae1,train,data/extracted/data/images/train/GOPR7960_JPG.rf.c7118146d41059b51236c531c8405ae1.jpg,data/extracted/data/labels/train/GOPR7960_JPG.rf.c7118146d41059b51236c531c8405ae1.txt,ea11d9f54b5b4bba8ac62b994a2fae7b39a3f7f2d9271e25a21a7435b9fe4599
train/GOPR7961_JPG.rf.ea707e2b3b2fb62ac034e5354933f200,train,data/extracted/data/images/train/GOPR7961_JPG.rf.ea707e2b3b2fb62ac034e5354933f200.jpg,data/extracted/data/labels/train/GOPR7961_JPG.rf.ea707e2b3b2fb62ac034e5354933f200.txt,c90fa01ada8b9657629982bac01198d78d31fb0e17f33b93658f7adeacff2280
train/GOPR7962_JPG.rf.c5733e943b89fb20c975ed3f79cc12d5,train,data/extracted/data/images/train/GOPR7962_JPG.rf.c5733e943b89fb20c975ed3f79cc12d5.jpg,data/extracted/data/labels/train/GOPR7962_JPG.rf.c5733e943b89fb20c975ed3f79cc12d5.txt,3500571cd42a6fcbf5e018405eb7a33c3e371d3cd365af3d07c7df3fdb1ae0bf
train/GOPR7963_JPG.rf.25d43c5fddef125551d0a0f9d08052dc,train,data/extracted/data/images/train/GOPR7963_JPG.rf.25d43c5fddef125551d0a0f9d08052dc.jpg,data/extracted/data/labels/train/GOPR7963_JPG.rf.25d43c5fddef125551d0a0f9d08052dc.txt,4d627ebb1bb085528cf83e310ec779052a96a185f321b510a4d21e6f4326075e
train/GOPR7964_JPG.rf.c197cfa5d529d6f0f9b366f26687e944,train,data/extracted/data/images/train/GOPR7964_JPG.rf.c197cfa5d529d6f0f9b366f26687e944.jpg,data/extracted/data/labels/train/GOPR7964_JPG.rf.c197cfa5d529d6f0f9b366f26687e944.txt,fe80d8791003db19d222c1a48c72abfec66c00dcdd9f2dc93bebdd7ef002578f
train/GOPR7965_JPG.rf.566eaef648ea21e727c07fb7a3d600b3,train,data/extracted/data/images/train/GOPR7965_JPG.rf.566eaef648ea21e727c07fb7a3d600b3.jpg,data/extracted/data/labels/train/GOPR7965_JPG.rf.566eaef648ea21e727c07fb7a3d600b3.txt,3c52e7eec4b19cb5d0a476a7aee49b2a8d47aeea466e814275d6fa159f449216
train/GOPR7968_JPG.rf.d44f4c7a8864697cc93856317e506d6e,train,data/extracted/data/images/train/GOPR7968_JPG.rf.d44f4c7a8864697cc93856317e506d6e.jpg,data/extracted/data/labels/train/GOPR7968_JPG.rf.d44f4c7a8864697cc93856317e506d6e.txt,ae35a04d00f1b39b8a226e8a9eef3b7b716406668806f7e2f794597a40377029
train/GOPR7970_JPG.rf.e26deb087eea0d7290e26369f4d14328,train,data/extracted/data/images/train/GOPR7970_JPG.rf.e26deb087eea0d7290e26369f4d14328.jpg,data/extracted/data/labels/train/GOPR7970_JPG.rf.e26deb087eea0d7290e26369f4d14328.txt,834754ad116926ffe7a4e6c4956998f6ad6c9c140e48664a1903ede7a9d100f9
train/GOPR7972_JPG.rf.f9bcd8f70ea8f1337d777875f1759bf8,train,data/extracted/data/images/train/GOPR7972_JPG.rf.f9bcd8f70ea8f1337d777875f1759bf8.jpg,data/extracted/data/labels/train/GOPR7972_JPG.rf.f9bcd8f70ea8f1337d777875f1759bf8.txt,5278d70531d0b7d0a8dd4b3a985e5a831712ff076b43220fe4066cd16cb8e1f8
train/GOPR7973_JPG.rf.c2b17d49d63b2a66289cfdadcb420c23,train,data/extracted/data/images/train/GOPR7973_JPG.rf.c2b17d49d63b2a66289cfdadcb420c23.jpg,data/extracted/data/labels/train/GOPR7973_JPG.rf.c2b17d49d63b2a66289cfdadcb420c23.txt,4beaf788566205bc84c8e5417cbd745f0842722b6d58a14618ee24f511a1fc35
train/GOPR7974_JPG.rf.cf2e76524b2b456c030ab0b0ffd2da04,train,data/extracted/data/images/train/GOPR7974_JPG.rf.cf2e76524b2b456c030ab0b0ffd2da04.jpg,data/extracted/data/labels/train/GOPR7974_JPG.rf.cf2e76524b2b456c030ab0b0ffd2da04.txt,bce9f6e221fbeb9913526c2fee8438d71b2586e21dff12db816f6b19f37fb883
train/GOPR7975_JPG.rf.4d9273c3802b894186218b1f23e1ff29,train,data/extracted/data/images/train/GOPR7975_JPG.rf.4d9273c3802b894186218b1f23e1ff29.jpg,data/extracted/data/labels/train/GOPR7975_JPG.rf.4d9273c3802b894186218b1f23e1ff29.txt,e81ef03ebf253899d9bc4aed92dc2bc258104c2cc850d2551902d38683b5f421
train/GOPR7976_JPG.rf.ec34166bda36f95321bbe2a1c1bc694c,train,data/extracted/data/images/train/GOPR7976_JPG.rf.ec34166bda36f95321bbe2a1c1bc694c.jpg,data/extracted/data/labels/train/GOPR7976_JPG.rf.ec34166bda36f95321bbe2a1c1bc694c.txt,20c761b90a0b4e5a66f90bccd584ec644ce41dc9afec1554dae1216faed258b6
train/GOPR7977_JPG.rf.6cda0dec28edc4cb4ca5832a9ea6867f,train,data/extracted/data/images/train/GOPR7977_JPG.rf.6cda0dec28edc4cb4ca5832a9ea6867f.jpg,data/extracted/data/labels/train/GOPR7977_JPG.rf.6cda0dec28edc4cb4ca5832a9ea6867f.txt,8aa8356a81079b7785082baeaad22f7aeef5d8bb6aac2485290b810207bc4010
train/GOPR7979_JPG.rf.3c432954a43540f758d5a90132de94e7,train,data/extracted/data/images/train/GOPR7979_JPG.rf.3c432954a43540f758d5a90132de94e7.jpg,data/extracted/data/labels/train/GOPR7979_JPG.rf.3c432954a43540f758d5a90132de94e7.txt,52600ee0bbfdb6b1f39bd5ff60be19ea256ace8c4b11e2b6a90c859e94dd4750
train/GOPR7980_JPG.rf.c1f119288c40be9614af0f79f419ebfa,train,data/extracted/data/images/train/GOPR7980_JPG.rf.c1f119288c40be9614af0f79f419ebfa.jpg,data/extracted/data/labels/train/GOPR7980_JPG.rf.c1f119288c40be9614af0f79f419ebfa.txt,fe65a265489d76b30bc0e2e5ea93fa360147b96667287ebb6836c14b9e7ec401
train/GOPR7981_JPG.rf.3475cd86328489594057ea37d497516b,train,data/extracted/data/images/train/GOPR7981_JPG.rf.3475cd86328489594057ea37d497516b.jpg,data/extracted/data/labels/train/GOPR7981_JPG.rf.3475cd86328489594057ea37d497516b.txt,64920de098bbc2882914e8ef231013dc476ee858112312cf3142705626e4bb6a
train/GOPR7982_JPG.rf.6063388a89c6fa2a16562c767ed67eac,train,data/extracted/data/images/train/GOPR7982_JPG.rf.6063388a89c6fa2a16562c767ed67eac.jpg,data/extracted/data/labels/train/GOPR7982_JPG.rf.6063388a89c6fa2a16562c767ed67eac.txt,6102a84e8d6b7bea3087d0d30f8ea24e91bdc5ca4db8e7e8689ae65322b54cb9
train/GOPR7983_JPG.rf.0ab34bd710b8e33ce2d09044e0ee498c,train,data/extracted/data/images/train/GOPR7983_JPG.rf.0ab34bd710b8e33ce2d09044e0ee498c.jpg,data/extracted/data/labels/train/GOPR7983_JPG.rf.0ab34bd710b8e33ce2d09044e0ee498c.txt,7df4225e2a9a84aa5c7a25ab150b75f61e2a62c8b7d882700dab8c95b7c43cc3
train/GOPR7984_JPG.rf.d8aacf0c296965e42712d0e23b2d34ac,train,data/extracted/data/images/train/GOPR7984_JPG.rf.d8aacf0c296965e42712d0e23b2d34ac.jpg,data/extracted/data/labels/train/GOPR7984_JPG.rf.d8aacf0c296965e42712d0e23b2d34ac.txt,df760bd66d2052c99151b833d10c3d95e71bb7749f4086dba41bff9b11cda27a
train/GOPR7985_JPG.rf.1ccad0b81172de1e6157e7e7e94e88c0,train,data/extracted/data/images/train/GOPR7985_JPG.rf.1ccad0b81172de1e6157e7e7e94e88c0.jpg,data/extracted/data/labels/train/GOPR7985_JPG.rf.1ccad0b81172de1e6157e7e7e94e88c0.txt,592d86514fcba51d7cf1f0ccbe48024e11bd8c3f0d88cd12e57eb4e19adfb60c
train/GOPR7986_JPG.rf.75e559cb760fa056bd23e819475780d0,train,data/extracted/data/images/train/GOPR7986_JPG.rf.75e559cb760fa056bd23e819475780d0.jpg,data/extracted/data/labels/train/GOPR7986_JPG.rf.75e559cb760fa056bd23e819475780d0.txt,6c3116a79893915723f4773a43f6383ba507ad8b34e6fe353249e7f5b5559829
train/GOPR7987_JPG.rf.7ae8cfbabdb58cc86b43b68f1364e7d5,train,data/extracted/data/images/train/GOPR7987_JPG.rf.7ae8cfbabdb58cc86b43b68f1364e7d5.jpg,data/extracted/data/labels/train/GOPR7987_JPG.rf.7ae8cfbabdb58cc86b43b68f1364e7d5.txt,c987e5a0442fa9d85e9bca52e40a94a0bed0d89ff1a7f5fecdac58f2851cc9f0
train/GOPR7988_JPG.rf.09d07a1fbe48e74c7df5856af28496ee,train,data/extracted/data/images/train/GOPR7988_JPG.rf.09d07a1fbe48e74c7df5856af28496ee.jpg,data/extracted/data/labels/train/GOPR7988_JPG.rf.09d07a1fbe48e74c7df5856af28496ee.txt,c2b05e48556120a31aaa92aa970e073a4cb2bfc6026d1f2a9897c88124673803
train/GOPR7989_JPG.rf.78c0b11610114be711584aaa77e46f11,train,data/extracted/data/images/train/GOPR7989_JPG.rf.78c0b11610114be711584aaa77e46f11.jpg,data/extracted/data/labels/train/GOPR7989_JPG.rf.78c0b11610114be711584aaa77e46f11.txt,07a98b231f66a3bb98055b7513aa753d7df267a5a08656b23cf9e540d1d1bfba
train/GOPR7991_JPG.rf.152c97e4e8ce4f863183c8d7af5fe4c1,train,data/extracted/data/images/train/GOPR7991_JPG.rf.152c97e4e8ce4f863183c8d7af5fe4c1.jpg,data/extracted/data/labels/train/GOPR7991_JPG.rf.152c97e4e8ce4f863183c8d7af5fe4c1.txt,375a5b95f2c93334e5a8ab0d53aeb01c43b9ef008efaa86ee23b7f45e2dafe55
train/GOPR7992_JPG.rf.0826eadc7514e12edfe4f9656569c27b,train,data/extracted/data/images/train/GOPR7992_JPG.rf.0826eadc7514e12edfe4f9656569c27b.jpg,data/extracted/data/labels/train/GOPR7992_JPG.rf.0826eadc7514e12edfe4f9656569c27b.txt,c22f2fbdd1f2a47157bf679b8516618849b6e1dd02925999c59429497e9c73cf
train/GOPR7993_JPG.rf.8664173798a44191acba33c13b26e1a9,train,data/extracted/data/images/train/GOPR7993_JPG.rf.8664173798a44191acba33c13b26e1a9.jpg,data/extracted/data/labels/train/GOPR7993_JPG.rf.8664173798a44191acba33c13b26e1a9.txt,8f9fff75799f7937a5aca2feb5ab2ebd48320ab8fd02c446ec8ffe0b0a907941
train/GOPR7995_JPG.rf.2d5267b598ec74927854f4f588fa5dda,train,data/extracted/data/images/train/GOPR7995_JPG.rf.2d5267b598ec74927854f4f588fa5dda.jpg,data/extracted/data/labels/train/GOPR7995_JPG.rf.2d5267b598ec74927854f4f588fa5dda.txt,942bcfabcc1b19d0a6053f69319bca88bdf12ddc3a4edaa1a4cab0b6a89bb9b5
train/GOPR7996_JPG.rf.599197cf96bbe71ff15f1fcf809e458c,train,data/extracted/data/images/train/GOPR7996_JPG.rf.599197cf96bbe71ff15f1fcf809e458c.jpg,data/extracted/data/labels/train/GOPR7996_JPG.rf.599197cf96bbe71ff15f1fcf809e458c.txt,033b8eb0665a7a4ed1039da7279cd706c981479fea6bc0d2d9f80d66aa289930
train/GOPR7998_JPG.rf.20d7d6ebd4595ce944e141fee516b1df,train,data/extracted/data/images/train/GOPR7998_JPG.rf.20d7d6ebd4595ce944e141fee516b1df.jpg,data/extracted/data/labels/train/GOPR7998_JPG.rf.20d7d6ebd4595ce944e141fee516b1df.txt,d33747338ba4d356000c01a0b08a67641048b63c2d362e23f041bca99373cb8f
train/GOPR7999_JPG.rf.0a0a46313db23845baf9b278eafc47dc,train,data/extracted/data/images/train/GOPR7999_JPG.rf.0a0a46313db23845baf9b278eafc47dc.jpg,data/extracted/data/labels/train/GOPR7999_JPG.rf.0a0a46313db23845baf9b278eafc47dc.txt,bb42993f186dd1ccb05ba1c2bcc88f9cf49f9ec444007d36bbc44721573662d5
train/GOPR8000_JPG.rf.002a022ba3e70c4971e435c26795ce2f,train,data/extracted/data/images/train/GOPR8000_JPG.rf.002a022ba3e70c4971e435c26795ce2f.jpg,data/extracted/data/labels/train/GOPR8000_JPG.rf.002a022ba3e70c4971e435c26795ce2f.txt,51002261cd88ca80a38c43ed1d18968251ec398f3c323c4b43e264a5159d93ae
train/GOPR8001_JPG.rf.38e66e745dbf182aa0ea0edb38651dd5,train,data/extracted/data/images/train/GOPR8001_JPG.rf.38e66e745dbf182aa0ea0edb38651dd5.jpg,data/extracted/data/labels/train/GOPR8001_JPG.rf.38e66e745dbf182aa0ea0edb38651dd5.txt,badb7ecf41195dd86a8bb572a1c0011d938281ef6a46a32372f2bea9fb3cab74
train/GOPR8002_JPG.rf.18502be00963f614729d1e8267dac4c8,train,data/extracted/data/images/train/GOPR8002_JPG.rf.18502be00963f614729d1e8267dac4c8.jpg,data/extracted/data/labels/train/GOPR8002_JPG.rf.18502be00963f614729d1e8267dac4c8.txt,d4619aff00cd689a3094e9446ac60757c53c2cd1ce1cf4575d3f5a89133df48c
train/GOPR8003_JPG.rf.8111fa13ef84ee09abc9ce259bc540c5,train,data/extracted/data/images/train/GOPR8003_JPG.rf.8111fa13ef84ee09abc9ce259bc540c5.jpg,data/extracted/data/labels/train/GOPR8003_JPG.rf.8111fa13ef84ee09abc9ce259bc540c5.txt,b5ca0c325ce3f8086a8d5fa0540ffb3966aeb831ebca20fb0d9070117db49809
train/GOPR8005_JPG.rf.540480471a2d0f369a017b8c0805882f,train,data/extracted/data/images/train/GOPR8005_JPG.rf.540480471a2d0f369a017b8c0805882f.jpg,data/extracted/data/labels/train/GOPR8005_JPG.rf.540480471a2d0f369a017b8c0805882f.txt,d53a84dee08d56d453b4a9e0e6ba3d542b592075bdcf67472dca4c2fddfd5b62
train/GOPR8006_JPG.rf.506882cea3d10cb2e67eece82b706c67,train,data/extracted/data/images/train/GOPR8006_JPG.rf.506882cea3d10cb2e67eece82b706c67.jpg,data/extracted/data/labels/train/GOPR8006_JPG.rf.506882cea3d10cb2e67eece82b706c67.txt,3ef45a624e5cce4c0a064ec71ceed10f6fb1e97839edd62fce2579150b959382
train/GOPR8008_JPG.rf.1bf1744471fa5e2a0c8a15cd60c044f0,train,data/extracted/data/images/train/GOPR8008_JPG.rf.1bf1744471fa5e2a0c8a15cd60c044f0.jpg,data/extracted/data/labels/train/GOPR8008_JPG.rf.1bf1744471fa5e2a0c8a15cd60c044f0.txt,1aa312e4003b8f0e6517198d5ee272430340be15585b4fe02940d8a4870a5741
train/GOPR8010_JPG.rf.c1f2291007c2c6cc1025dec3bda856dd,train,data/extracted/data/images/train/GOPR8010_JPG.rf.c1f2291007c2c6cc1025dec3bda856dd.jpg,data/extracted/data/labels/train/GOPR8010_JPG.rf.c1f2291007c2c6cc1025dec3bda856dd.txt,24aadde1108c737ac60bb27beab5bec3dcda4cdd426835056e1a1e6d65e8567d
train/GOPR8011_JPG.rf.234e8339e2ad5943ae13a242b34a10dc,train,data/extracted/data/images/train/GOPR8011_JPG.rf.234e8339e2ad5943ae13a242b34a10dc.jpg,data/extracted/data/labels/train/GOPR8011_JPG.rf.234e8339e2ad5943ae13a242b34a10dc.txt,111597efc04395d226384d652c2ae273ae906fcd75a69e7168f5cd2c55542801
train/GOPR8012_JPG.rf.1d9a1caba6854ad284efbb66a24133b4,train,data/extracted/data/images/train/GOPR8012_JPG.rf.1d9a1caba6854ad284efbb66a24133b4.jpg,data/extracted/data/labels/train/GOPR8012_JPG.rf.1d9a1caba6854ad284efbb66a24133b4.txt,15b837e390388614034a287089ee63d6a3589f71b7f9cff3cf4154308e3d0bb7
train/GOPR8013_JPG.rf.c3ba3307d998e31a140d6182e3180cd1,train,data/extracted/data/images/train/GOPR8013_JPG.rf.c3ba3307d998e31a140d6182e3180cd1.jpg,data/extracted/data/labels/train/GOPR8013_JPG.rf.c3ba3307d998e31a140d6182e3180cd1.txt,fd90147a83f51314d08147b3256c323334f38bcd9a21728901de99c9608e9447
train/GOPR8014_JPG.rf.43c2d3c3dea04548febc3b2e9cf176eb,train,data/extracted/data/images/train/GOPR8014_JPG.rf.43c2d3c3dea04548febc3b2e9cf176eb.jpg,data/extracted/data/labels/train/GOPR8014_JPG.rf.43c2d3c3dea04548febc3b2e9cf176eb.txt,08aaaf93426a625b8225fddc8fbe3e8405d8c12244522566f7cdf6df37baac26
train/GOPR8015_JPG.rf.c817bf276b5d7aca0e1cf2b2e3589092,train,data/extracted/data/images/train/GOPR8015_JPG.rf.c817bf276b5d7aca0e1cf2b2e3589092.jpg,data/extracted/data/labels/train/GOPR8015_JPG.rf.c817bf276b5d7aca0e1cf2b2e3589092.txt,a5c37bf095ef7160393d26438cfa9da7b08b9245dba7c1a925894d8afae7ab2c
train/GOPR8016_JPG.rf.80078aa814258298219d958ecd7076ed,train,data/extracted/data/images/train/GOPR8016_JPG.rf.80078aa814258298219d958ecd7076ed.jpg,data/extracted/data/labels/train/GOPR8016_JPG.rf.80078aa814258298219d958ecd7076ed.txt,2f0257f1c40aa0b6cda783c0171cf59e9fca7c4142f071ec95bfb5fad628d21c
train/GOPR8017_JPG.rf.42c4600e5d1f406b35d50dc7b549378a,train,data/extracted/data/images/train/GOPR8017_JPG.rf.42c4600e5d1f406b35d50dc7b549378a.jpg,data/extracted/data/labels/train/GOPR8017_JPG.rf.42c4600e5d1f406b35d50dc7b549378a.txt,7a508071b1560f9e18625d80e0981d80be2cdef634a47f3512f37af23c3275e0
train/GOPR8018_JPG.rf.ccd238594b00dc32d7189c1c6b9434e1,train,data/extracted/data/images/train/GOPR8018_JPG.rf.ccd238594b00dc32d7189c1c6b9434e1.jpg,data/extracted/data/labels/train/GOPR8018_JPG.rf.ccd238594b00dc32d7189c1c6b9434e1.txt,293484d70a25ea4c1fba93aaeff22fd2a4588888fa955254f5d58d375a0271c4
train/GOPR8019_JPG.rf.af25613a1cef42abaa4e683ea8a75195,train,data/extracted/data/images/train/GOPR8019_JPG.rf.af25613a1cef42abaa4e683ea8a75195.jpg,data/extracted/data/labels/train/GOPR8019_JPG.rf.af25613a1cef42abaa4e683ea8a75195.txt,c69afca5758645d1a966dd27c8a4f0255ca804a5446f01692c63b27e918f2541
train/GOPR8020_JPG.rf.6aee4a10797ea5eb7aa84817ad647691,train,data/extracted/data/images/train/GOPR8020_JPG.rf.6aee4a10797ea5eb7aa84817ad647691.jpg,data/extracted/data/labels/train/GOPR8020_JPG.rf.6aee4a10797ea5eb7aa84817ad647691.txt,a167fb7ab730f72f9ce53632dd05c44a6169b67d5d9cd3a2c1876aca2cf6e982
train/GOPR8021_JPG.rf.e4abeea4aea20215ec37e4b99c5ce8b4,train,data/extracted/data/images/train/GOPR8021_JPG.rf.e4abeea4aea20215ec37e4b99c5ce8b4.jpg,data/extracted/data/labels/train/GOPR8021_JPG.rf.e4abeea4aea20215ec37e4b99c5ce8b4.txt,4c7dada605ee049b82e0ddd84f1b0c42a5f7e8555672953bb8f9c966cb7a456e
train/GOPR8022_JPG.rf.7d6aed37c4aee7e2ac7285307edf5260,train,data/extracted/data/images/train/GOPR8022_JPG.rf.7d6aed37c4aee7e2ac7285307edf5260.jpg,data/extracted/data/labels/train/GOPR8022_JPG.rf.7d6aed37c4aee7e2ac7285307edf5260.txt,143a5fa03c1511230f9339eeddfc0833a418f6a9d08276bc7b98a2551baf7a98
train/GOPR8023_JPG.rf.3c375e704980a1adc676d51229f2710f,train,data/extracted/data/images/train/GOPR8023_JPG.rf.3c375e704980a1adc676d51229f2710f.jpg,data/extracted/data/labels/train/GOPR8023_JPG.rf.3c375e704980a1adc676d51229f2710f.txt,a6d7f93a05d1996d03c37d86f91ef8170b969d923103d77a88cc28e4c04fd406
train/GOPR8024_JPG.rf.df50d54ff051c37af2cc748816777a5b,train,data/extracted/data/images/train/GOPR8024_JPG.rf.df50d54ff051c37af2cc748816777a5b.jpg,data/extracted/data/labels/train/GOPR8024_JPG.rf.df50d54ff051c37af2cc748816777a5b.txt,e3413547a05b877523bb6148361ace9bdda69b7dbfe399bfad2252e6e54dd249
train/GOPR8026_JPG.rf.db6f52dea8ccd06b6cf3f2a1f73b6a48,train,data/extracted/data/images/train/GOPR8026_JPG.rf.db6f52dea8ccd06b6cf3f2a1f73b6a48.jpg,data/extracted/data/labels/train/GOPR8026_JPG.rf.db6f52dea8ccd06b6cf3f2a1f73b6a48.txt,ff70bf5ab7832f1533e2b7a8020017e2d949d1fb4864326db1bd738a38930eb0
train/GOPR8028_JPG.rf.9319816854d40e204ffb1bb03173c895,train,data/extracted/data/images/train/GOPR8028_JPG.rf.9319816854d40e204ffb1bb03173c895.jpg,data/extracted/data/labels/train/GOPR8028_JPG.rf.9319816854d40e204ffb1bb03173c895.txt,2c06e13956d6fffc3977e17422e381b14cb25bc96dd2097e50598c51d64a2895
train/GOPR8029_JPG.rf.c2b47c1f18a157dc812de94451ea2d29,train,data/extracted/data/images/train/GOPR8029_JPG.rf.c2b47c1f18a157dc812de94451ea2d29.jpg,data/extracted/data/labels/train/GOPR8029_JPG.rf.c2b47c1f18a157dc812de94451ea2d29.txt,694b9fd15a4522dbd6edfd8886b08b9f3fa7ae62705917b84a103e06e5fc4695
train/GOPR8030_JPG.rf.2371c741d3f9e88b677840bd6ad9a220,train,data/extracted/data/images/train/GOPR8030_JPG.rf.2371c741d3f9e88b677840bd6ad9a220.jpg,data/extracted/data/labels/train/GOPR8030_JPG.rf.2371c741d3f9e88b677840bd6ad9a220.txt,8a342a591f1b91aacf9c552bf047ca4ab2f1efaf23ec307611f45bdf27749a35
train/GOPR8031_JPG.rf.380ca466c3d82577455fb9ab259f3871,train,data/extracted/data/images/train/GOPR8031_JPG.rf.380ca466c3d82577455fb9ab259f3871.jpg,data/extracted/data/labels/train/GOPR8031_JPG.rf.380ca466c3d82577455fb9ab259f3871.txt,36832910beb20b850b7df3e30aecb08df65638141452c77b3428295fcbcb725b
train/GOPR8032_JPG.rf.80ea3711dff82da781de7257ed545cee,train,data/extracted/data/images/train/GOPR8032_JPG.rf.80ea3711dff82da781de7257ed545cee.jpg,data/extracted/data/labels/train/GOPR8032_JPG.rf.80ea3711dff82da781de7257ed545cee.txt,ad7599169c2ca375ee4d8f448a46f056ac60afe431cf9d5e1ade318dd399dda0
train/GOPR8033_JPG.rf.56a9f8b0f3e02afcbb923d42e0268383,train,data/extracted/data/images/train/GOPR8033_JPG.rf.56a9f8b0f3e02afcbb923d42e0268383.jpg,data/extracted/data/labels/train/GOPR8033_JPG.rf.56a9f8b0f3e02afcbb923d42e0268383.txt,a9cc0fb8746e80fde765481c387975147a0655f397469e7b08d10b5339e0c5d9
train/GOPR8034_JPG.rf.f583b8df320029bee85a348b02ac6e51,train,data/extracted/data/images/train/GOPR8034_JPG.rf.f583b8df320029bee85a348b02ac6e51.jpg,data/extracted/data/labels/train/GOPR8034_JPG.rf.f583b8df320029bee85a348b02ac6e51.txt,c3932fb958b51768bed31d58d9cb764d785e094910fcb1205c38ec4a0f0c30bd
train/GOPR8035_JPG.rf.071d15dff9a37bc8f8ed34dfc05f4b84,train,data/extracted/data/images/train/GOPR8035_JPG.rf.071d15dff9a37bc8f8ed34dfc05f4b84.jpg,data/extracted/data/labels/train/GOPR8035_JPG.rf.071d15dff9a37bc8f8ed34dfc05f4b84.txt,20e7d5c64ec8322746882a529d7fd71fafef3ce8177ffab04b5d0d1216777029
train/GOPR8036_JPG.rf.61fc29be66cc9bdd50cac99e76c27611,train,data/extracted/data/images/train/GOPR8036_JPG.rf.61fc29be66cc9bdd50cac99e76c27611.jpg,data/extracted/data/labels/train/GOPR8036_JPG.rf.61fc29be66cc9bdd50cac99e76c27611.txt,b84549eb5e45833d686b6f71c8ac5bc834a23b083bf0cd481d6f5c62b5a5a2fc
train/GOPR8037_JPG.rf.9256258c1d86868ecc79c0ed9a32e615,train,data/extracted/data/images/train/GOPR8037_JPG.rf.9256258c1d86868ecc79c0ed9a32e615.jpg,data/extracted/data/labels/train/GOPR8037_JPG.rf.9256258c1d86868ecc79c0ed9a32e615.txt,9e98e0df77b5c8c2e73e13baae359abb9adedf908320213e6a94be60241d5404
train/GOPR8038_JPG.rf.186fe56b20ddb56988e077f2ebc2b6b5,train,data/extracted/data/images/train/GOPR8038_JPG.rf.186fe56b20ddb56988e077f2ebc2b6b5.jpg,data/extracted/data/labels/train/GOPR8038_JPG.rf.186fe56b20ddb56988e077f2ebc2b6b5.txt,1e0e2095920bbe35bb9535c02a8487ed13b30ca0eff333affd656e7d8a6bfd38
train/GOPR8039_JPG.rf.807771b3072d4690b27bdd5484447ed6,train,data/extracted/data/images/train/GOPR8039_JPG.rf.807771b3072d4690b27bdd5484447ed6.jpg,data/extracted/data/labels/train/GOPR8039_JPG.rf.807771b3072d4690b27bdd5484447ed6.txt,82d6786fc78c6b78b70c0e261d33fcd3e552af15ed16ae616b64ec5fe7424680
train/GOPR8040_JPG.rf.67940a19316d2a822585cde40fa3fc74,train,data/extracted/data/images/train/GOPR8040_JPG.rf.67940a19316d2a822585cde40fa3fc74.jpg,data/extracted/data/labels/train/GOPR8040_JPG.rf.67940a19316d2a822585cde40fa3fc74.txt,405a0df4c6f166c0866b1581ad7b1043d844d595074021a7e43fa45c7a5b3b23
train/GOPR8043_JPG.rf.1d73fcd7a5e5afddd1a02337bd9160d7,train,data/extracted/data/images/train/GOPR8043_JPG.rf.1d73fcd7a5e5afddd1a02337bd9160d7.jpg,data/extracted/data/labels/train/GOPR8043_JPG.rf.1d73fcd7a5e5afddd1a02337bd9160d7.txt,3fb46241d14ac9565a09272df581e5560e998fccf657cff0687a2575f8cb209f
train/GOPR8044_JPG.rf.0d541923f1fe30b1072904dda26af8e8,train,data/extracted/data/images/train/GOPR8044_JPG.rf.0d541923f1fe30b1072904dda26af8e8.jpg,data/extracted/data/labels/train/GOPR8044_JPG.rf.0d541923f1fe30b1072904dda26af8e8.txt,bb364c1aed83066c6e6c0f28c2576396b581a16144bab5748e6c14ef800f4e71
train/GOPR8045_JPG.rf.3549822cfe4f0a92048b2e4188d9babd,train,data/extracted/data/images/train/GOPR8045_JPG.rf.3549822cfe4f0a92048b2e4188d9babd.jpg,data/extracted/data/labels/train/GOPR8045_JPG.rf.3549822cfe4f0a92048b2e4188d9babd.txt,a2b3b23286d59bdc235edd33612e464b86a4f327f042a6c7694a522112a84259
train/GOPR8048_JPG.rf.dafbcb929f9e3df16ea8b3e4a9f6f134,train,data/extracted/data/images/train/GOPR8048_JPG.rf.dafbcb929f9e3df16ea8b3e4a9f6f134.jpg,data/extracted/data/labels/train/GOPR8048_JPG.rf.dafbcb929f9e3df16ea8b3e4a9f6f134.txt,8fbb23a85b6907143043ebadd028ecd8b5d024952f7a1037d0f1f23401057287
train/GOPR8049_JPG.rf.b61cedb3b4a4a2b43c669dec1cd0943e,train,data/extracted/data/images/train/GOPR8049_JPG.rf.b61cedb3b4a4a2b43c669dec1cd0943e.jpg,data/extracted/data/labels/train/GOPR8049_JPG.rf.b61cedb3b4a4a2b43c669dec1cd0943e.txt,cff75c81fe05c58e1a8fd9ddf595f97c787c25c24cc49267df035f273b6dd0bf
train/GOPR8052_JPG.rf.9dd4ceae96f2e34f257b6d8b3faf86b0,train,data/extracted/data/images/train/GOPR8052_JPG.rf.9dd4ceae96f2e34f257b6d8b3faf86b0.jpg,data/extracted/data/labels/train/GOPR8052_JPG.rf.9dd4ceae96f2e34f257b6d8b3faf86b0.txt,6a609856ae945094fa57b5295aaed60a1f6f9a3023221145b4accd9d12955e10
train/GOPR8054_JPG.rf.d165d5dee16dcb34c5bfd528e3bcd7cd,train,data/extracted/data/images/train/GOPR8054_JPG.rf.d165d5dee16dcb34c5bfd528e3bcd7cd.jpg,data/extracted/data/labels/train/GOPR8054_JPG.rf.d165d5dee16dcb34c5bfd528e3bcd7cd.txt,906e1aaec2a061160b092e84e42fddac0f6a55420f6e91b6b2f2c4b4500ac207
train/GOPR8057_JPG.rf.964ab49fe135d2f766bc1f41bc788472,train,data/extracted/data/images/train/GOPR8057_JPG.rf.964ab49fe135d2f766bc1f41bc788472.jpg,data/extracted/data/labels/train/GOPR8057_JPG.rf.964ab49fe135d2f766bc1f41bc788472.txt,274f0e78f131b8c87cce1b663661ead602a906427a6fcb8631e9f12f6d5a5ef8
train/GOPR8058_JPG.rf.63e6e0b572c2f8f6dac4402097b22a51,train,data/extracted/data/images/train/GOPR8058_JPG.rf.63e6e0b572c2f8f6dac4402097b22a51.jpg,data/extracted/data/labels/train/GOPR8058_JPG.rf.63e6e0b572c2f8f6dac4402097b22a51.txt,0e18bd53462d3afd5df4100fbafdf2947ae2924d10bb8fc4a2d736eff104d57b
train/GOPR8059_JPG.rf.68ecf427efed64db0edb866be8551614,train,data/extracted/data/images/train/GOPR8059_JPG.rf.68ecf427efed64db0edb866be8551614.jpg,data/extracted/data/labels/train/GOPR8059_JPG.rf.68ecf427efed64db0edb866be8551614.txt,76b5fe265a077e793aac3a5f73fe2026d8b8bd9401cd2c076555135a2bc66311
train/GOPR8061_JPG.rf.9e062f52eae99cf2be90f28bcde1ee0d,train,data/extracted/data/images/train/GOPR8061_JPG.rf.9e062f52eae99cf2be90f28bcde1ee0d.jpg,data/extracted/data/labels/train/GOPR8061_JPG.rf.9e062f52eae99cf2be90f28bcde1ee0d.txt,71e3b981e452102c7005c86db80d67c5f3d138456fb08edd0da11f8303168996
train/GOPR8062_JPG.rf.0e39e2df4206646fe21d7cd079000575,train,data/extracted/data/images/train/GOPR8062_JPG.rf.0e39e2df4206646fe21d7cd079000575.jpg,data/extracted/data/labels/train/GOPR8062_JPG.rf.0e39e2df4206646fe21d7cd079000575.txt,f95013e887db617d0a637aa5ede37b370aa17ad4a2fcc6fdce564ff60771b58f
train/GOPR8066_JPG.rf.8258dae5ea836f5ec66801d36caee3d6,train,data/extracted/data/images/train/GOPR8066_JPG.rf.8258dae5ea836f5ec66801d36caee3d6.jpg,data/extracted/data/labels/train/GOPR8066_JPG.rf.8258dae5ea836f5ec66801d36caee3d6.txt,7d10372f2af00e434dbc93cf859e05876949b00a2d79a41d70271b318bd1700a
train/GOPR8068_JPG.rf.af3403da4482a1f57299bfe36e8553c8,train,data/extracted/data/images/train/GOPR8068_JPG.rf.af3403da4482a1f57299bfe36e8553c8.jpg,data/extracted/data/labels/train/GOPR8068_JPG.rf.af3403da4482a1f57299bfe36e8553c8.txt,1917fa1e74329331f92e733700b45f3418cf21ee296b5b8d5bf9d72fc416feac
train/GOPR8070_JPG.rf.c04532ed5f2130999dfaebd7a3bb4e75,train,data/extracted/data/images/train/GOPR8070_JPG.rf.c04532ed5f2130999dfaebd7a3bb4e75.jpg,data/extracted/data/labels/train/GOPR8070_JPG.rf.c04532ed5f2130999dfaebd7a3bb4e75.txt,35f1cd3900cf09fe0727cfed15cf949b947114ea8f447f397af5b1decdf601e7
train/GOPR8072_JPG.rf.d29cacc1805fd2c88c4d7eba60b5dcbe,train,data/extracted/data/images/train/GOPR8072_JPG.rf.d29cacc1805fd2c88c4d7eba60b5dcbe.jpg,data/extracted/data/labels/train/GOPR8072_JPG.rf.d29cacc1805fd2c88c4d7eba60b5dcbe.txt,8491b9b3e084e848c6bed16db3075946ac696bf3279a8478437e1d36efc1ece5
train/GOPR8073_JPG.rf.2dde1f43000bed70338f833256abe220,train,data/extracted/data/images/train/GOPR8073_JPG.rf.2dde1f43000bed70338f833256abe220.jpg,data/extracted/data/labels/train/GOPR8073_JPG.rf.2dde1f43000bed70338f833256abe220.txt,7b3db18e23f42d2ceaf98e53f640a985a683d3c708bd10904b907648481cd1f9
train/GOPR8074_JPG.rf.265de0aada7b00e675e8e1e048ece65e,train,data/extracted/data/images/train/GOPR8074_JPG.rf.265de0aada7b00e675e8e1e048ece65e.jpg,data/extracted/data/labels/train/GOPR8074_JPG.rf.265de0aada7b00e675e8e1e048ece65e.txt,6bc73c283d200234e422fbbdbb5db759cc7022bec147b181f7956a0344ca6159
train/GOPR8076_JPG.rf.77094930164f976f897637a8af27020f,train,data/extracted/data/images/train/GOPR8076_JPG.rf.77094930164f976f897637a8af27020f.jpg,data/extracted/data/labels/train/GOPR8076_JPG.rf.77094930164f976f897637a8af27020f.txt,7ba51526a1a3c08fb7bbc703bdfa636b24c0883fc36842c4d3a6e46234d54e57
train/GOPR8077_JPG.rf.35b3d642fc2c130191a8d5f0da20ae1d,train,data/extracted/data/images/train/GOPR8077_JPG.rf.35b3d642fc2c130191a8d5f0da20ae1d.jpg,data/extracted/data/labels/train/GOPR8077_JPG.rf.35b3d642fc2c130191a8d5f0da20ae1d.txt,b4801784f38642b408ee14097e589d4230b6fec439fc18f5a5cbd4ad5ea2950b
train/GOPR8079_JPG.rf.f8be387884d453eba5ccc77847d80066,train,data/extracted/data/images/train/GOPR8079_JPG.rf.f8be387884d453eba5ccc77847d80066.jpg,data/extracted/data/labels/train/GOPR8079_JPG.rf.f8be387884d453eba5ccc77847d80066.txt,fd83933790f51e8fdd21d5ad74a449ddaa73d4cb4ecc10783f769425daf76123
train/GOPR8080_JPG.rf.b70ffa4ebec0af5d397930a0ba09aa6b,train,data/extracted/data/images/train/GOPR8080_JPG.rf.b70ffa4ebec0af5d397930a0ba09aa6b.jpg,data/extracted/data/labels/train/GOPR8080_JPG.rf.b70ffa4ebec0af5d397930a0ba09aa6b.txt,1259f1bb0ca5d410904857c7817cc9f157f64668f0d2e55a34027b97c3ebf4ae
train/GOPR8081_JPG.rf.dea4f1bd4b6831b1b1a247c9a0e0e84c,train,data/extracted/data/images/train/GOPR8081_JPG.rf.dea4f1bd4b6831b1b1a247c9a0e0e84c.jpg,data/extracted/data/labels/train/GOPR8081_JPG.rf.dea4f1bd4b6831b1b1a247c9a0e0e84c.txt,308fa12428f856306850e3895ef65cf42ddb7dd133d387ae7f2e05377d33fe94
train/GOPR8083_JPG.rf.873e653579ab0b5771e1198d190fea5e,train,data/extracted/data/images/train/GOPR8083_JPG.rf.873e653579ab0b5771e1198d190fea5e.jpg,data/extracted/data/labels/train/GOPR8083_JPG.rf.873e653579ab0b5771e1198d190fea5e.txt,2a47ddc51eed17d3fdb796c8379676da5b92ab16231491dad0d18d1944be96cc
train/GOPR8084_JPG.rf.08d18f88194558ed511b957f1eb93fd0,train,data/extracted/data/images/train/GOPR8084_JPG.rf.08d18f88194558ed511b957f1eb93fd0.jpg,data/extracted/data/labels/train/GOPR8084_JPG.rf.08d18f88194558ed511b957f1eb93fd0.txt,63c5169da410e4d1fb45c8e2195f385647ee7196e8dc66bb0728d0a25a323fe9
train/GOPR8085_JPG.rf.f054c2753e46b7febf8782f0bd2fe32c,train,data/extracted/data/images/train/GOPR8085_JPG.rf.f054c2753e46b7febf8782f0bd2fe32c.jpg,data/extracted/data/labels/train/GOPR8085_JPG.rf.f054c2753e46b7febf8782f0bd2fe32c.txt,0a877bf5e29116998383c20dac2fad7da6bb784b4f533570dec9d106302725e1
train/GOPR8086_JPG.rf.f51f3054868ef2c3ce771d5f58e007da,train,data/extracted/data/images/train/GOPR8086_JPG.rf.f51f3054868ef2c3ce771d5f58e007da.jpg,data/extracted/data/labels/train/GOPR8086_JPG.rf.f51f3054868ef2c3ce771d5f58e007da.txt,facc19737e5c2f5dc82c1111105155024d49543a7cd16e64307f524858bdcce8
train/GOPR8088_JPG.rf.d0bf3c5a6fd30f9a4662d35e1500d659,train,data/extracted/data/images/train/GOPR8088_JPG.rf.d0bf3c5a6fd30f9a4662d35e1500d659.jpg,data/extracted/data/labels/train/GOPR8088_JPG.rf.d0bf3c5a6fd30f9a4662d35e1500d659.txt,97f7d24893c750c5744db49c07d5d601ae6e6a7b2689a7260a72fbd5e21f773d
train/GOPR8089_JPG.rf.c87cd0de62d6dd99e296c3dcda0bc932,train,data/extracted/data/images/train/GOPR8089_JPG.rf.c87cd0de62d6dd99e296c3dcda0bc932.jpg,data/extracted/data/labels/train/GOPR8089_JPG.rf.c87cd0de62d6dd99e296c3dcda0bc932.txt,b472fc44436d7517574b25a0041e46d9201177ecdd682ecf449ac1ed4917c1f0
train/GOPR8092_JPG.rf.e51ca50733269ce7e43fc105829b4a0a,train,data/extracted/data/images/train/GOPR8092_JPG.rf.e51ca50733269ce7e43fc105829b4a0a.jpg,data/extracted/data/labels/train/GOPR8092_JPG.rf.e51ca50733269ce7e43fc105829b4a0a.txt,d1282353c0ce7955d8bd22626e573d29d465cbbbf675fae246672f9b2775ad41
train/GOPR8093_JPG.rf.892866d3ff238cf7572a5998ead413de,train,data/extracted/data/images/train/GOPR8093_JPG.rf.892866d3ff238cf7572a5998ead413de.jpg,data/extracted/data/labels/train/GOPR8093_JPG.rf.892866d3ff238cf7572a5998ead413de.txt,e1eadb54c68b6e758fd60621d64912b0ddc48823b10350923e232b050c49a5b4
train/GOPR8094_JPG.rf.51fd06caf08d893217d3ef2c82a105a9,train,data/extracted/data/images/train/GOPR8094_JPG.rf.51fd06caf08d893217d3ef2c82a105a9.jpg,data/extracted/data/labels/train/GOPR8094_JPG.rf.51fd06caf08d893217d3ef2c82a105a9.txt,6dda52456ae3038fa1e99cc00cdc64e2be8576806efc0c98738acf1c0359186f
valid/G0207738_JPG.rf.f3a8a29d0ce23629480f0d5c2de54f97,valid,data/extracted/data/images/valid/G0207738_JPG.rf.f3a8a29d0ce23629480f0d5c2de54f97.jpg,data/extracted/data/labels/valid/G0207738_JPG.rf.f3a8a29d0ce23629480f0d5c2de54f97.txt,152d0bed8d14cda0d59855eee4859539077625a7305035c2f9e6c8827f5c2a85
valid/GOPR6954_JPG.rf.d3f661e7aaaea40e9339b39c502d4b2a,valid,data/extracted/data/images/valid/GOPR6954_JPG.rf.d3f661e7aaaea40e9339b39c502d4b2a.jpg,data/extracted/data/labels/valid/GOPR6954_JPG.rf.d3f661e7aaaea40e9339b39c502d4b2a.txt,230ef751e787a9affb209e74b9fc6f58c619473564482cc3acd86af2008bba21
valid/GOPR6960_JPG.rf.e3709843cbdcc58fdaf87cfec8260077,valid,data/extracted/data/images/valid/GOPR6960_JPG.rf.e3709843cbdcc58fdaf87cfec8260077.jpg,data/extracted/data/labels/valid/GOPR6960_JPG.rf.e3709843cbdcc58fdaf87cfec8260077.txt,76214baf380130f06a3c046d049df0c4c83c956ad0c5c38a03d742a711a6c80d
valid/GOPR6968_JPG.rf.809fa064f18606faa6c8ea6661d99baa,valid,data/extracted/data/images/valid/GOPR6968_JPG.rf.809fa064f18606faa6c8ea6661d99baa.jpg,data/extracted/data/labels/valid/GOPR6968_JPG.rf.809fa064f18606faa6c8ea6661d99baa.txt,dd6d34cee0084ac2a99294973092fa133150e408732963c3e5aec85c4a9ffc99
valid/GOPR6997_JPG.rf.d14407a05f4ed2c33349bc5dac343326,valid,data/extracted/data/images/valid/GOPR6997_JPG.rf.d14407a05f4ed2c33349bc5dac343326.jpg,data/extracted/data/labels/valid/GOPR6997_JPG.rf.d14407a05f4ed2c33349bc5dac343326.txt,1638611a0fe077e21434982d140867447bde222a41d6598ed18409e5d99c1c48
valid/GOPR6998_JPG.rf.8ef13cb91ae62ba3ab7eaafa524cd6b3,valid,data/extracted/data/images/valid/GOPR6998_JPG.rf.8ef13cb91ae62ba3ab7eaafa524cd6b3.jpg,data/extracted/data/labels/valid/GOPR6998_JPG.rf.8ef13cb91ae62ba3ab7eaafa524cd6b3.txt,914c67f45d1e8f45aabfca793a3854d3a55d687f835b0ed8a5e17b56e91e3758
valid/GOPR6999_JPG.rf.51c35bc5c0f51e6c5f5eff088af57204,valid,data/extracted/data/images/valid/GOPR6999_JPG.rf.51c35bc5c0f51e6c5f5eff088af57204.jpg,data/extracted/data/labels/valid/GOPR6999_JPG.rf.51c35bc5c0f51e6c5f5eff088af57204.txt,7011ed1ee83f2ccdba55969afa31e22a3e69b1b0daff3b05fb3330a3095e96e1
valid/GOPR7008_JPG.rf.f30f30ca3bb1b80477dc206189bf40b2,valid,data/extracted/data/images/valid/GOPR7008_JPG.rf.f30f30ca3bb1b80477dc206189bf40b2.jpg,data/extracted/data/labels/valid/GOPR7008_JPG.rf.f30f30ca3bb1b80477dc206189bf40b2.txt,cb52e480bda2d0f8f2fb02c8f028d10aeeeadc6b810a5187deb1a21413b2468a
valid/GOPR7020_JPG.rf.97f82b8d62e9bbef3ed47af7711ee215,valid,data/extracted/data/images/valid/GOPR7020_JPG.rf.97f82b8d62e9bbef3ed47af7711ee215.jpg,data/extracted/data/labels/valid/GOPR7020_JPG.rf.97f82b8d62e9bbef3ed47af7711ee215.txt,0cf99120677ae0abd0636e50116ab43e55678ddc93255133f34111654784a69c
valid/GOPR7023_JPG.rf.7ab6795e9d17b61728214eb1f226bfdc,valid,data/extracted/data/images/valid/GOPR7023_JPG.rf.7ab6795e9d17b61728214eb1f226bfdc.jpg,data/extracted/data/labels/valid/GOPR7023_JPG.rf.7ab6795e9d17b61728214eb1f226bfdc.txt,67312111a9f11e14dc6c59607f552c85d9da952cbecb825fcbd8c2dbe9f638c3
valid/GOPR7024_JPG.rf.786282aaa3bf9f2f8682572f2cf55989,valid,data/extracted/data/images/valid/GOPR7024_JPG.rf.786282aaa3bf9f2f8682572f2cf55989.jpg,data/extracted/data/labels/valid/GOPR7024_JPG.rf.786282aaa3bf9f2f8682572f2cf55989.txt,f581c0c4b6dd3d9795e243fc8bb4e7bd9f9ffb492a3dcd6cbbd52ce8b0f5a353
valid/GOPR7040_JPG.rf.af0f0b05c90a042cecbd5060669f18f9,valid,data/extracted/data/images/valid/GOPR7040_JPG.rf.af0f0b05c90a042cecbd5060669f18f9.jpg,data/extracted/data/labels/valid/GOPR7040_JPG.rf.af0f0b05c90a042cecbd5060669f18f9.txt,63da80ba59f13b65846f0c9c93bbc37a009a2d194fe12433b09a46d79a29d262
valid/GOPR7051_JPG.rf.ed6933b0d9bddc92c9431b823d79b512,valid,data/extracted/data/images/valid/GOPR7051_JPG.rf.ed6933b0d9bddc92c9431b823d79b512.jpg,data/extracted/data/labels/valid/GOPR7051_JPG.rf.ed6933b0d9bddc92c9431b823d79b512.txt,d9dcba3bede8248ffb7cbffff97dc3489795725c751bae856ccfe1edb1ee776b
valid/GOPR7055_JPG.rf.c10dd2ec3ea1749685ff989f58f9f266,valid,data/extracted/data/images/valid/GOPR7055_JPG.rf.c10dd2ec3ea1749685ff989f58f9f266.jpg,data/extracted/data/labels/valid/GOPR7055_JPG.rf.c10dd2ec3ea1749685ff989f58f9f266.txt,4eb294f84b697bb9fb420f69b4e6249fc6b6b17ce5a1b78dfc8c16ba54b4cc6f
valid/GOPR7059_JPG.rf.947979f1cd47df11c9a74fc9a8d72c16,valid,data/extracted/data/images/valid/GOPR7059_JPG.rf.947979f1cd47df11c9a74fc9a8d72c16.jpg,data/extracted/data/labels/valid/GOPR7059_JPG.rf.947979f1cd47df11c9a74fc9a8d72c16.txt,f35bbf40667940199c859fcd9ac5161ffcfd70c381c801a5f8673667f6e80336
valid/GOPR7068_JPG.rf.493419d19099260a4290e3ebf9fe6b78,valid,data/extracted/data/images/valid/GOPR7068_JPG.rf.493419d19099260a4290e3ebf9fe6b78.jpg,data/extracted/data/labels/valid/GOPR7068_JPG.rf.493419d19099260a4290e3ebf9fe6b78.txt,a317ed745b15f549ed1d118a38737a93ef66cee060e67394909c54d34ee04b50
valid/GOPR7071_JPG.rf.2f185dab1014858f2d104b7584a6b8c7,valid,data/extracted/data/images/valid/GOPR7071_JPG.rf.2f185dab1014858f2d104b7584a6b8c7.jpg,data/extracted/data/labels/valid/GOPR7071_JPG.rf.2f185dab1014858f2d104b7584a6b8c7.txt,43670b845b5ec1b4c7004124439521993b8211be07f6bd80dcdd47730af0d2ff
valid/GOPR7095_JPG.rf.65617fd67a3a270197edd7692a524c82,valid,data/extracted/data/images/valid/GOPR7095_JPG.rf.65617fd67a3a270197edd7692a524c82.jpg,data/extracted/data/labels/valid/GOPR7095_JPG.rf.65617fd67a3a270197edd7692a524c82.txt,8d7e35615399218b97de460210772f44d8b5792015d60233a1641d36f05a727e
valid/GOPR7109_JPG.rf.87f2681192cb55536bc4afd8719b0cd5,valid,data/extracted/data/images/valid/GOPR7109_JPG.rf.87f2681192cb55536bc4afd8719b0cd5.jpg,data/extracted/data/labels/valid/GOPR7109_JPG.rf.87f2681192cb55536bc4afd8719b0cd5.txt,22a1cf0714420f4b802ffcdb312f0ab7ab027e12be9f867d78cc149a633b88a7
valid/GOPR7114_JPG.rf.e44c92b4c2719e773237c7b0c1c7fe5f,valid,data/extracted/data/images/valid/GOPR7114_JPG.rf.e44c92b4c2719e773237c7b0c1c7fe5f.jpg,data/extracted/data/labels/valid/GOPR7114_JPG.rf.e44c92b4c2719e773237c7b0c1c7fe5f.txt,1eb53e3076c7a3150f1524bd00c2d703911c42572d6bdf4aa60d6442874281cb
valid/GOPR7129_JPG.rf.4c37480546fca37bd1c7506f3edd46db,valid,data/extracted/data/images/valid/GOPR7129_JPG.rf.4c37480546fca37bd1c7506f3edd46db.jpg,data/extracted/data/labels/valid/GOPR7129_JPG.rf.4c37480546fca37bd1c7506f3edd46db.txt,424896c86c23c6388f016518f6e72d19bc2a16df4cbb03acb607cae6dee0e7d8
valid/GOPR7138_JPG.rf.488879b32c4da68b4f36880c5ba8e480,valid,data/extracted/data/images/valid/GOPR7138_JPG.rf.488879b32c4da68b4f36880c5ba8e480.jpg,data/extracted/data/labels/valid/GOPR7138_JPG.rf.488879b32c4da68b4f36880c5ba8e480.txt,1126b9bd34804109e6c5635b971e192f24372ddc3d950235b438218e5c1affe3
valid/GOPR7144_JPG.rf.1839174f19eaabb73dffba9e7da10cb3,valid,data/extracted/data/images/valid/GOPR7144_JPG.rf.1839174f19eaabb73dffba9e7da10cb3.jpg,data/extracted/data/labels/valid/GOPR7144_JPG.rf.1839174f19eaabb73dffba9e7da10cb3.txt,40a5503e368c50b1e235221623ae3ee40bef4e04c1e421ebef412aee729b46ee
valid/GOPR7147_JPG.rf.70140209828fe3ad8ab3a5d530138691,valid,data/extracted/data/images/valid/GOPR7147_JPG.rf.70140209828fe3ad8ab3a5d530138691.jpg,data/extracted/data/labels/valid/GOPR7147_JPG.rf.70140209828fe3ad8ab3a5d530138691.txt,4f2189bd09df12a6dcd8f422b3d4112365441ef49dca2e02c65e7273167e1fef
valid/GOPR7148_JPG.rf.de5b334ffa4b26bb008cc2b8a075088d,valid,data/extracted/data/images/valid/GOPR7148_JPG.rf.de5b334ffa4b26bb008cc2b8a075088d.jpg,data/extracted/data/labels/valid/GOPR7148_JPG.rf.de5b334ffa4b26bb008cc2b8a075088d.txt,9961ead506ff476718cbe11088942a4045da0a70b1f8b80355f525564abb2324
valid/GOPR7161_JPG.rf.acbaee8f4206e9d6384452c95c290fde,valid,data/extracted/data/images/valid/GOPR7161_JPG.rf.acbaee8f4206e9d6384452c95c290fde.jpg,data/extracted/data/labels/valid/GOPR7161_JPG.rf.acbaee8f4206e9d6384452c95c290fde.txt,1046e1af35c57817e144c9af7d31d72d1f827c943fd1fb61493eaf5d2e3a41d1
valid/GOPR7163_JPG.rf.500163bd2a937e471d03538792737f2a,valid,data/extracted/data/images/valid/GOPR7163_JPG.rf.500163bd2a937e471d03538792737f2a.jpg,data/extracted/data/labels/valid/GOPR7163_JPG.rf.500163bd2a937e471d03538792737f2a.txt,95e301e157b8896f328bc46253a4f55da8288a253c64f11d91c9489029c9dbfa
valid/GOPR7184_JPG.rf.e7ed47657d0f7470001ded244c3a00a3,valid,data/extracted/data/images/valid/GOPR7184_JPG.rf.e7ed47657d0f7470001ded244c3a00a3.jpg,data/extracted/data/labels/valid/GOPR7184_JPG.rf.e7ed47657d0f7470001ded244c3a00a3.txt,e0c707c30028c7cb9d0fd0727f1a475a1ca839bbc5097b71c80addb0453a5c55
valid/GOPR7187_JPG.rf.387fca46999f093dd84bc014c234238b,valid,data/extracted/data/images/valid/GOPR7187_JPG.rf.387fca46999f093dd84bc014c234238b.jpg,data/extracted/data/labels/valid/GOPR7187_JPG.rf.387fca46999f093dd84bc014c234238b.txt,d6a2525f4659ae388e0dcdad0fc26e6156aa18d1894cddf9078c1d9bda53b583
valid/GOPR7207_JPG.rf.5351c2f5ab8c117e9e091f8bdcace745,valid,data/extracted/data/images/valid/GOPR7207_JPG.rf.5351c2f5ab8c117e9e091f8bdcace745.jpg,data/extracted/data/labels/valid/GOPR7207_JPG.rf.5351c2f5ab8c117e9e091f8bdcace745.txt,9907c3d530634cf01872866401baddd0ad3b5da50f0f642f7ea895a78309a40c
valid/GOPR7217_JPG.rf.cef6f20653b07b97951950e51746d7d8,valid,data/extracted/data/images/valid/GOPR7217_JPG.rf.cef6f20653b07b97951950e51746d7d8.jpg,data/extracted/data/labels/valid/GOPR7217_JPG.rf.cef6f20653b07b97951950e51746d7d8.txt,9f6cdebf01188361ca93ee1427a2bc9efe22756d6397b404ed0840df28dd7451
valid/GOPR7221_JPG.rf.739ab26ca4812ab4b9ebe601fd41a10b,valid,data/extracted/data/images/valid/GOPR7221_JPG.rf.739ab26ca4812ab4b9ebe601fd41a10b.jpg,data/extracted/data/labels/valid/GOPR7221_JPG.rf.739ab26ca4812ab4b9ebe601fd41a10b.txt,665d9ff05040cdfe5d6602f82de0cf90030785fae5187ffacec1fee057ce899e
valid/GOPR7225_JPG.rf.a6c0a50900d9167df4a5bd169b8fa36e,valid,data/extracted/data/images/valid/GOPR7225_JPG.rf.a6c0a50900d9167df4a5bd169b8fa36e.jpg,data/extracted/data/labels/valid/GOPR7225_JPG.rf.a6c0a50900d9167df4a5bd169b8fa36e.txt,267d48187aac0637c02c3fde83dc7e5375e1bf92b31a6d79bc3d25695833b613
valid/GOPR7234_JPG.rf.9cc6710558f6616c21a722cf9f21e939,valid,data/extracted/data/images/valid/GOPR7234_JPG.rf.9cc6710558f6616c21a722cf9f21e939.jpg,data/extracted/data/labels/valid/GOPR7234_JPG.rf.9cc6710558f6616c21a722cf9f21e939.txt,ac839f391facf5251a9a6f43d461de9ccabc989dd80bb3730779a4ef07115d0d
valid/GOPR7399_JPG.rf.313a42cdd4a7b1b734254a70004f269c,valid,data/extracted/data/images/valid/GOPR7399_JPG.rf.313a42cdd4a7b1b734254a70004f269c.jpg,data/extracted/data/labels/valid/GOPR7399_JPG.rf.313a42cdd4a7b1b734254a70004f269c.txt,47670d146c31535fef5c782fada14a742f751d96e3a45aa5b4cbc57d608e1b36
valid/GOPR7401_JPG.rf.c4fed245acbf77da986a407a53ac0ee0,valid,data/extracted/data/images/valid/GOPR7401_JPG.rf.c4fed245acbf77da986a407a53ac0ee0.jpg,data/extracted/data/labels/valid/GOPR7401_JPG.rf.c4fed245acbf77da986a407a53ac0ee0.txt,0d88149c044e9175d92901b768e134bc7efc0adebf3197d36f268526c8a4bf21
valid/GOPR7403_JPG.rf.4db58e2479df02d467d5e765cfe643bf,valid,data/extracted/data/images/valid/GOPR7403_JPG.rf.4db58e2479df02d467d5e765cfe643bf.jpg,data/extracted/data/labels/valid/GOPR7403_JPG.rf.4db58e2479df02d467d5e765cfe643bf.txt,f7c817cdc0b6c755c38d0e5c1cdc346caa06022d27f6d87ba6399599f30ff840
valid/GOPR7408_JPG.rf.eb4e68a6fad2187da1d671256d1c5a8f,valid,data/extracted/data/images/valid/GOPR7408_JPG.rf.eb4e68a6fad2187da1d671256d1c5a8f.jpg,data/extracted/data/labels/valid/GOPR7408_JPG.rf.eb4e68a6fad2187da1d671256d1c5a8f.txt,1ad738e06363b46e6544294dc109382292e67f197d830844f66852c1bb8769b0
valid/GOPR7411_JPG.rf.bd86467e276d7c366ee126354947bfe8,valid,data/extracted/data/images/valid/GOPR7411_JPG.rf.bd86467e276d7c366ee126354947bfe8.jpg,data/extracted/data/labels/valid/GOPR7411_JPG.rf.bd86467e276d7c366ee126354947bfe8.txt,71a6eece0ed6885a4d00021919be9741588f32ecd1d0a240193a41366f5e6b47
valid/GOPR7424_JPG.rf.84c37e532ac2613dda58e838def9bd6a,valid,data/extracted/data/images/valid/GOPR7424_JPG.rf.84c37e532ac2613dda58e838def9bd6a.jpg,data/extracted/data/labels/valid/GOPR7424_JPG.rf.84c37e532ac2613dda58e838def9bd6a.txt,6ade0d8f98e23de03753ba6e5b5b7b78c96b4256005931406a0b343f4397ef02
valid/GOPR7427_JPG.rf.1192bd4c09b4ef0b90efa85fe11ac481,valid,data/extracted/data/images/valid/GOPR7427_JPG.rf.1192bd4c09b4ef0b90efa85fe11ac481.jpg,data/extracted/data/labels/valid/GOPR7427_JPG.rf.1192bd4c09b4ef0b90efa85fe11ac481.txt,5e0075b8d6095fe0e47c9ee6d29130c1eefe94109de13389e14a9d5f79ea69b7
valid/GOPR7446_JPG.rf.2e433ca112a53a0a2d1781c5e3f6f348,valid,data/extracted/data/images/valid/GOPR7446_JPG.rf.2e433ca112a53a0a2d1781c5e3f6f348.jpg,data/extracted/data/labels/valid/GOPR7446_JPG.rf.2e433ca112a53a0a2d1781c5e3f6f348.txt,2a7c94a18dfac3b7f4a4720e2a7bb8526304493159df0279ca28c21ffdfcb339
valid/GOPR7458_JPG.rf.4cf113a9694e881ee76c2ee99ffb4747,valid,data/extracted/data/images/valid/GOPR7458_JPG.rf.4cf113a9694e881ee76c2ee99ffb4747.jpg,data/extracted/data/labels/valid/GOPR7458_JPG.rf.4cf113a9694e881ee76c2ee99ffb4747.txt,e4ef34aade79f8eefe18b25d1df12497721bb8f651fbede86c0ff943cbe293c8
valid/GOPR7461_JPG.rf.b0e2f2212d3b7f640d044e42a37a8b12,valid,data/extracted/data/images/valid/GOPR7461_JPG.rf.b0e2f2212d3b7f640d044e42a37a8b12.jpg,data/extracted/data/labels/valid/GOPR7461_JPG.rf.b0e2f2212d3b7f640d044e42a37a8b12.txt,0e760c3ef7720e16b23b8377a70eb85d16bc59141a93839d9d54827ea45d8e99
valid/GOPR7465_JPG.rf.353ef4dada848207ee848c4bf6cb870b,valid,data/extracted/data/images/valid/GOPR7465_JPG.rf.353ef4dada848207ee848c4bf6cb870b.jpg,data/extracted/data/labels/valid/GOPR7465_JPG.rf.353ef4dada848207ee848c4bf6cb870b.txt,0890dfa1e0c1eaf3dccdfb3335f7718008a56a14e029840765a90b6e3655fe9b
valid/GOPR7474_JPG.rf.ac4cdb52a7375f082df448f37005589e,valid,data/extracted/data/images/valid/GOPR7474_JPG.rf.ac4cdb52a7375f082df448f37005589e.jpg,data/extracted/data/labels/valid/GOPR7474_JPG.rf.ac4cdb52a7375f082df448f37005589e.txt,e521727b27a4ea56a2f4e80dd7caebe0a124f44f5cb6b3565409be68fb0dd5ba
valid/GOPR7485_JPG.rf.adb2d85086ab4ad3c0b319267c78fed5,valid,data/extracted/data/images/valid/GOPR7485_JPG.rf.adb2d85086ab4ad3c0b319267c78fed5.jpg,data/extracted/data/labels/valid/GOPR7485_JPG.rf.adb2d85086ab4ad3c0b319267c78fed5.txt,edfbea467dc05fd00d861e8a3b9080bdb397d3323241769d1d9e0a83b2919e9b
valid/GOPR7487_JPG.rf.d777789350f4355d1a28702c4bfd7d53,valid,data/extracted/data/images/valid/GOPR7487_JPG.rf.d777789350f4355d1a28702c4bfd7d53.jpg,data/extracted/data/labels/valid/GOPR7487_JPG.rf.d777789350f4355d1a28702c4bfd7d53.txt,48d7df2319b90ad14f2581a64788a29c9ae547e6daa74b7f85e448a4721d5e53
valid/GOPR7488_JPG.rf.58978572cf0fb5b8f6a2bbc1adbe0f2d,valid,data/extracted/data/images/valid/GOPR7488_JPG.rf.58978572cf0fb5b8f6a2bbc1adbe0f2d.jpg,data/extracted/data/labels/valid/GOPR7488_JPG.rf.58978572cf0fb5b8f6a2bbc1adbe0f2d.txt,88575646eedde92fe22f8262f1517a3952ab3382ed918230805fe9ecf4d8428f
valid/GOPR7490_JPG.rf.9bdc17bc272840e78f5c41ac8ff94688,valid,data/extracted/data/images/valid/GOPR7490_JPG.rf.9bdc17bc272840e78f5c41ac8ff94688.jpg,data/extracted/data/labels/valid/GOPR7490_JPG.rf.9bdc17bc272840e78f5c41ac8ff94688.txt,b87b82de80e2c5be4471bc97b076a577e8f715f8a20a9b99bfea9c11389d8c41
valid/GOPR7495_JPG.rf.d16dfcf8d7f176e9b2401a3c6ef3c597,valid,data/extracted/data/images/valid/GOPR7495_JPG.rf.d16dfcf8d7f176e9b2401a3c6ef3c597.jpg,data/extracted/data/labels/valid/GOPR7495_JPG.rf.d16dfcf8d7f176e9b2401a3c6ef3c597.txt,577533514cfc9ee258a9e34b0d811440809b272b5340157e4470f78881f70729
valid/GOPR7496_JPG.rf.f12db2048e24be455d902861cafe2438,valid,data/extracted/data/images/valid/GOPR7496_JPG.rf.f12db2048e24be455d902861cafe2438.jpg,data/extracted/data/labels/valid/GOPR7496_JPG.rf.f12db2048e24be455d902861cafe2438.txt,2432650b7dd7d13b5a1924812f04993bf0b33222cdeab90260cec8cadc74d7ea
valid/GOPR7503_JPG.rf.c414a85332918bbd44b9fac33b5a049d,valid,data/extracted/data/images/valid/GOPR7503_JPG.rf.c414a85332918bbd44b9fac33b5a049d.jpg,data/extracted/data/labels/valid/GOPR7503_JPG.rf.c414a85332918bbd44b9fac33b5a049d.txt,dbf5b4e8da9607e20527caa69572d326c5b94423e18b055ac4d0f6cc598169cb
valid/GOPR7505_JPG.rf.bdbb723333d98c4c1df7f96540030758,valid,data/extracted/data/images/valid/GOPR7505_JPG.rf.bdbb723333d98c4c1df7f96540030758.jpg,data/extracted/data/labels/valid/GOPR7505_JPG.rf.bdbb723333d98c4c1df7f96540030758.txt,2227bea74a1b556bcbba2997195cf533095feb6248d008ab4b6d437757b3d2f9
valid/GOPR7506_JPG.rf.9df55e73f5cbd64b3265fb3c3bf75c7c,valid,data/extracted/data/images/valid/GOPR7506_JPG.rf.9df55e73f5cbd64b3265fb3c3bf75c7c.jpg,data/extracted/data/labels/valid/GOPR7506_JPG.rf.9df55e73f5cbd64b3265fb3c3bf75c7c.txt,7cfb4d9df05399ff4708999c9fe729e569a2181a56a56da013a78e674229a68b
valid/GOPR7509_JPG.rf.e74e20ffc203ee42f7fc705c95d0ace2,valid,data/extracted/data/images/valid/GOPR7509_JPG.rf.e74e20ffc203ee42f7fc705c95d0ace2.jpg,data/extracted/data/labels/valid/GOPR7509_JPG.rf.e74e20ffc203ee42f7fc705c95d0ace2.txt,7db8f7048cd6ad1246f124c66555a65a07f8f1df8d5cafc3a0fd5482eb76aaf8
valid/GOPR7512_JPG.rf.c3de78d1bfaac13659264523498d7e54,valid,data/extracted/data/images/valid/GOPR7512_JPG.rf.c3de78d1bfaac13659264523498d7e54.jpg,data/extracted/data/labels/valid/GOPR7512_JPG.rf.c3de78d1bfaac13659264523498d7e54.txt,05d7995f00bffa2b7e92a5787433d708290d74330a64d20ff8f9c8d4d7d09bbc
valid/GOPR7524_JPG.rf.8ec45178f03dfb231fc9a40922831f03,valid,data/extracted/data/images/valid/GOPR7524_JPG.rf.8ec45178f03dfb231fc9a40922831f03.jpg,data/extracted/data/labels/valid/GOPR7524_JPG.rf.8ec45178f03dfb231fc9a40922831f03.txt,ebdaf2c0a40bf0c7d6546554cc647017d5c601164bcf61028a06abeb87c93de0
valid/GOPR7526_JPG.rf.fed1c1481433146ef30d814586b538a3,valid,data/extracted/data/images/valid/GOPR7526_JPG.rf.fed1c1481433146ef30d814586b538a3.jpg,data/extracted/data/labels/valid/GOPR7526_JPG.rf.fed1c1481433146ef30d814586b538a3.txt,035727d9064bc7deefc2bd721dafbcaea75f3eebda8e169b4582077cebbb21af
valid/GOPR7543_JPG.rf.3d72eb5b1ee655b7076786951e3266ec,valid,data/extracted/data/images/valid/GOPR7543_JPG.rf.3d72eb5b1ee655b7076786951e3266ec.jpg,data/extracted/data/labels/valid/GOPR7543_JPG.rf.3d72eb5b1ee655b7076786951e3266ec.txt,02ab5c3b73708d99b72c298ea6c9ba005054dce1156fce765d28156c9b75597c
valid/GOPR7544_JPG.rf.17fb5df437080ff357a74721b722bcca,valid,data/extracted/data/images/valid/GOPR7544_JPG.rf.17fb5df437080ff357a74721b722bcca.jpg,data/extracted/data/labels/valid/GOPR7544_JPG.rf.17fb5df437080ff357a74721b722bcca.txt,a2a7824a6984d0b6c4e26cb394261f234a8ddf0753b55bf3bf8cc9257148d9a4
valid/GOPR7548_JPG.rf.d969bde128b086d9e622d2c776794900,valid,data/extracted/data/images/valid/GOPR7548_JPG.rf.d969bde128b086d9e622d2c776794900.jpg,data/extracted/data/labels/valid/GOPR7548_JPG.rf.d969bde128b086d9e622d2c776794900.txt,d8ca806e8489508201e1599ea64b7ede80b257c858ff095339c50d9f06c133f0
valid/GOPR7550_JPG.rf.22db42081287f9b0f98e586138574ccd,valid,data/extracted/data/images/valid/GOPR7550_JPG.rf.22db42081287f9b0f98e586138574ccd.jpg,data/extracted/data/labels/valid/GOPR7550_JPG.rf.22db42081287f9b0f98e586138574ccd.txt,49419d97cbc352026ef72e01b5bb8b485a73f0ca6b124588fd58169043948f18
valid/GOPR7553_JPG.rf.6b3ceaa496bd7ee56f9ea3e5e4245692,valid,data/extracted/data/images/valid/GOPR7553_JPG.rf.6b3ceaa496bd7ee56f9ea3e5e4245692.jpg,data/extracted/data/labels/valid/GOPR7553_JPG.rf.6b3ceaa496bd7ee56f9ea3e5e4245692.txt,07b34d18e39cbd95de0296e7b36a638ae52930337a1802df890aa78e92c94732
valid/GOPR7555_JPG.rf.be92f0b95a525d9e9a99e787c68794d3,valid,data/extracted/data/images/valid/GOPR7555_JPG.rf.be92f0b95a525d9e9a99e787c68794d3.jpg,data/extracted/data/labels/valid/GOPR7555_JPG.rf.be92f0b95a525d9e9a99e787c68794d3.txt,cfb36aa8b681eefcdf6e5a6ca1380b2c5145518cd07be331c6b1308c026246ec
valid/GOPR7564_JPG.rf.e44f4d70319457d8d0cd4cd7fde997f3,valid,data/extracted/data/images/valid/GOPR7564_JPG.rf.e44f4d70319457d8d0cd4cd7fde997f3.jpg,data/extracted/data/labels/valid/GOPR7564_JPG.rf.e44f4d70319457d8d0cd4cd7fde997f3.txt,992e2b9013caab9b063815689927a294dca8d05fad663a8f5c6dd43359d19b0c
valid/GOPR7565_JPG.rf.81435b349cf1a715e7cdf4744e67516d,valid,data/extracted/data/images/valid/GOPR7565_JPG.rf.81435b349cf1a715e7cdf4744e67516d.jpg,data/extracted/data/labels/valid/GOPR7565_JPG.rf.81435b349cf1a715e7cdf4744e67516d.txt,d9dd259bb1e2a575b9367279a14fbe5c128a11cb9b755831896f4651876d8cff
valid/GOPR7568_JPG.rf.8e988fff70e1ded5ee9b3256270ce99d,valid,data/extracted/data/images/valid/GOPR7568_JPG.rf.8e988fff70e1ded5ee9b3256270ce99d.jpg,data/extracted/data/labels/valid/GOPR7568_JPG.rf.8e988fff70e1ded5ee9b3256270ce99d.txt,c7e339229cf73c2b77bed44a9a915b558905d246707340dc678b426512aaf373
valid/GOPR7569_JPG.rf.6715e5f78680beb5ece996ce16b1061c,valid,data/extracted/data/images/valid/GOPR7569_JPG.rf.6715e5f78680beb5ece996ce16b1061c.jpg,data/extracted/data/labels/valid/GOPR7569_JPG.rf.6715e5f78680beb5ece996ce16b1061c.txt,b24cd119388d81fba43ac82ea54f2c9ee70f7323dab19622352df80059fdcdb7
valid/GOPR7586_JPG.rf.1bb8c2d0cb84be2a98acf58a1c1d2ff8,valid,data/extracted/data/images/valid/GOPR7586_JPG.rf.1bb8c2d0cb84be2a98acf58a1c1d2ff8.jpg,data/extracted/data/labels/valid/GOPR7586_JPG.rf.1bb8c2d0cb84be2a98acf58a1c1d2ff8.txt,a883af27765e0e9502bf80e2d274af53f7bd4630ed5d7580a059585e68dd4d0a
valid/GOPR7588_JPG.rf.8897fd5f2d2f14cd14ebffbf46519ce6,valid,data/extracted/data/images/valid/GOPR7588_JPG.rf.8897fd5f2d2f14cd14ebffbf46519ce6.jpg,data/extracted/data/labels/valid/GOPR7588_JPG.rf.8897fd5f2d2f14cd14ebffbf46519ce6.txt,909c732e4c6d61008db71dd153073933d8265d8ee58ee6cca2c77609f57603b9
valid/GOPR7598_JPG.rf.bc3528b07ca4d8cf5036444877fa7b4a,valid,data/extracted/data/images/valid/GOPR7598_JPG.rf.bc3528b07ca4d8cf5036444877fa7b4a.jpg,data/extracted/data/labels/valid/GOPR7598_JPG.rf.bc3528b07ca4d8cf5036444877fa7b4a.txt,cbd38d940fa50a350466cbbd45cd7705d596609cc5c77c88d16c4facae18191c
valid/GOPR7601_JPG.rf.6d5a2b8de0a38aa37382c85ad9311965,valid,data/extracted/data/images/valid/GOPR7601_JPG.rf.6d5a2b8de0a38aa37382c85ad9311965.jpg,data/extracted/data/labels/valid/GOPR7601_JPG.rf.6d5a2b8de0a38aa37382c85ad9311965.txt,31fe3b0f1fec6f6259903da9b6dc42cb01c78f34aa4c8d15cede6491a74c0204
valid/GOPR7615_JPG.rf.2a66770d7a9d2d390d911d4592d5eed4,valid,data/extracted/data/images/valid/GOPR7615_JPG.rf.2a66770d7a9d2d390d911d4592d5eed4.jpg,data/extracted/data/labels/valid/GOPR7615_JPG.rf.2a66770d7a9d2d390d911d4592d5eed4.txt,a49332403f312f9ac8e8670eed6c286c3ca36a03b927846cd361d884933af6e3
valid/GOPR7617_JPG.rf.29efaaca321c8e3b19113886766b3f24,valid,data/extracted/data/images/valid/GOPR7617_JPG.rf.29efaaca321c8e3b19113886766b3f24.jpg,data/extracted/data/labels/valid/GOPR7617_JPG.rf.29efaaca321c8e3b19113886766b3f24.txt,31e432f3e1cfe7e4ca7c0e8b857bfca80ff31a4cba603afe1e98089ede6ab4ea
valid/GOPR7621_JPG.rf.8c2377990baa611585ae0fbaed719d6a,valid,data/extracted/data/images/valid/GOPR7621_JPG.rf.8c2377990baa611585ae0fbaed719d6a.jpg,data/extracted/data/labels/valid/GOPR7621_JPG.rf.8c2377990baa611585ae0fbaed719d6a.txt,6e935f5a125198c89215d1c57f009ef530291ce3b6cdbee265d740f8ca0ea10a
valid/GOPR7628_JPG.rf.8928616ab6819650c0574026c9b90991,valid,data/extracted/data/images/valid/GOPR7628_JPG.rf.8928616ab6819650c0574026c9b90991.jpg,data/extracted/data/labels/valid/GOPR7628_JPG.rf.8928616ab6819650c0574026c9b90991.txt,262dbac75a0755740fee0f36eb9194ccd3e9b1eab0b0f3b9846ed9b44453578c
valid/GOPR7629_JPG.rf.40bdde2836b15aebcdffcd5f451ac921,valid,data/extracted/data/images/valid/GOPR7629_JPG.rf.40bdde2836b15aebcdffcd5f451ac921.jpg,data/extracted/data/labels/valid/GOPR7629_JPG.rf.40bdde2836b15aebcdffcd5f451ac921.txt,d8f6c4f1efa43286085ddd798ee99b4f415f589b758bd03230f319974ec07951
valid/GOPR7635_JPG.rf.39a121584b019653783fe030406c7583,valid,data/extracted/data/images/valid/GOPR7635_JPG.rf.39a121584b019653783fe030406c7583.jpg,data/extracted/data/labels/valid/GOPR7635_JPG.rf.39a121584b019653783fe030406c7583.txt,237106305ae73f8d3f51251ff543aa9fa59de9d3b6e96dbe5dae407140772858
valid/GOPR7636_JPG.rf.6137cf2d97bfc6dd22677ad972343788,valid,data/extracted/data/images/valid/GOPR7636_JPG.rf.6137cf2d97bfc6dd22677ad972343788.jpg,data/extracted/data/labels/valid/GOPR7636_JPG.rf.6137cf2d97bfc6dd22677ad972343788.txt,c0161793f682ab681d41f2cb45f68d9cb81afeacaff8cf2281e82cad2514cad2
valid/GOPR7646_JPG.rf.596e16904a9092df3acd1603030d62ae,valid,data/extracted/data/images/valid/GOPR7646_JPG.rf.596e16904a9092df3acd1603030d62ae.jpg,data/extracted/data/labels/valid/GOPR7646_JPG.rf.596e16904a9092df3acd1603030d62ae.txt,3dfdd251301df4bad40b063290d231f97ee2ab13b3182baf39ea4fe69813100f
valid/GOPR7659_JPG.rf.1302c6941146a4cebecc151f2712dfca,valid,data/extracted/data/images/valid/GOPR7659_JPG.rf.1302c6941146a4cebecc151f2712dfca.jpg,data/extracted/data/labels/valid/GOPR7659_JPG.rf.1302c6941146a4cebecc151f2712dfca.txt,ff8a359b98e2ad38ffb4f677289c100011649e3ce9c4dd8d7fc9039ccc5f776a
valid/GOPR7676_JPG.rf.04f15aed16563cac65e27d2ec46612bb,valid,data/extracted/data/images/valid/GOPR7676_JPG.rf.04f15aed16563cac65e27d2ec46612bb.jpg,data/extracted/data/labels/valid/GOPR7676_JPG.rf.04f15aed16563cac65e27d2ec46612bb.txt,1c629271f490858544ff559f4651402a06cbadd43cff73fee91fd30368246792
valid/GOPR7677_JPG.rf.bc564f99d96c34be06726f447c382e06,valid,data/extracted/data/images/valid/GOPR7677_JPG.rf.bc564f99d96c34be06726f447c382e06.jpg,data/extracted/data/labels/valid/GOPR7677_JPG.rf.bc564f99d96c34be06726f447c382e06.txt,8088084bd50fd2d6e7550f45d5bafa927f6e569036bdc86d4e58807cc88767f1
valid/GOPR7687_JPG.rf.877650e48109894b9d0ec09846ab033f,valid,data/extracted/data/images/valid/GOPR7687_JPG.rf.877650e48109894b9d0ec09846ab033f.jpg,data/extracted/data/labels/valid/GOPR7687_JPG.rf.877650e48109894b9d0ec09846ab033f.txt,7b3415f0eda995fdbab89b0cb784db5a7c0c5bc6c5056548111824b19017c0f4
valid/GOPR7689_JPG.rf.8b54cc2fa0629f671a55507a8c467a55,valid,data/extracted/data/images/valid/GOPR7689_JPG.rf.8b54cc2fa0629f671a55507a8c467a55.jpg,data/extracted/data/labels/valid/GOPR7689_JPG.rf.8b54cc2fa0629f671a55507a8c467a55.txt,72da99323520e71178cf9534cb9e1897d7342518683345a631fcc2cb64aca9c6
valid/GOPR7714_JPG.rf.8bee06fc086bd43326017d8aeacc2782,valid,data/extracted/data/images/valid/GOPR7714_JPG.rf.8bee06fc086bd43326017d8aeacc2782.jpg,data/extracted/data/labels/valid/GOPR7714_JPG.rf.8bee06fc086bd43326017d8aeacc2782.txt,d1b023f6c1701397a09f15c2ec8df6e57d29c6f61df24a31b90bbe4600d9746e
valid/GOPR7724_JPG.rf.5ce1c34a9895a8bc2dd82c888923223e,valid,data/extracted/data/images/valid/GOPR7724_JPG.rf.5ce1c34a9895a8bc2dd82c888923223e.jpg,data/extracted/data/labels/valid/GOPR7724_JPG.rf.5ce1c34a9895a8bc2dd82c888923223e.txt,b6ff7566eb0d13c5c1d905ba5363a4a69f52d43c767a56ed7d84b2932891656c
valid/GOPR7727_JPG.rf.d94cd24f80f734a647ecbf59e0d79014,valid,data/extracted/data/images/valid/GOPR7727_JPG.rf.d94cd24f80f734a647ecbf59e0d79014.jpg,data/extracted/data/labels/valid/GOPR7727_JPG.rf.d94cd24f80f734a647ecbf59e0d79014.txt,cf43e098d3f5f5063d9f162a5ae33a603086b7d734668cecb8d589dc58051ab6
valid/GOPR7731_JPG.rf.3f7c92e2f53dda85095b88b82e969dcc,valid,data/extracted/data/images/valid/GOPR7731_JPG.rf.3f7c92e2f53dda85095b88b82e969dcc.jpg,data/extracted/data/labels/valid/GOPR7731_JPG.rf.3f7c92e2f53dda85095b88b82e969dcc.txt,42f416af581a032a15d560fd6b3e5db3a94ccfc8e0f9d9dbe71b1d8506110e0b
valid/GOPR7735_JPG.rf.46198bce38600a2e11d76cd5719ca39c,valid,data/extracted/data/images/valid/GOPR7735_JPG.rf.46198bce38600a2e11d76cd5719ca39c.jpg,data/extracted/data/labels/valid/GOPR7735_JPG.rf.46198bce38600a2e11d76cd5719ca39c.txt,0bd8fca4454d113926f44d3d2711c5f677bbd1353769198c1b022547f911eb75
valid/GOPR7740_JPG.rf.194994488efee4c9a0e0c8199ae2581b,valid,data/extracted/data/images/valid/GOPR7740_JPG.rf.194994488efee4c9a0e0c8199ae2581b.jpg,data/extracted/data/labels/valid/GOPR7740_JPG.rf.194994488efee4c9a0e0c8199ae2581b.txt,510a1bb5664944f87120d8b7517464198e9a4d656260923c214470f78fd68389
valid/GOPR7742_JPG.rf.676f5a6251f9d0d219a9946c593790d4,valid,data/extracted/data/images/valid/GOPR7742_JPG.rf.676f5a6251f9d0d219a9946c593790d4.jpg,data/extracted/data/labels/valid/GOPR7742_JPG.rf.676f5a6251f9d0d219a9946c593790d4.txt,4448f2783938e47a438881bbcbff9cb77891bd2bcd21873ee80bc793f0fcfc64
valid/GOPR7760_JPG.rf.73277d819cb54a9871af42849872e219,valid,data/extracted/data/images/valid/GOPR7760_JPG.rf.73277d819cb54a9871af42849872e219.jpg,data/extracted/data/labels/valid/GOPR7760_JPG.rf.73277d819cb54a9871af42849872e219.txt,01c9e3d8690075d3fec6fa9839b2a68a31b40eb18621a3704266c299b7f774b9
valid/GOPR7761_JPG.rf.eaf4f5a1505f172d6a7db00baece6d19,valid,data/extracted/data/images/valid/GOPR7761_JPG.rf.eaf4f5a1505f172d6a7db00baece6d19.jpg,data/extracted/data/labels/valid/GOPR7761_JPG.rf.eaf4f5a1505f172d6a7db00baece6d19.txt,b2000118dfce371f0fb81811b38f8b9e18cf76b576ef16f726a32328c71816b5
valid/GOPR7764_JPG.rf.d2f02eb54e30e4f3c7fe8a1046a37746,valid,data/extracted/data/images/valid/GOPR7764_JPG.rf.d2f02eb54e30e4f3c7fe8a1046a37746.jpg,data/extracted/data/labels/valid/GOPR7764_JPG.rf.d2f02eb54e30e4f3c7fe8a1046a37746.txt,a22b81d3ade17a651bcf891bdd513959e11146c34db43a51916cf3e04f70c2db
valid/GOPR7768_JPG.rf.e4b334cf384e6e0dab5aa24bb420d7c0,valid,data/extracted/data/images/valid/GOPR7768_JPG.rf.e4b334cf384e6e0dab5aa24bb420d7c0.jpg,data/extracted/data/labels/valid/GOPR7768_JPG.rf.e4b334cf384e6e0dab5aa24bb420d7c0.txt,46746a024c58bef3a6b22acf5b27332d4187d397b3baca3ee16886071d7b39e0
valid/GOPR7775_JPG.rf.777c689ef1920b19631991338669d5be,valid,data/extracted/data/images/valid/GOPR7775_JPG.rf.777c689ef1920b19631991338669d5be.jpg,data/extracted/data/labels/valid/GOPR7775_JPG.rf.777c689ef1920b19631991338669d5be.txt,967fbc701e6aa96fcbcb87fa37dadd769a9634b8ed46e4cb3f78c873011945de
valid/GOPR7777_JPG.rf.d35d55c4289408333cef174e04959475,valid,data/extracted/data/images/valid/GOPR7777_JPG.rf.d35d55c4289408333cef174e04959475.jpg,data/extracted/data/labels/valid/GOPR7777_JPG.rf.d35d55c4289408333cef174e04959475.txt,5facc125d66bd7743bff9d9952f07de49659c2ebf406409547680ab7dd93d00b
valid/GOPR7781_JPG.rf.1d5a1bbf7edd6fd4ed48c3ac7f36f0d4,valid,data/extracted/data/images/valid/GOPR7781_JPG.rf.1d5a1bbf7edd6fd4ed48c3ac7f36f0d4.jpg,data/extracted/data/labels/valid/GOPR7781_JPG.rf.1d5a1bbf7edd6fd4ed48c3ac7f36f0d4.txt,c1fb60066c8b1315c0f0c6b0f602e859c757992ef284fc5c69ac62449fb1f758
valid/GOPR7925_JPG.rf.ebee5a56c3525376a2e9798135f3b03a,valid,data/extracted/data/images/valid/GOPR7925_JPG.rf.ebee5a56c3525376a2e9798135f3b03a.jpg,data/extracted/data/labels/valid/GOPR7925_JPG.rf.ebee5a56c3525376a2e9798135f3b03a.txt,c3bd17cdfcdd01f8dda52958db998e7e92d4fdbee0ecec5a41f82b0c82dd97bb
valid/GOPR7937_JPG.rf.d71e3ee54111498d38368296a404ae0f,valid,data/extracted/data/images/valid/GOPR7937_JPG.rf.d71e3ee54111498d38368296a404ae0f.jpg,data/extracted/data/labels/valid/GOPR7937_JPG.rf.d71e3ee54111498d38368296a404ae0f.txt,e50f2f7a76dfd44888fe81f2f85db3e4cf1f1f5b58e6ab8de54cc033525b4019
valid/GOPR7938_JPG.rf.4349f25a24b6a533ed20d8267a177838,valid,data/extracted/data/images/valid/GOPR7938_JPG.rf.4349f25a24b6a533ed20d8267a177838.jpg,data/extracted/data/labels/valid/GOPR7938_JPG.rf.4349f25a24b6a533ed20d8267a177838.txt,f2f03f10de59b4cf064e4bb82d1fc117db58958b9e52547abb88a9c07bd34609
valid/GOPR7941_JPG.rf.f5c8dcd71ecbe7550fb6f7a6cca4006a,valid,data/extracted/data/images/valid/GOPR7941_JPG.rf.f5c8dcd71ecbe7550fb6f7a6cca4006a.jpg,data/extracted/data/labels/valid/GOPR7941_JPG.rf.f5c8dcd71ecbe7550fb6f7a6cca4006a.txt,18ed56d886d4b0369225ecb6f7f25e8ac7f181d4ab79acadf6c0a6d926bb3d33
valid/GOPR7951_JPG.rf.b4c7a95bdf3ea30987ec9e7b3e12eb92,valid,data/extracted/data/images/valid/GOPR7951_JPG.rf.b4c7a95bdf3ea30987ec9e7b3e12eb92.jpg,data/extracted/data/labels/valid/GOPR7951_JPG.rf.b4c7a95bdf3ea30987ec9e7b3e12eb92.txt,3a90cfdb826ac25b55a86758c83cc5c3088afbe60e8aa5b81a0dd8f63ac7966c
valid/GOPR7971_JPG.rf.1d21bf5a72fc5114c4f7f501b20ada53,valid,data/extracted/data/images/valid/GOPR7971_JPG.rf.1d21bf5a72fc5114c4f7f501b20ada53.jpg,data/extracted/data/labels/valid/GOPR7971_JPG.rf.1d21bf5a72fc5114c4f7f501b20ada53.txt,e02f281ed75e986f967fe672bd589dfc6a7489e33d5cdbb549b7ae6fb41d0c29
valid/GOPR7978_JPG.rf.f531fd606de183c3893416c8e98145ed,valid,data/extracted/data/images/valid/GOPR7978_JPG.rf.f531fd606de183c3893416c8e98145ed.jpg,data/extracted/data/labels/valid/GOPR7978_JPG.rf.f531fd606de183c3893416c8e98145ed.txt,b6fd9838071a2a67962c4e0c98e0941e910495d6c800f00084f5c51e07008020
valid/GOPR8009_JPG.rf.f21fe2403968dc22cf2ca41590f58808,valid,data/extracted/data/images/valid/GOPR8009_JPG.rf.f21fe2403968dc22cf2ca41590f58808.jpg,data/extracted/data/labels/valid/GOPR8009_JPG.rf.f21fe2403968dc22cf2ca41590f58808.txt,f8ae244f7d46ae7d2c4b0dd558a644055550144f29e3321a5b216bff65943fb2
valid/GOPR8027_JPG.rf.aa48623c26dad21f0361fb2237bb6033,valid,data/extracted/data/images/valid/GOPR8027_JPG.rf.aa48623c26dad21f0361fb2237bb6033.jpg,data/extracted/data/labels/valid/GOPR8027_JPG.rf.aa48623c26dad21f0361fb2237bb6033.txt,d9af4e7f521a9f2e96f5c78ebaa788421c68609eca23eb3f07c29d000122d35f
valid/GOPR8051_JPG.rf.a09aca8d5aedb0c3cdc802066f957b02,valid,data/extracted/data/images/valid/GOPR8051_JPG.rf.a09aca8d5aedb0c3cdc802066f957b02.jpg,data/extracted/data/labels/valid/GOPR8051_JPG.rf.a09aca8d5aedb0c3cdc802066f957b02.txt,218a03c530ca156f79bb5a1f7b19034c560eb134acad5a99e45fb2df42eb87cd
valid/GOPR8056_JPG.rf.dbe18133286fec17c41d97aea6fab561,valid,data/extracted/data/images/valid/GOPR8056_JPG.rf.dbe18133286fec17c41d97aea6fab561.jpg,data/extracted/data/labels/valid/GOPR8056_JPG.rf.dbe18133286fec17c41d97aea6fab561.txt,ae606abe0a90d703bf26949d0cba4ab9e52feda5d62cc0bd06a66e8e8cd44fa5
valid/GOPR8063_JPG.rf.2b5ed0135cc1652b6e7c70527cb30da9,valid,data/extracted/data/images/valid/GOPR8063_JPG.rf.2b5ed0135cc1652b6e7c70527cb30da9.jpg,data/extracted/data/labels/valid/GOPR8063_JPG.rf.2b5ed0135cc1652b6e7c70527cb30da9.txt,839c7002b7042c993325110cf91f45fd73006c9e7eb186d95efb34c68e7364b4
valid/GOPR8064_JPG.rf.b36cdb7a6315aeee7268998ef6073b2a,valid,data/extracted/data/images/valid/GOPR8064_JPG.rf.b36cdb7a6315aeee7268998ef6073b2a.jpg,data/extracted/data/labels/valid/GOPR8064_JPG.rf.b36cdb7a6315aeee7268998ef6073b2a.txt,307319fcb0727a85fdb7537562e15a65f50cfd644a1bd90571c21dc3d731e4e7
valid/GOPR8067_JPG.rf.68a591062615e4207d3af53398a52f59,valid,data/extracted/data/images/valid/GOPR8067_JPG.rf.68a591062615e4207d3af53398a52f59.jpg,data/extracted/data/labels/valid/GOPR8067_JPG.rf.68a591062615e4207d3af53398a52f59.txt,52e8d0a8b8edb96ea65b64d2090140cd44fddbb418fa28e6bd1f6d9a310b0d0e
valid/GOPR8075_JPG.rf.0ea559da7f39a1171489465b9ed0f2f0,valid,data/extracted/data/images/valid/GOPR8075_JPG.rf.0ea559da7f39a1171489465b9ed0f2f0.jpg,data/extracted/data/labels/valid/GOPR8075_JPG.rf.0ea559da7f39a1171489465b9ed0f2f0.txt,b248f47de41eccb67de42e29e43fbdc30f18fd65ec79d63ee548032a1982bb5a
valid/GOPR8078_JPG.rf.eb23581aaab767e957504f0334098608,valid,data/extracted/data/images/valid/GOPR8078_JPG.rf.eb23581aaab767e957504f0334098608.jpg,data/extracted/data/labels/valid/GOPR8078_JPG.rf.eb23581aaab767e957504f0334098608.txt,21451201da09f213ee3cc8eefac419c8948658c345e337b3e70168aa18c79be6
valid/GOPR8082_JPG.rf.b37d6f18bc10c8fa8baf83663583b244,valid,data/extracted/data/images/valid/GOPR8082_JPG.rf.b37d6f18bc10c8fa8baf83663583b244.jpg,data/extracted/data/labels/valid/GOPR8082_JPG.rf.b37d6f18bc10c8fa8baf83663583b244.txt,4be638f7cdb7d3e392a6b04cbb6d32b62acd4d90b8fcbb2803cadd48025dc54e
valid/GOPR8087_JPG.rf.3e7f4ca415f6518a99928fdec39b3aef,valid,data/extracted/data/images/valid/GOPR8087_JPG.rf.3e7f4ca415f6518a99928fdec39b3aef.jpg,data/extracted/data/labels/valid/GOPR8087_JPG.rf.3e7f4ca415f6518a99928fdec39b3aef.txt,108763d14e5cfa5e0fad6dc5f0655579608486c8d9b4e5b26cf27411cfaf6e9c
valid/GOPR8090_JPG.rf.809f494d76e16d6caff800386fd94e5b,valid,data/extracted/data/images/valid/GOPR8090_JPG.rf.809f494d76e16d6caff800386fd94e5b.jpg,data/extracted/data/labels/valid/GOPR8090_JPG.rf.809f494d76e16d6caff800386fd94e5b.txt,5c2a5e4dca65aa52329cdffe4515f3254b3de51377bbfbdaca5f80c9f4c17073
valid/GOPR8091_JPG.rf.a5fd016dc9311ebc04eb25afaf769742,valid,data/extracted/data/images/valid/GOPR8091_JPG.rf.a5fd016dc9311ebc04eb25afaf769742.jpg,data/extracted/data/labels/valid/GOPR8091_JPG.rf.a5fd016dc9311ebc04eb25afaf769742.txt,72fad2f23479bcc04fec4d5ff57ea6e18451bfd283adfd561b7c4367037640b9
test/GOPR6990_JPG.rf.981d492fda6882d609385a301391b63f,test,data/extracted/data/images/test/GOPR6990_JPG.rf.981d492fda6882d609385a301391b63f.jpg,data/extracted/data/labels/test/GOPR6990_JPG.rf.981d492fda6882d609385a301391b63f.txt,c60ad448e75beade2b99685b42e49cbeac85d12ff230672766f27bc8dcea8306
test/GOPR6991_JPG.rf.cb59b0e11e00ab6f2eb7dd2054ec6da4,test,data/extracted/data/images/test/GOPR6991_JPG.rf.cb59b0e11e00ab6f2eb7dd2054ec6da4.jpg,data/extracted/data/labels/test/GOPR6991_JPG.rf.cb59b0e11e00ab6f2eb7dd2054ec6da4.txt,e877eccd9beb86cea1b489f75bd35a3e4c2c739476593d277f8a71679373af5c
test/GOPR7003_JPG.rf.43bdcfeab63e1882f5cb3727ccc02748,test,data/extracted/data/images/test/GOPR7003_JPG.rf.43bdcfeab63e1882f5cb3727ccc02748.jpg,data/extracted/data/labels/test/GOPR7003_JPG.rf.43bdcfeab63e1882f5cb3727ccc02748.txt,f14c4283d7f0398b39785aeef60c84719c0ada60fb03b236beb836b7f18e3907
test/GOPR7027_JPG.rf.1df481618d254f05e42beadf1c757a8a,test,data/extracted/data/images/test/GOPR7027_JPG.rf.1df481618d254f05e42beadf1c757a8a.jpg,data/extracted/data/labels/test/GOPR7027_JPG.rf.1df481618d254f05e42beadf1c757a8a.txt,35face81b87e118c827dbdff82b7d1c5e919d55cd9b88686e1de077683adb1d5
test/GOPR7038_JPG.rf.6d574775ba9dace74383d2e30ac92c2e,test,data/extracted/data/images/test/GOPR7038_JPG.rf.6d574775ba9dace74383d2e30ac92c2e.jpg,data/extracted/data/labels/test/GOPR7038_JPG.rf.6d574775ba9dace74383d2e30ac92c2e.txt,e3b4a77bc6b7756475e00271c5f3078e118445baee2982c766035acd40027c99
test/GOPR7047_JPG.rf.22e2c11645eea3412a64c44e96aa402c,test,data/extracted/data/images/test/GOPR7047_JPG.rf.22e2c11645eea3412a64c44e96aa402c.jpg,data/extracted/data/labels/test/GOPR7047_JPG.rf.22e2c11645eea3412a64c44e96aa402c.txt,f70f06c28c8e10df7b5479f33590535dc05474aaa28d06dee4e9c358944288b8
test/GOPR7065_JPG.rf.65102403959d3c6a78490a220a21eec3,test,data/extracted/data/images/test/GOPR7065_JPG.rf.65102403959d3c6a78490a220a21eec3.jpg,data/extracted/data/labels/test/GOPR7065_JPG.rf.65102403959d3c6a78490a220a21eec3.txt,5f24f9d0af8fde182a28254a24d02ce2de951d61ba51d2a1ba87abf0b69145f5
test/GOPR7076_JPG.rf.f5d7743a2fcb0d40d380ea72c58111f1,test,data/extracted/data/images/test/GOPR7076_JPG.rf.f5d7743a2fcb0d40d380ea72c58111f1.jpg,data/extracted/data/labels/test/GOPR7076_JPG.rf.f5d7743a2fcb0d40d380ea72c58111f1.txt,1fdac3d2f5288015608b78aeda5d8ed2f7d86b70e6f276dfaa1c6a964898a057
test/GOPR7079_JPG.rf.747086eb07c0052b68a7da5227fa8cd8,test,data/extracted/data/images/test/GOPR7079_JPG.rf.747086eb07c0052b68a7da5227fa8cd8.jpg,data/extracted/data/labels/test/GOPR7079_JPG.rf.747086eb07c0052b68a7da5227fa8cd8.txt,8cf885584d2b3449861372fc7a547e1034db68c9315f949910b51e938d43f400
test/GOPR7103_JPG.rf.8f18c01a3d31f4816845143a7b6e7b0f,test,data/extracted/data/images/test/GOPR7103_JPG.rf.8f18c01a3d31f4816845143a7b6e7b0f.jpg,data/extracted/data/labels/test/GOPR7103_JPG.rf.8f18c01a3d31f4816845143a7b6e7b0f.txt,1562f397835dbd49a57e9af5774006201666e82b20d1373fadda2d63a0474c0f
test/GOPR7105_JPG.rf.4ec0bd3fd3b02bee57050f8055aa2350,test,data/extracted/data/images/test/GOPR7105_JPG.rf.4ec0bd3fd3b02bee57050f8055aa2350.jpg,data/extracted/data/labels/test/GOPR7105_JPG.rf.4ec0bd3fd3b02bee57050f8055aa2350.txt,31f052aa001564eb62548c82c1f01e877b6ecf3893e6ef835bdf05685c1ef3cd
test/GOPR7106_JPG.rf.ef541873670cce948b81f5ecfabfbbab,test,data/extracted/data/images/test/GOPR7106_JPG.rf.ef541873670cce948b81f5ecfabfbbab.jpg,data/extracted/data/labels/test/GOPR7106_JPG.rf.ef541873670cce948b81f5ecfabfbbab.txt,35a667b90fc51eb176606881df772a18d538afcf079b842806108c9c3ccabdb2
test/GOPR7107_JPG.rf.837dede8b85fa42c64c46407b379a4b3,test,data/extracted/data/images/test/GOPR7107_JPG.rf.837dede8b85fa42c64c46407b379a4b3.jpg,data/extracted/data/labels/test/GOPR7107_JPG.rf.837dede8b85fa42c64c46407b379a4b3.txt,59b1225eeaa6fdbd0463553fdeaa12111c8a6130c24435229566ffd1827b1d48
test/GOPR7110_JPG.rf.5bff09629f25632f2953b2f2d781ee55,test,data/extracted/data/images/test/GOPR7110_JPG.rf.5bff09629f25632f2953b2f2d781ee55.jpg,data/extracted/data/labels/test/GOPR7110_JPG.rf.5bff09629f25632f2953b2f2d781ee55.txt,a70dda037ef10f04ff2cd86e1c32421ce38e80a925d204d676d9c40dad151faf
test/GOPR7111_JPG.rf.f81e1a53315c53cfa2b7a4d7a3142ef9,test,data/extracted/data/images/test/GOPR7111_JPG.rf.f81e1a53315c53cfa2b7a4d7a3142ef9.jpg,data/extracted/data/labels/test/GOPR7111_JPG.rf.f81e1a53315c53cfa2b7a4d7a3142ef9.txt,9a5d353dbabbe06f4f6921f754e7c324aa4ade2e74b4b56a6c76ad976d001a73
test/GOPR7121_JPG.rf.157fcd071b2b71551742b672c6823bb1,test,data/extracted/data/images/test/GOPR7121_JPG.rf.157fcd071b2b71551742b672c6823bb1.jpg,data/extracted/data/labels/test/GOPR7121_JPG.rf.157fcd071b2b71551742b672c6823bb1.txt,9bd7be15aa6e7aac5edbe6f3319db22c48332df9055b260fd3c24d0422fdf298
test/GOPR7131_JPG.rf.48326f9d972c6805fdc664d6c50fa7c7,test,data/extracted/data/images/test/GOPR7131_JPG.rf.48326f9d972c6805fdc664d6c50fa7c7.jpg,data/extracted/data/labels/test/GOPR7131_JPG.rf.48326f9d972c6805fdc664d6c50fa7c7.txt,4a14fa0f43b95682f34e34b967c48bc071ef8608ec832bef6418bf5e38ba6e4a
test/GOPR7150_JPG.rf.3c40207fb2543352203e9d6b69569757,test,data/extracted/data/images/test/GOPR7150_JPG.rf.3c40207fb2543352203e9d6b69569757.jpg,data/extracted/data/labels/test/GOPR7150_JPG.rf.3c40207fb2543352203e9d6b69569757.txt,ff6e094b95c2bb1fff8312e1c407495d955c96fcf76ebbcd74122285cefa9d26
test/GOPR7157_JPG.rf.1a41e514f4aacd2281fe747d2dc500d3,test,data/extracted/data/images/test/GOPR7157_JPG.rf.1a41e514f4aacd2281fe747d2dc500d3.jpg,data/extracted/data/labels/test/GOPR7157_JPG.rf.1a41e514f4aacd2281fe747d2dc500d3.txt,0116e5c2fa724953421454bd898904c9191ab76987d5255cf49bdd593733573e
test/GOPR7171_JPG.rf.9878e5685b1c664556548d33e67702a2,test,data/extracted/data/images/test/GOPR7171_JPG.rf.9878e5685b1c664556548d33e67702a2.jpg,data/extracted/data/labels/test/GOPR7171_JPG.rf.9878e5685b1c664556548d33e67702a2.txt,cd12f98bbf0c255a6c8e6d01786e695844ff5502226237bda7ad069b17c7a29e
test/GOPR7198_JPG.rf.f5b041032a4df1375ece55a5bda5f2a6,test,data/extracted/data/images/test/GOPR7198_JPG.rf.f5b041032a4df1375ece55a5bda5f2a6.jpg,data/extracted/data/labels/test/GOPR7198_JPG.rf.f5b041032a4df1375ece55a5bda5f2a6.txt,df316982c6384dc9a92c2f8513738bddd5befa42782423530c90adc2914d47eb
test/GOPR7199_JPG.rf.b5a017ca32af35ebf45902454d357c8a,test,data/extracted/data/images/test/GOPR7199_JPG.rf.b5a017ca32af35ebf45902454d357c8a.jpg,data/extracted/data/labels/test/GOPR7199_JPG.rf.b5a017ca32af35ebf45902454d357c8a.txt,356935532b88013ba798f846654e71a4cdf0a3020ad0a9c7ba3c44f248f03ca0
test/GOPR7201_JPG.rf.7810cd85a8ef07c67614929cd76ba8eb,test,data/extracted/data/images/test/GOPR7201_JPG.rf.7810cd85a8ef07c67614929cd76ba8eb.jpg,data/extracted/data/labels/test/GOPR7201_JPG.rf.7810cd85a8ef07c67614929cd76ba8eb.txt,248acc222df9e240a88561ef229cd5b2dae4f90904951cb79cb5b0afa54c2eaa
test/GOPR7203_JPG.rf.4e250e1aea496a840cb6e456b54990c5,test,data/extracted/data/images/test/GOPR7203_JPG.rf.4e250e1aea496a840cb6e456b54990c5.jpg,data/extracted/data/labels/test/GOPR7203_JPG.rf.4e250e1aea496a840cb6e456b54990c5.txt,5a239bee7bd9be8bc85e6c6710e772191798064db05da371de5f0027f96b4bc6
test/GOPR7204_JPG.rf.6e9cc08153b47ad8e1e18b5c0e986283,test,data/extracted/data/images/test/GOPR7204_JPG.rf.6e9cc08153b47ad8e1e18b5c0e986283.jpg,data/extracted/data/labels/test/GOPR7204_JPG.rf.6e9cc08153b47ad8e1e18b5c0e986283.txt,ed3a14008cd7978835802efe4755461f11a0c156621a89ac73228a277c69eb11
test/GOPR7222_JPG.rf.38efe68353f02d75b0a35bb00323f082,test,data/extracted/data/images/test/GOPR7222_JPG.rf.38efe68353f02d75b0a35bb00323f082.jpg,data/extracted/data/labels/test/GOPR7222_JPG.rf.38efe68353f02d75b0a35bb00323f082.txt,ec644ed61d7d23797291ded505a65c5e1cff53d2419dbcb61eda8f06572d7a5e
test/GOPR7236_JPG.rf.8901996bd6bafe025236dfe0958236c4,test,data/extracted/data/images/test/GOPR7236_JPG.rf.8901996bd6bafe025236dfe0958236c4.jpg,data/extracted/data/labels/test/GOPR7236_JPG.rf.8901996bd6bafe025236dfe0958236c4.txt,4aa18a28b0425f08b2335c1af8bc31309ed5dc774921fb74e1682b9831d6827b
test/GOPR7404_JPG.rf.f4e028cbe257d08cbcf91d74c53c340c,test,data/extracted/data/images/test/GOPR7404_JPG.rf.f4e028cbe257d08cbcf91d74c53c340c.jpg,data/extracted/data/labels/test/GOPR7404_JPG.rf.f4e028cbe257d08cbcf91d74c53c340c.txt,6bd88a6b83d94f6e2e812756a6f9a918d68712977863fc173a28ee75990b0286
test/GOPR7433_JPG.rf.923b78ecd3dfdaeb6a74c0293245151b,test,data/extracted/data/images/test/GOPR7433_JPG.rf.923b78ecd3dfdaeb6a74c0293245151b.jpg,data/extracted/data/labels/test/GOPR7433_JPG.rf.923b78ecd3dfdaeb6a74c0293245151b.txt,0da78903593768adf41a21fce2853f59b4bc5f8789e390a8cfe4d45c41bc1efe
test/GOPR7435_JPG.rf.368e99207eadc2c6a59ed53776d67efa,test,data/extracted/data/images/test/GOPR7435_JPG.rf.368e99207eadc2c6a59ed53776d67efa.jpg,data/extracted/data/labels/test/GOPR7435_JPG.rf.368e99207eadc2c6a59ed53776d67efa.txt,213780e485850c8e2321d4486621b7e113dff71890fbc81bc229e44ce05eba09
test/GOPR7442_JPG.rf.21352063a977b496286acff68a3115f4,test,data/extracted/data/images/test/GOPR7442_JPG.rf.21352063a977b496286acff68a3115f4.jpg,data/extracted/data/labels/test/GOPR7442_JPG.rf.21352063a977b496286acff68a3115f4.txt,9929d7882210842aaa702cd296b8441e2c0fbe12deaf4255490a46956fff58a2
test/GOPR7445_JPG.rf.3448955b3f9a3c2c0860f8bc201d69ae,test,data/extracted/data/images/test/GOPR7445_JPG.rf.3448955b3f9a3c2c0860f8bc201d69ae.jpg,data/extracted/data/labels/test/GOPR7445_JPG.rf.3448955b3f9a3c2c0860f8bc201d69ae.txt,a33e8c15ee82a20cfd3fbf78f29a387645cfe8d8973d064ba87d7a952c8d9d5d
test/GOPR7467_JPG.rf.94a74d8267ac3a9a8864c36390fb3bc8,test,data/extracted/data/images/test/GOPR7467_JPG.rf.94a74d8267ac3a9a8864c36390fb3bc8.jpg,data/extracted/data/labels/test/GOPR7467_JPG.rf.94a74d8267ac3a9a8864c36390fb3bc8.txt,c72cc9f65c6491e99858c11e90d03dfc5cfc598cb5db155406a75f526258a0c2
test/GOPR7473_JPG.rf.d1167269b83c9b0a82786c3c16b2e45a,test,data/extracted/data/images/test/GOPR7473_JPG.rf.d1167269b83c9b0a82786c3c16b2e45a.jpg,data/extracted/data/labels/test/GOPR7473_JPG.rf.d1167269b83c9b0a82786c3c16b2e45a.txt,76e57857e926fa06d90c952719727763c45201ebe18fa1f62e6f3b06721c1366
test/GOPR7480_JPG.rf.accf1d4c556f2d5f0e98775b51b0b393,test,data/extracted/data/images/test/GOPR7480_JPG.rf.accf1d4c556f2d5f0e98775b51b0b393.jpg,data/extracted/data/labels/test/GOPR7480_JPG.rf.accf1d4c556f2d5f0e98775b51b0b393.txt,98f32f4228ea8a19d0d7d02ed8ee9a80ea7723a29d650e5bc99a72d880b15e30
test/GOPR7513_JPG.rf.cedf4429a869c0413e08df7849a48daa,test,data/extracted/data/images/test/GOPR7513_JPG.rf.cedf4429a869c0413e08df7849a48daa.jpg,data/extracted/data/labels/test/GOPR7513_JPG.rf.cedf4429a869c0413e08df7849a48daa.txt,06b2f9920f05eb8e546c46b41089a954ebe0f2a4bbbb1f4b35a03c474889e34a
test/GOPR7522_JPG.rf.c952162e49a551a0ffb4c22fb62936a4,test,data/extracted/data/images/test/GOPR7522_JPG.rf.c952162e49a551a0ffb4c22fb62936a4.jpg,data/extracted/data/labels/test/GOPR7522_JPG.rf.c952162e49a551a0ffb4c22fb62936a4.txt,a3138baba019217be8cbde88e4acdb64fca8c3b119aa31ec83d4526bedd62c16
test/GOPR7575_JPG.rf.d73ee11d0d309e0c77640b63c71ddd10,test,data/extracted/data/images/test/GOPR7575_JPG.rf.d73ee11d0d309e0c77640b63c71ddd10.jpg,data/extracted/data/labels/test/GOPR7575_JPG.rf.d73ee11d0d309e0c77640b63c71ddd10.txt,6cc814f9bc0b4f64be360255f185310d7588ffb32a20bb3b8990205c03675b4c
test/GOPR7584_JPG.rf.10425f8f083abad0dd9f99f814b48aa6,test,data/extracted/data/images/test/GOPR7584_JPG.rf.10425f8f083abad0dd9f99f814b48aa6.jpg,data/extracted/data/labels/test/GOPR7584_JPG.rf.10425f8f083abad0dd9f99f814b48aa6.txt,a242fd7689230f8f119d9ab62e78fe0c848ec50e4b6b49a522cef91e0867b4a8
test/GOPR7589_JPG.rf.9a1d3a8aedb1e1e2d89728e70f20bd57,test,data/extracted/data/images/test/GOPR7589_JPG.rf.9a1d3a8aedb1e1e2d89728e70f20bd57.jpg,data/extracted/data/labels/test/GOPR7589_JPG.rf.9a1d3a8aedb1e1e2d89728e70f20bd57.txt,bf9fc4f83df53bfbbe2d59a87000fff7a5f5bb3d1e67f517ab797d9859ee0a56
test/GOPR7591_JPG.rf.be7f037035d6670f71399684ea72540a,test,data/extracted/data/images/test/GOPR7591_JPG.rf.be7f037035d6670f71399684ea72540a.jpg,data/extracted/data/labels/test/GOPR7591_JPG.rf.be7f037035d6670f71399684ea72540a.txt,fd47632d46d080f06b4e34f6a0e34db0f51abf9ebc76dc75959964654de3d68f
test/GOPR7592_JPG.rf.c93ee7e40a2e7242a38625aba2c5fc1a,test,data/extracted/data/images/test/GOPR7592_JPG.rf.c93ee7e40a2e7242a38625aba2c5fc1a.jpg,data/extracted/data/labels/test/GOPR7592_JPG.rf.c93ee7e40a2e7242a38625aba2c5fc1a.txt,3f480cff476030f1e9e31db3e9e4a6c0f69d6f28916e5b3e52617d427b141011
test/GOPR7609_JPG.rf.974807910736fd35a6937b58087389f2,test,data/extracted/data/images/test/GOPR7609_JPG.rf.974807910736fd35a6937b58087389f2.jpg,data/extracted/data/labels/test/GOPR7609_JPG.rf.974807910736fd35a6937b58087389f2.txt,117e25ce55ec79d164c4b1f9ff5fc3a8bf64701c0b39bcdbfd62ee4392846d81
test/GOPR7618_JPG.rf.2372dd50bfa69895bcb89df08b6b930e,test,data/extracted/data/images/test/GOPR7618_JPG.rf.2372dd50bfa69895bcb89df08b6b930e.jpg,data/extracted/data/labels/test/GOPR7618_JPG.rf.2372dd50bfa69895bcb89df08b6b930e.txt,2d887ae13eec462e849c423c28262e0c3d994dc29c5df168182f35b050e0cf71
test/GOPR7658_JPG.rf.3ce41393255e2cb6e86579df63e62b2f,test,data/extracted/data/images/test/GOPR7658_JPG.rf.3ce41393255e2cb6e86579df63e62b2f.jpg,data/extracted/data/labels/test/GOPR7658_JPG.rf.3ce41393255e2cb6e86579df63e62b2f.txt,73964255c82ba506a6276e3ee4f9e1cafbceb483922f85c1e2036eb809d2c794
test/GOPR7667_JPG.rf.70b30e77dd058b57656758359900c7ce,test,data/extracted/data/images/test/GOPR7667_JPG.rf.70b30e77dd058b57656758359900c7ce.jpg,data/extracted/data/labels/test/GOPR7667_JPG.rf.70b30e77dd058b57656758359900c7ce.txt,111e787c8339d32450d412b80b3c88b10f623cb986f76cd0c23b1137e5edcfd8
test/GOPR7697_JPG.rf.1fe581f38ca88a6bed8eeaf4f6949e39,test,data/extracted/data/images/test/GOPR7697_JPG.rf.1fe581f38ca88a6bed8eeaf4f6949e39.jpg,data/extracted/data/labels/test/GOPR7697_JPG.rf.1fe581f38ca88a6bed8eeaf4f6949e39.txt,29622d17230c5ca4c6b55ebee1356102d09c6825f6b673a76fa19ec458b90b28
test/GOPR7717_JPG.rf.9a1a2860b68a775770f68b4b73a98920,test,data/extracted/data/images/test/GOPR7717_JPG.rf.9a1a2860b68a775770f68b4b73a98920.jpg,data/extracted/data/labels/test/GOPR7717_JPG.rf.9a1a2860b68a775770f68b4b73a98920.txt,1318ccd8fca51dab04edf18ec2c305e07d63ecaa960549d0b18c6f9fd27fa7bb
test/GOPR7733_JPG.rf.fbd947e34c38ab7c8aec8eee7212ea68,test,data/extracted/data/images/test/GOPR7733_JPG.rf.fbd947e34c38ab7c8aec8eee7212ea68.jpg,data/extracted/data/labels/test/GOPR7733_JPG.rf.fbd947e34c38ab7c8aec8eee7212ea68.txt,1a88aca763d54ca76892d99e658f03062e8dcbcfc293ff50ef9ea767e88068a6
test/GOPR7734_JPG.rf.ecf5fd182735410b118ae20bae18f83a,test,data/extracted/data/images/test/GOPR7734_JPG.rf.ecf5fd182735410b118ae20bae18f83a.jpg,data/extracted/data/labels/test/GOPR7734_JPG.rf.ecf5fd182735410b118ae20bae18f83a.txt,2e9d8ea88b0b1584ef4909f010449d1f8f6e848e0628e08d0ef19c716be46d1b
test/GOPR7736_JPG.rf.c22263a5ddc1598a6853b28779f4f79c,test,data/extracted/data/images/test/GOPR7736_JPG.rf.c22263a5ddc1598a6853b28779f4f79c.jpg,data/extracted/data/labels/test/GOPR7736_JPG.rf.c22263a5ddc1598a6853b28779f4f79c.txt,7e570ee9866226902deac094980a768b0701f248c3ec19cbcccd9547d9d095ee
test/GOPR7741_JPG.rf.e1a86d9d5e37669ff29f0aaca483b986,test,data/extracted/data/images/test/GOPR7741_JPG.rf.e1a86d9d5e37669ff29f0aaca483b986.jpg,data/extracted/data/labels/test/GOPR7741_JPG.rf.e1a86d9d5e37669ff29f0aaca483b986.txt,e001296b9310b77400e63866b8e834a13c328cf16b4d43112a477b938b2c5825
test/GOPR7743_JPG.rf.7a47d9b259ff6e87304cb39769b3dd6f,test,data/extracted/data/images/test/GOPR7743_JPG.rf.7a47d9b259ff6e87304cb39769b3dd6f.jpg,data/extracted/data/labels/test/GOPR7743_JPG.rf.7a47d9b259ff6e87304cb39769b3dd6f.txt,66ddc35aa0f85c4ab37292152ce0006ee534f2dcec13b1d04695c3d3fe30857e
test/GOPR7751_JPG.rf.a3712f56ed5a3aade3a01ebd8ca48ddb,test,data/extracted/data/images/test/GOPR7751_JPG.rf.a3712f56ed5a3aade3a01ebd8ca48ddb.jpg,data/extracted/data/labels/test/GOPR7751_JPG.rf.a3712f56ed5a3aade3a01ebd8ca48ddb.txt,4a11b110b65d2d7803426f318993e993b1f52294951f50d2ce38dd3901ae80ed
test/GOPR7754_JPG.rf.8f80749e5b2bee700b92b52b90d4ff7b,test,data/extracted/data/images/test/GOPR7754_JPG.rf.8f80749e5b2bee700b92b52b90d4ff7b.jpg,data/extracted/data/labels/test/GOPR7754_JPG.rf.8f80749e5b2bee700b92b52b90d4ff7b.txt,326222003a96399ac70947fdcea8ddf05082dc694467d232ef496830a55b8ee9
test/GOPR7763_JPG.rf.7252cc97ff7a8e8e92ddbd9be7c67ae3,test,data/extracted/data/images/test/GOPR7763_JPG.rf.7252cc97ff7a8e8e92ddbd9be7c67ae3.jpg,data/extracted/data/labels/test/GOPR7763_JPG.rf.7252cc97ff7a8e8e92ddbd9be7c67ae3.txt,9d277daaa7926794f63df73d90cfe6cb04cf2da4242706438031ec9cc1030694
test/GOPR7772_JPG.rf.0dd57c34e4aaa85f96121d4030ebca69,test,data/extracted/data/images/test/GOPR7772_JPG.rf.0dd57c34e4aaa85f96121d4030ebca69.jpg,data/extracted/data/labels/test/GOPR7772_JPG.rf.0dd57c34e4aaa85f96121d4030ebca69.txt,f1a1af0fa48a4d2c9188e5d158709707cd3513b1c596ebc7cb11a197effb57d3
test/GOPR7779_JPG.rf.a92e675e31caba5a70976cc2efd03acc,test,data/extracted/data/images/test/GOPR7779_JPG.rf.a92e675e31caba5a70976cc2efd03acc.jpg,data/extracted/data/labels/test/GOPR7779_JPG.rf.a92e675e31caba5a70976cc2efd03acc.txt,8dcdd36558612980f9a381560cf2c3cb9507d1709de296c2c2baac2bb4e899fb
test/GOPR7782_JPG.rf.111fde41cafcfddc07fdac19ac0e06eb,test,data/extracted/data/images/test/GOPR7782_JPG.rf.111fde41cafcfddc07fdac19ac0e06eb.jpg,data/extracted/data/labels/test/GOPR7782_JPG.rf.111fde41cafcfddc07fdac19ac0e06eb.txt,763eca9445578ff3aa3a267be3a9bdf4e8230a533eb750b3b8e2e43485926aa9
test/GOPR7928_JPG.rf.1e60543514c743316d7c780d6dce837a,test,data/extracted/data/images/test/GOPR7928_JPG.rf.1e60543514c743316d7c780d6dce837a.jpg,data/extracted/data/labels/test/GOPR7928_JPG.rf.1e60543514c743316d7c780d6dce837a.txt,fa2afdaece92dd57a74b8df66febc606fb6e274012599a7089edbd2568060458
test/GOPR7949_JPG.rf.17a7470b9b42ba19d413b34da1b491c4,test,data/extracted/data/images/test/GOPR7949_JPG.rf.17a7470b9b42ba19d413b34da1b491c4.jpg,data/extracted/data/labels/test/GOPR7949_JPG.rf.17a7470b9b42ba19d413b34da1b491c4.txt,d9abd62bdc78e0d893daaf1b190ce9836c2d2e4175d433a078935545859cae5b
test/GOPR7954_JPG.rf.732562e8614bdd0b2fbe60c01cbb8cb6,test,data/extracted/data/images/test/GOPR7954_JPG.rf.732562e8614bdd0b2fbe60c01cbb8cb6.jpg,data/extracted/data/labels/test/GOPR7954_JPG.rf.732562e8614bdd0b2fbe60c01cbb8cb6.txt,dfb0952d0c361b0252cc5f9411492ad5047cc778c914da43466edc532b0b33e6
test/GOPR7966_JPG.rf.732349384a1fef3177264c5c6915ee2a,test,data/extracted/data/images/test/GOPR7966_JPG.rf.732349384a1fef3177264c5c6915ee2a.jpg,data/extracted/data/labels/test/GOPR7966_JPG.rf.732349384a1fef3177264c5c6915ee2a.txt,8aad50972cc9edd4eb0c1eb688d4ae3e79c567710d51a8fd0beab33626694892
test/GOPR7967_JPG.rf.2ac708c35b8fc8792575a6fbf0fba1a5,test,data/extracted/data/images/test/GOPR7967_JPG.rf.2ac708c35b8fc8792575a6fbf0fba1a5.jpg,data/extracted/data/labels/test/GOPR7967_JPG.rf.2ac708c35b8fc8792575a6fbf0fba1a5.txt,91094f9b175a439d4ed3a70474062cd0b3683dab1c16f83f91733cdbf903ef0c
test/GOPR7969_JPG.rf.a9afa80277bb89b1724e0513695e4a4d,test,data/extracted/data/images/test/GOPR7969_JPG.rf.a9afa80277bb89b1724e0513695e4a4d.jpg,data/extracted/data/labels/test/GOPR7969_JPG.rf.a9afa80277bb89b1724e0513695e4a4d.txt,48911778270415459a3411b737ce482e847d4c4bf41d39872bcb639087bea967
test/GOPR7990_JPG.rf.3afc2d47c4c82094041ca941c4e86d81,test,data/extracted/data/images/test/GOPR7990_JPG.rf.3afc2d47c4c82094041ca941c4e86d81.jpg,data/extracted/data/labels/test/GOPR7990_JPG.rf.3afc2d47c4c82094041ca941c4e86d81.txt,abc442679aae8d36d19f8cea1eb39add89c636d9bdd0e77e315ec09f1b2f7827
test/GOPR7994_JPG.rf.aae781adb7fec0c42a253a53203488aa,test,data/extracted/data/images/test/GOPR7994_JPG.rf.aae781adb7fec0c42a253a53203488aa.jpg,data/extracted/data/labels/test/GOPR7994_JPG.rf.aae781adb7fec0c42a253a53203488aa.txt,3a0d85484ab0c8ce463ca7a1dd7f6c8f366ff1f14ee06c3a811a183824bccbf2
test/GOPR7997_JPG.rf.2475f19c7a23fd56bed0b9163847a80d,test,data/extracted/data/images/test/GOPR7997_JPG.rf.2475f19c7a23fd56bed0b9163847a80d.jpg,data/extracted/data/labels/test/GOPR7997_JPG.rf.2475f19c7a23fd56bed0b9163847a80d.txt,2708b445e1784155fec2f7eb87ef9b45882ef93e6665e54586d819493c14925c
test/GOPR8007_JPG.rf.d71c78b68e5cfe53b2b2103c0f611313,test,data/extracted/data/images/test/GOPR8007_JPG.rf.d71c78b68e5cfe53b2b2103c0f611313.jpg,data/extracted/data/labels/test/GOPR8007_JPG.rf.d71c78b68e5cfe53b2b2103c0f611313.txt,8c7dc962eb24fb822fbada0b2fec7d8d2e98eccca3429c644c7ba6081b7cf691
test/GOPR8025_JPG.rf.0de1da651f1ce651e1bc9ba5640862d9,test,data/extracted/data/images/test/GOPR8025_JPG.rf.0de1da651f1ce651e1bc9ba5640862d9.jpg,data/extracted/data/labels/test/GOPR8025_JPG.rf.0de1da651f1ce651e1bc9ba5640862d9.txt,753aa2e603fee1570dbbe8a91f186c35c945e0d9d6c9c6720b52b86c47747c47
test/GOPR8041_JPG.rf.b0542356347ee3464162f7ab3134fead,test,data/extracted/data/images/test/GOPR8041_JPG.rf.b0542356347ee3464162f7ab3134fead.jpg,data/extracted/data/labels/test/GOPR8041_JPG.rf.b0542356347ee3464162f7ab3134fead.txt,9120d8898189da45929dfd5f8f28c4b5e599a901d7c5ce192b01dbc3f94f2786
test/GOPR8042_JPG.rf.8d3c7e37919d8b8fe4d098342a90c643,test,data/extracted/data/images/test/GOPR8042_JPG.rf.8d3c7e37919d8b8fe4d098342a90c643.jpg,data/extracted/data/labels/test/GOPR8042_JPG.rf.8d3c7e37919d8b8fe4d098342a90c643.txt,d48f6a0ab57b682e1a179814fb7c5ea37af75cecaa7bd5d1887e4cba114a6914
test/GOPR8046_JPG.rf.bb22a88a3800c344b40ac23c34be335d,test,data/extracted/data/images/test/GOPR8046_JPG.rf.bb22a88a3800c344b40ac23c34be335d.jpg,data/extracted/data/labels/test/GOPR8046_JPG.rf.bb22a88a3800c344b40ac23c34be335d.txt,b2720f02c153b3625795ac16063331e70e7d22702256665c8320a0b0c8ebf013
test/GOPR8047_JPG.rf.b2bf55e16f3c4fb8aaa13c08e9344419,test,data/extracted/data/images/test/GOPR8047_JPG.rf.b2bf55e16f3c4fb8aaa13c08e9344419.jpg,data/extracted/data/labels/test/GOPR8047_JPG.rf.b2bf55e16f3c4fb8aaa13c08e9344419.txt,1ecf55df5c128737fe682bcde88de0aa512b5bfd0768a7b6af7c8e7b3e0d4111
test/GOPR8050_JPG.rf.53db4dd6b19860b63351cf84e687f2d0,test,data/extracted/data/images/test/GOPR8050_JPG.rf.53db4dd6b19860b63351cf84e687f2d0.jpg,data/extracted/data/labels/test/GOPR8050_JPG.rf.53db4dd6b19860b63351cf84e687f2d0.txt,e543dbd50745a5759dfe529cb012815ee9cf9a6c6d2a11f45d1303d50d1b0ce1
test/GOPR8053_JPG.rf.0e1a7b0957e00250feadf65cbbeca561,test,data/extracted/data/images/test/GOPR8053_JPG.rf.0e1a7b0957e00250feadf65cbbeca561.jpg,data/extracted/data/labels/test/GOPR8053_JPG.rf.0e1a7b0957e00250feadf65cbbeca561.txt,49edf6ad82a4d8880479a42099db7448a6dd0a432d6109ef82dd3e395229d001
test/GOPR8055_JPG.rf.8f74dc129abeabec91c1b822aee4ceff,test,data/extracted/data/images/test/GOPR8055_JPG.rf.8f74dc129abeabec91c1b822aee4ceff.jpg,data/extracted/data/labels/test/GOPR8055_JPG.rf.8f74dc129abeabec91c1b822aee4ceff.txt,261354bae8b92d4108f96040740e83c9a244367214964fa61a4e1df4d9858932
test/GOPR8060_JPG.rf.5eda558c9a1445d46c42bedf50417102,test,data/extracted/data/images/test/GOPR8060_JPG.rf.5eda558c9a1445d46c42bedf50417102.jpg,data/extracted/data/labels/test/GOPR8060_JPG.rf.5eda558c9a1445d46c42bedf50417102.txt,7b706308dbb9b75f2d73083a85534727c92eeb27e1d839560241073320fdc3fb
test/GOPR8069_JPG.rf.3b57df910df586e99297f69125731f51,test,data/extracted/data/images/test/GOPR8069_JPG.rf.3b57df910df586e99297f69125731f51.jpg,data/extracted/data/labels/test/GOPR8069_JPG.rf.3b57df910df586e99297f69125731f51.txt,ae4de603967e36fe493732ef77a97506d6468039901fa5a33b0bc2dfb2921053
test/GOPR8071_JPG.rf.23cc4acdb86d2494a164a5d248efa73d,test,data/extracted/data/images/test/GOPR8071_JPG.rf.23cc4acdb86d2494a164a5d248efa73d.jpg,data/extracted/data/labels/test/GOPR8071_JPG.rf.23cc4acdb86d2494a164a5d248efa73d.txt,8f42f21a2ee92caa8c4927704984d6178c29467b0e9be7c88fcfa11e0f3a12f9
