image_path,split,annotation_count,mean_annotation_area,max_annotation_area,mean_polygon_point_count
/Users/macbook/Documents/cassava-navigation-ai/data/extracted/data/images/test/GOPR6990_JPG.rf.981d492fda6882d609385a301391b63f.jpg,test,29,0.017730846330221258,0.13358815506744381,87.48275862068965
/Users/macbook/Documents/cassava-navigation-ai/data/extracted/data/images/test/GOPR6991_JPG.rf.cb59b0e11e00ab6f2eb7dd2054ec6da4.jpg,test,36,0.011743497890903053,0.10426979169824227,70.44444444444444
/Users/macbook/Documents/cassava-navigation-ai/data/extracted/data/images/test/GOPR7003_JPG.rf.43bdcfeab63e1882f5cb3727ccc02748.jpg,test,46,0.011872604851559842,0.11198333317480466,70.6304347826087
/Users/macbook/Documents/cassava-navigation-ai/data/extracted/data/images/test/GOPR7027_JPG.rf.1df481618d254f05e42beadf1c757a8a.jpg,test,41,0.01574091949300922,0.09730402628097538,101.95121951219512
/Users/macbook/Documents/cassava-navigation-ai/data/extracted/data/images/test/GOPR7038_JPG.rf.6d574775ba9dace74383d2e30ac92c2e.jpg,test,45,0.012427260609647628,0.09941875000097647,68.68888888888888
/Users/macbook/Documents/cassava-navigation-ai/data/extracted/data/images/test/GOPR7047_JPG.rf.22e2c11645eea3412a64c44e96aa402c.jpg,test,56,0.009828372522120338,0.10159479177734373,71.10714285714286
/Users/macbook/Documents/cassava-navigation-ai/data/extracted/data/images/test/GOPR7065_JPG.rf.65102403959d3c6a78490a220a21eec3.jpg,test,30,0.01707129184224753,0.1774749755821232,71.33333333333333
/Users/macbook/Documents/cassava-navigation-ai/data/extracted/data/images/test/GOPR7076_JPG.rf.f5d7743a2fcb0d40d380ea72c58111f1.jpg,test,38,0.015597092868086962,0.1410114584521484,56.86842105263158
/Users/macbook/Documents/cassava-navigation-ai/data/extracted/data/images/test/GOPR7079_JPG.rf.747086eb07c0052b68a7da5227fa8cd8.jpg,test,45,0.011984323191916913,0.11388437528320305,73.11111111111111
/Users/macbook/Documents/cassava-navigation-ai/data/extracted/data/images/test/GOPR7103_JPG.rf.8f18c01a3d31f4816845143a7b6e7b0f.jpg,test,68,0.006701087411710406,0.16760508219223025,59.455882352941174
/Users/macbook/Documents/cassava-navigation-ai/data/extracted/data/images/test/GOPR7105_JPG.rf.4ec0bd3fd3b02bee57050f8055aa2350.jpg,test,27,0.016899481077626007,0.09289157619175771,81.88888888888889
/Users/macbook/Documents/cassava-navigation-ai/data/extracted/data/images/test/GOPR7106_JPG.rf.ef541873670cce948b81f5ecfabfbbab.jpg,test,35,0.012215952464523755,0.08855460437402332,75.0
/Users/macbook/Documents/cassava-navigation-ai/data/extracted/data/images/test/GOPR7107_JPG.rf.837dede8b85fa42c64c46407b379a4b3.jpg,test,47,0.012074237610325582,0.0848973592025757,98.46808510638297
/Users/macbook/Documents/cassava-navigation-ai/data/extracted/data/images/test/GOPR7110_JPG.rf.5bff09629f25632f2953b2f2d781ee55.jpg,test,39,0.01075630513471945,0.09082794193420432,98.43589743589743
/Users/macbook/Documents/cassava-navigation-ai/data/extracted/data/images/test/GOPR7111_JPG.rf.f81e1a53315c53cfa2b7a4d7a3142ef9.jpg,test,48,0.008338584134539912,0.10060729157226564,70.0625
/Users/macbook/Documents/cassava-navigation-ai/data/extracted/data/images/test/GOPR7121_JPG.rf.157fcd071b2b71551742b672c6823bb1.jpg,test,35,0.0201637254972787,0.2489802043083192,96.94285714285714
/Users/macbook/Documents/cassava-navigation-ai/data/extracted/data/images/test/GOPR7131_JPG.rf.48326f9d972c6805fdc664d6c50fa7c7.jpg,test,48,0.007011356605346679,0.08894583324316399,57.395833333333336
/Users/macbook/Documents/cassava-navigation-ai/data/extracted/data/images/test/GOPR7150_JPG.rf.3c40207fb2543352203e9d6b69569757.jpg,test,37,0.010015917245648369,0.16497421264266968,81.51351351351352
/Users/macbook/Documents/cassava-navigation-ai/data/extracted/data/images/test/GOPR7157_JPG.rf.1a41e514f4aacd2281fe747d2dc500d3.jpg,test,23,0.019976408574543802,0.1756858825309751,143.2608695652174
/Users/macbook/Documents/cassava-navigation-ai/data/extracted/data/images/test/GOPR7171_JPG.rf.9878e5685b1c664556548d33e67702a2.jpg,test,28,0.02113655634844643,0.2916081746047973,128.14285714285714
/Users/macbook/Documents/cassava-navigation-ai/data/extracted/data/images/test/GOPR7198_JPG.rf.f5b041032a4df1375ece55a5bda5f2a6.jpg,test,32,0.01452128092074394,0.11426671350784302,96.4375
/Users/macbook/Documents/cassava-navigation-ai/data/extracted/data/images/test/GOPR7199_JPG.rf.b5a017ca32af35ebf45902454d357c8a.jpg,test,34,0.017580630719779538,0.1034723917205812,141.05882352941177
/Users/macbook/Documents/cassava-navigation-ai/data/extracted/data/images/test/GOPR7201_JPG.rf.7810cd85a8ef07c67614929cd76ba8eb.jpg,test,40,0.015314229318866746,0.16666158041000353,109.55
/Users/macbook/Documents/cassava-navigation-ai/data/extracted/data/images/test/GOPR7203_JPG.rf.4e250e1aea496a840cb6e456b54990c5.jpg,test,48,0.011219130613327,0.29233296711578355,77.10416666666667
/Users/macbook/Documents/cassava-navigation-ai/data/extracted/data/images/test/GOPR7204_JPG.rf.6e9cc08153b47ad8e1e18b5c0e986283.jpg,test,42,0.009745176714968736,0.05324554448394786,89.38095238095238
/Users/macbook/Documents/cassava-navigation-ai/data/extracted/data/images/test/GOPR7222_JPG.rf.38efe68353f02d75b0a35bb00323f082.jpg,test,47,0.01154178592190031,0.22430165615005512,91.31914893617021
/Users/macbook/Documents/cassava-navigation-ai/data/extracted/data/images/test/GOPR7236_JPG.rf.8901996bd6bafe025236dfe0958236c4.jpg,test,15,0.03361570567713424,0.09918212890396153,191.33333333333334
/Users/macbook/Documents/cassava-navigation-ai/data/extracted/data/images/test/GOPR7404_JPG.rf.f4e028cbe257d08cbcf91d74c53c340c.jpg,test,36,0.011715076576847517,0.07925796511077879,105.61111111111111
/Users/macbook/Documents/cassava-navigation-ai/data/extracted/data/images/test/GOPR7433_JPG.rf.923b78ecd3dfdaeb6a74c0293245151b.jpg,test,34,0.018569038608416397,0.19048182175521855,71.5
/Users/macbook/Documents/cassava-navigation-ai/data/extracted/data/images/test/GOPR7435_JPG.rf.368e99207eadc2c6a59ed53776d67efa.jpg,test,33,0.01594102852905089,0.1363931669150391,85.12121212121212
/Users/macbook/Documents/cassava-navigation-ai/data/extracted/data/images/test/GOPR7442_JPG.rf.21352063a977b496286acff68a3115f4.jpg,test,41,0.012037757931127784,0.22808710735855117,70.90243902439025
/Users/macbook/Documents/cassava-navigation-ai/data/extracted/data/images/test/GOPR7445_JPG.rf.3448955b3f9a3c2c0860f8bc201d69ae.jpg,test,58,0.012452075790214269,0.16331250005175776,67.89655172413794
/Users/macbook/Documents/cassava-navigation-ai/data/extracted/data/images/test/GOPR7467_JPG.rf.94a74d8267ac3a9a8864c36390fb3bc8.jpg,test,35,0.015946528835389932,0.13844062474902336,76.68571428571428
/Users/macbook/Documents/cassava-navigation-ai/data/extracted/data/images/test/GOPR7473_JPG.rf.d1167269b83c9b0a82786c3c16b2e45a.jpg,test,40,0.015888736562761716,0.3209991454162599,97.95
/Users/macbook/Documents/cassava-navigation-ai/data/extracted/data/images/test/GOPR7480_JPG.rf.accf1d4c556f2d5f0e98775b51b0b393.jpg,test,18,0.03515632062695819,0.27185312907257064,200.44444444444446
/Users/macbook/Documents/cassava-navigation-ai/data/extracted/data/images/test/GOPR7513_JPG.rf.cedf4429a869c0413e08df7849a48daa.jpg,test,34,0.01356706010469415,0.12263020844042961,94.17647058823529
/Users/macbook/Documents/cassava-navigation-ai/data/extracted/data/images/test/GOPR7522_JPG.rf.c952162e49a551a0ffb4c22fb62936a4.jpg,test,52,0.010785243777624286,0.10732500006835939,78.15384615384616
/Users/macbook/Documents/cassava-navigation-ai/data/extracted/data/images/test/GOPR7575_JPG.rf.d73ee11d0d309e0c77640b63c71ddd10.jpg,test,51,0.013099367985195988,0.14723078402481085,76.25490196078431
/Users/macbook/Documents/cassava-navigation-ai/data/extracted/data/images/test/GOPR7584_JPG.rf.10425f8f083abad0dd9f99f814b48aa6.jpg,test,15,0.03389037921473794,0.31595738718109134,138.4
/Users/macbook/Documents/cassava-navigation-ai/data/extracted/data/images/test/GOPR7589_JPG.rf.9a1d3a8aedb1e1e2d89728e70f20bd57.jpg,test,32,0.021190404884862898,0.3930791219490049,111.75
/Users/macbook/Documents/cassava-navigation-ai/data/extracted/data/images/test/GOPR7591_JPG.rf.be7f037035d6670f71399684ea72540a.jpg,test,42,0.01178668793049766,0.3507130940589907,76.47619047619048
/Users/macbook/Documents/cassava-navigation-ai/data/extracted/data/images/test/GOPR7592_JPG.rf.c93ee7e40a2e7242a38625aba2c5fc1a.jpg,test,43,0.005525958621907769,0.036163330076599096,73.53488372093024
/Users/macbook/Documents/cassava-navigation-ai/data/extracted/data/images/test/GOPR7609_JPG.rf.974807910736fd35a6937b58087389f2.jpg,test,44,0.014685918857711054,0.27072397868576026,87.79545454545455
/Users/macbook/Documents/cassava-navigation-ai/data/extracted/data/images/test/GOPR7618_JPG.rf.2372dd50bfa69895bcb89df08b6b930e.jpg,test,29,0.01434508636027687,0.11930416631249995,67.03448275862068
/Users/macbook/Documents/cassava-navigation-ai/data/extracted/data/images/test/GOPR7658_JPG.rf.3ce41393255e2cb6e86579df63e62b2f.jpg,test,34,0.017264721434559555,0.16930516537017865,93.70588235294117
/Users/macbook/Documents/cassava-navigation-ai/data/extracted/data/images/test/GOPR7667_JPG.rf.70b30e77dd058b57656758359900c7ce.jpg,test,15,0.042858136118713405,0.1657816568496703,163.26666666666668
/Users/macbook/Documents/cassava-navigation-ai/data/extracted/data/images/test/GOPR7697_JPG.rf.1fe581f38ca88a6bed8eeaf4f6949e39.jpg,test,37,0.012467633496547387,0.23292032882461522,72.64864864864865
/Users/macbook/Documents/cassava-navigation-ai/data/extracted/data/images/test/GOPR7717_JPG.rf.9a1a2860b68a775770f68b4b73a98920.jpg,test,36,0.015826768324461192,0.1119729165830079,69.13888888888889
/Users/macbook/Documents/cassava-navigation-ai/data/extracted/data/images/test/GOPR7733_JPG.rf.fbd947e34c38ab7c8aec8eee7212ea68.jpg,test,34,0.018993230225062673,0.11510213215713498,118.58823529411765
/Users/macbook/Documents/cassava-navigation-ai/data/extracted/data/images/test/GOPR7734_JPG.rf.ecf5fd182735410b118ae20bae18f83a.jpg,test,29,0.018975899670962644,0.13933854172460933,96.41379310344827
/Users/macbook/Documents/cassava-navigation-ai/data/extracted/data/images/test/GOPR7736_JPG.rf.c22263a5ddc1598a6853b28779f4f79c.jpg,test,36,0.013621921807045828,0.10405791673925785,85.44444444444444
/Users/macbook/Documents/cassava-navigation-ai/data/extracted/data/images/test/GOPR7741_JPG.rf.e1a86d9d5e37669ff29f0aaca483b986.jpg,test,40,0.01346131290612792,0.10864895805371104,78.325
/Users/macbook/Documents/cassava-navigation-ai/data/extracted/data/images/test/GOPR7743_JPG.rf.7a47d9b259ff6e87304cb39769b3dd6f.jpg,test,45,0.012972967436321347,0.16010920202941895,73.86666666666666
/Users/macbook/Documents/cassava-navigation-ai/data/extracted/data/images/test/GOPR7751_JPG.rf.a3712f56ed5a3aade3a01ebd8ca48ddb.jpg,test,31,0.016868838673581014,0.1274337768547058,84.93548387096774
/Users/macbook/Documents/cassava-navigation-ai/data/extracted/data/images/test/GOPR7754_JPG.rf.8f80749e5b2bee700b92b52b90d4ff7b.jpg,test,28,0.013927076367272504,0.11062812513671871,78.60714285714286
/Users/macbook/Documents/cassava-navigation-ai/data/extracted/data/images/test/GOPR7763_JPG.rf.7252cc97ff7a8e8e92ddbd9be7c67ae3.jpg,test,31,0.007789038873932878,0.10220937501757804,49.096774193548384
/Users/macbook/Documents/cassava-navigation-ai/data/extracted/data/images/test/GOPR7772_JPG.rf.0dd57c34e4aaa85f96121d4030ebca69.jpg,test,51,0.009497590953588772,0.10834895847167968,62.470588235294116
/Users/macbook/Documents/cassava-navigation-ai/data/extracted/data/images/test/GOPR7779_JPG.rf.a92e675e31caba5a70976cc2efd03acc.jpg,test,36,0.015168537227320351,0.1290766398529052,72.52777777777777
/Users/macbook/Documents/cassava-navigation-ai/data/extracted/data/images/test/GOPR7782_JPG.rf.111fde41cafcfddc07fdac19ac0e06eb.jpg,test,27,0.019659418728817404,0.12720239585546886,75.96296296296296
/Users/macbook/Documents/cassava-navigation-ai/data/extracted/data/images/test/GOPR7928_JPG.rf.1e60543514c743316d7c780d6dce837a.jpg,test,22,0.026825059822748385,0.19850540167541533,133.5
/Users/macbook/Documents/cassava-navigation-ai/data/extracted/data/images/test/GOPR7949_JPG.rf.17a7470b9b42ba19d413b34da1b491c4.jpg,test,24,0.02618631481917827,0.2334035236381533,89.70833333333333
/Users/macbook/Documents/cassava-navigation-ai/data/extracted/data/images/test/GOPR7954_JPG.rf.732562e8614bdd0b2fbe60c01cbb8cb6.jpg,test,37,0.011910683411167439,0.09259895844335941,80.86486486486487
/Users/macbook/Documents/cassava-navigation-ai/data/extracted/data/images/test/GOPR7966_JPG.rf.732349384a1fef3177264c5c6915ee2a.jpg,test,42,0.01224597148223806,0.10223020827832038,78.88095238095238
/Users/macbook/Documents/cassava-navigation-ai/data/extracted/data/images/test/GOPR7967_JPG.rf.2ac708c35b8fc8792575a6fbf0fba1a5.jpg,test,27,0.022641452733809884,0.31411870321960456,139.55555555555554
/Users/macbook/Documents/cassava-navigation-ai/data/extracted/data/images/test/GOPR7969_JPG.rf.a9afa80277bb89b1724e0513695e4a4d.jpg,test,41,0.010308118819958951,0.0983208333466797,76.6829268292683
/Users/macbook/Documents/cassava-navigation-ai/data/extracted/data/images/test/GOPR7990_JPG.rf.3afc2d47c4c82094041ca941c4e86d81.jpg,test,23,0.02299926412726228,0.13193958329882816,91.52173913043478
/Users/macbook/Documents/cassava-navigation-ai/data/extracted/data/images/test/GOPR7994_JPG.rf.aae781adb7fec0c42a253a53203488aa.jpg,test,25,0.021457734164670415,0.1463152567344666,99.12
/Users/macbook/Documents/cassava-navigation-ai/data/extracted/data/images/test/GOPR7997_JPG.rf.2475f19c7a23fd56bed0b9163847a80d.jpg,test,35,0.012880903323461031,0.13019479180957033,63.68571428571428
/Users/macbook/Documents/cassava-navigation-ai/data/extracted/data/images/test/GOPR8007_JPG.rf.d71c78b68e5cfe53b2b2103c0f611313.jpg,test,36,0.010235765074694326,0.10556458343164064,61.80555555555556
/Users/macbook/Documents/cassava-navigation-ai/data/extracted/data/images/test/GOPR8025_JPG.rf.0de1da651f1ce651e1bc9ba5640862d9.jpg,test,61,0.010590568198447285,0.22072092687225334,74.88524590163935
/Users/macbook/Documents/cassava-navigation-ai/data/extracted/data/images/test/GOPR8041_JPG.rf.b0542356347ee3464162f7ab3134fead.jpg,test,17,0.019510979743284376,0.12160746262817392,176.8235294117647
/Users/macbook/Documents/cassava-navigation-ai/data/extracted/data/images/test/GOPR8042_JPG.rf.8d3c7e37919d8b8fe4d098342a90c643.jpg,test,18,0.011656655197270688,0.053816477376556184,138.22222222222223
/Users/macbook/Documents/cassava-navigation-ai/data/extracted/data/images/test/GOPR8046_JPG.rf.bb22a88a3800c344b40ac23c34be335d.jpg,test,10,0.04077082111675111,0.12293116252746605,209.3
/Users/macbook/Documents/cassava-navigation-ai/data/extracted/data/images/test/GOPR8047_JPG.rf.b2bf55e16f3c4fb8aaa13c08e9344419.jpg,test,26,0.010999340747451784,0.0980552083769531,77.34615384615384
/Users/macbook/Documents/cassava-navigation-ai/data/extracted/data/images/test/GOPR8050_JPG.rf.53db4dd6b19860b63351cf84e687f2d0.jpg,test,19,0.00835365161735134,0.09707260134277362,103.0
/Users/macbook/Documents/cassava-navigation-ai/data/extracted/data/images/test/GOPR8053_JPG.rf.0e1a7b0957e00250feadf65cbbeca561.jpg,test,25,0.009295869707884527,0.08514912914428693,85.04
/Users/macbook/Documents/cassava-navigation-ai/data/extracted/data/images/test/GOPR8055_JPG.rf.8f74dc129abeabec91c1b822aee4ceff.jpg,test,22,0.02095427671797597,0.12175114950408938,93.13636363636364
/Users/macbook/Documents/cassava-navigation-ai/data/extracted/data/images/test/GOPR8060_JPG.rf.5eda558c9a1445d46c42bedf50417102.jpg,test,33,0.006168521060754028,0.08816914583496097,69.3030303030303
/Users/macbook/Documents/cassava-navigation-ai/data/extracted/data/images/test/GOPR8069_JPG.rf.3b57df910df586e99297f69125731f51.jpg,test,22,0.008729381515190813,0.07061287493652346,60.22727272727273
/Users/macbook/Documents/cassava-navigation-ai/data/extracted/data/images/test/GOPR8071_JPG.rf.23cc4acdb86d2494a164a5d248efa73d.jpg,test,16,0.0023167133266925833,0.013458251972198569,57.5
/Users/macbook/Documents/cassava-navigation-ai/data/extracted/data/images/train/.ipynb_checkpoints/G0217783_JPG.rf.9e12c20e7d137399b032d8da66ad7426-checkpoint.jpg,train,0,0.0,0.0,0.0
/Users/macbook/Documents/cassava-navigation-ai/data/extracted/data/images/train/G0216860_JPG.rf.8d8b00fcc87e497d0c220abd6ebb0026.jpg,train,8,0.050198180406340415,0.16822713577100307,128.75
/Users/macbook/Documents/cassava-navigation-ai/data/extracted/data/images/train/G0217783_JPG.rf.9e12c20e7d137399b032d8da66ad7426.jpg,train,15,0.0378219460721813,0.256748199432373,176.0
/Users/macbook/Documents/cassava-navigation-ai/data/extracted/data/images/train/G0217910_JPG.rf.4a810acfebc8d5be5e8e129eb728c749.jpg,train,9,0.0623811466951396,0.24371083577346775,178.22222222222223
/Users/macbook/Documents/cassava-navigation-ai/data/extracted/data/images/train/G0226861_JPG.rf.93a12b09076f81b4efb3d27f2c47e501.jpg,train,18,0.027374655224307584,0.15174318741796877,98.27777777777777
/Users/macbook/Documents/cassava-navigation-ai/data/extracted/data/images/train/G0226881_JPG.rf.b66b7c18c2db50c8037425cb690305e3.jpg,train,38,0.015168697861282337,0.1973541876132813,75.65789473684211
/Users/macbook/Documents/cassava-navigation-ai/data/extracted/data/images/train/G0226882_JPG.rf.fbf6f36e2818fc429ba87592e593c50f.jpg,train,18,0.034822235159081935,0.15839767455673193,120.5
/Users/macbook/Documents/cassava-navigation-ai/data/extracted/data/images/train/G0257240_JPG.rf.24dc9730b3c02287669dc53fa50535a7.jpg,train,29,0.019756844595063536,0.15455081087400746,92.75862068965517
/Users/macbook/Documents/cassava-navigation-ai/data/extracted/data/images/train/G0267268_JPG.rf.5af525d4a7c61c363367b927121d5de6.jpg,train,13,0.03763687915091881,0.14339319862899774,156.92307692307693
/Users/macbook/Documents/cassava-navigation-ai/data/extracted/data/images/train/G0307388_JPG.rf.ac47238bae84927a867c8e3b1c332589.jpg,train,23,0.02233348858820627,0.10740138914214417,121.34782608695652
/Users/macbook/Documents/cassava-navigation-ai/data/extracted/data/images/train/GOPR6951_JPG.rf.1d0e8c3588b97459a90993362e552523.jpg,train,22,0.025465106923954175,0.14315879649927665,124.31818181818181
/Users/macbook/Documents/cassava-navigation-ai/data/extracted/data/images/train/GOPR6952_JPG.rf.44ae913ae976f6fae8f9273c4d7675d0.jpg,train,25,0.021705564034755195,0.1441586575089554,108.48
/Users/macbook/Documents/cassava-navigation-ai/data/extracted/data/images/train/GOPR6953_JPG.rf.30e6c7ce339226caae823979ce6edb23.jpg,train,25,0.016700365704379067,0.14282083346397573,90.64
/Users/macbook/Documents/cassava-navigation-ai/data/extracted/data/images/train/GOPR6956_JPG.rf.984fc9d73497367f16cca84d6ec6841f.jpg,train,23,0.01871387166827527,0.12360766666503911,83.0
/Users/macbook/Documents/cassava-navigation-ai/data/extracted/data/images/train/GOPR6957_JPG.rf.28190dae94a271f9ae38f5d5a83114e2.jpg,train,22,0.010528389105152492,0.06991958619003302,63.81818181818182
/Users/macbook/Documents/cassava-navigation-ai/data/extracted/data/images/train/GOPR6958_JPG.rf.d3e627012967a908d4c34f6882dc35c1.jpg,train,31,0.011426148771654676,0.09392293296051026,65.2258064516129
/Users/macbook/Documents/cassava-navigation-ai/data/extracted/data/images/train/GOPR6959_JPG.rf.7becd467cca6a08a56049157123965b4.jpg,train,30,0.013589099449460858,0.1396729165585937,63.2
/Users/macbook/Documents/cassava-navigation-ai/data/extracted/data/images/train/GOPR6961_JPG.rf.c6df1e0602a8c2fd64e014c3facd4a2c.jpg,train,36,0.014295631768260486,0.14653703674660012,77.33333333333333
/Users/macbook/Documents/cassava-navigation-ai/data/extracted/data/images/train/GOPR6962_JPG.rf.6b5bc3fa1515878b6a83fc1719e7177e.jpg,train,30,0.018258670794942086,0.10787916660525163,114.06666666666666
/Users/macbook/Documents/cassava-navigation-ai/data/extracted/data/images/train/GOPR6963_JPG.rf.3a59fb26b1335c88445bcf6dcec2ae56.jpg,train,38,0.012354387138340198,0.0997906249189453,78.94736842105263
/Users/macbook/Documents/cassava-navigation-ai/data/extracted/data/images/train/GOPR6964_JPG.rf.fad5d0ac52ebca6253dfb0269d2e9ff7.jpg,train,49,0.009375477106146363,0.1304291666220703,58.51020408163265
/Users/macbook/Documents/cassava-navigation-ai/data/extracted/data/images/train/GOPR6965_JPG.rf.c4266913f8d15608f8bcf34b552c2936.jpg,train,34,0.017590643658529862,0.14084687463378903,109.17647058823529
/Users/macbook/Documents/cassava-navigation-ai/data/extracted/data/images/train/GOPR6966_JPG.rf.a5c73b681a01389033694016e8e0f3a4.jpg,train,38,0.014420702160768213,0.13656875003808588,88.28947368421052
/Users/macbook/Documents/cassava-navigation-ai/data/extracted/data/images/train/GOPR6967_JPG.rf.3603097bfef88cfc75b78de744fbb4ac.jpg,train,20,0.025088758127757266,0.14120624981445304,122.35
/Users/macbook/Documents/cassava-navigation-ai/data/extracted/data/images/train/GOPR6969_JPG.rf.c63ddb2af9fa3333cb30536915e6fc08.jpg,train,48,0.010140182837484352,0.10413333347460947,68.79166666666667
/Users/macbook/Documents/cassava-navigation-ai/data/extracted/data/images/train/GOPR6970_JPG.rf.21e8d67c55124b56e94bf8d6f4d823e1.jpg,train,30,0.017553508638278197,0.10548782339630125,104.33333333333333
/Users/macbook/Documents/cassava-navigation-ai/data/extracted/data/images/train/GOPR6971_JPG.rf.4224c988473f6ee9fc43cc60f6442769.jpg,train,35,0.01415059410542341,0.11783102109960938,75.14285714285714
/Users/macbook/Documents/cassava-navigation-ai/data/extracted/data/images/train/GOPR6972_JPG.rf.d44ee918696b388d2a82c183ac2d51b7.jpg,train,38,0.015375540647627181,0.2238388061553956,75.92105263157895
/Users/macbook/Documents/cassava-navigation-ai/data/extracted/data/images/train/GOPR6973_JPG.rf.c4911f22ccb3474671035d4949f137a7.jpg,train,23,0.018577208575845466,0.12068049112319951,84.47826086956522
/Users/macbook/Documents/cassava-navigation-ai/data/extracted/data/images/train/GOPR6974_JPG.rf.6b2917175702bda70da1606ff001eff0.jpg,train,25,0.019490043044129622,0.12923431398391724,93.28
/Users/macbook/Documents/cassava-navigation-ai/data/extracted/data/images/train/GOPR6975_JPG.rf.d6b3bdebf1532cd14e8213905ad0a116.jpg,train,32,0.015767168804986947,0.1005172728904724,87.5
/Users/macbook/Documents/cassava-navigation-ai/data/extracted/data/images/train/GOPR6977_JPG.rf.e4c83d726ebb41d972b791d965dd23fd.jpg,train,23,0.02085302442592456,0.11045937500488284,114.91304347826087
/Users/macbook/Documents/cassava-navigation-ai/data/extracted/data/images/train/GOPR6978_JPG.rf.726c51933ea10398a3cf9936008bfc1a.jpg,train,23,0.022957799644025716,0.12298711138687135,109.8695652173913
/Users/macbook/Documents/cassava-navigation-ai/data/extracted/data/images/train/GOPR6979_JPG.rf.b8d9076885e72d654ef628136f626345.jpg,train,45,0.011543113528129074,0.10601304172070301,79.55555555555556
/Users/macbook/Documents/cassava-navigation-ai/data/extracted/data/images/train/GOPR6980_JPG.rf.3e48f5a0fdd96e7206adc07b3698c19a.jpg,train,61,0.007143469336421777,0.0892229168125,58.49180327868852
/Users/macbook/Documents/cassava-navigation-ai/data/extracted/data/images/train/GOPR6981_JPG.rf.0349d8eef69da6631163f5956562bef0.jpg,train,46,0.009059298531478879,0.09035833366406246,68.71739130434783
/Users/macbook/Documents/cassava-navigation-ai/data/extracted/data/images/train/GOPR6982_JPG.rf.eeb30c2966d650ca32909617b839f3ff.jpg,train,49,0.01050917831033638,0.1065101623558044,74.83673469387755
/Users/macbook/Documents/cassava-navigation-ai/data/extracted/data/images/train/GOPR6983_JPG.rf.0dfa775780f34edbfe9820c80df67ee7.jpg,train,46,0.010747511400805926,0.09573854164355469,74.58695652173913
/Users/macbook/Documents/cassava-navigation-ai/data/extracted/data/images/train/GOPR6984_JPG.rf.4a69e2642278c59069b0c15b0d9be31d.jpg,train,21,0.02224327402134773,0.17609024044570926,116.0
/Users/macbook/Documents/cassava-navigation-ai/data/extracted/data/images/train/GOPR6985_JPG.rf.b8cc100fadb4c6c7ab3eeb637e6e651b.jpg,train,31,0.01446630846487623,0.12077077229156521,84.6774193548387
/Users/macbook/Documents/cassava-navigation-ai/data/extracted/data/images/train/GOPR6986_JPG.rf.5d99b5e86c70054add315ebd6c878e09.jpg,train,38,0.015349858711261962,0.15496317543945307,85.97368421052632
/Users/macbook/Documents/cassava-navigation-ai/data/extracted/data/images/train/GOPR6987_JPG.rf.5be947fe8e9f59b7ea74738dfa342975.jpg,train,35,0.014019679647654515,0.18764623004989628,72.25714285714285
/Users/macbook/Documents/cassava-navigation-ai/data/extracted/data/images/train/GOPR6988_JPG.rf.2d40ce23fd33c62fd5f3fac97d999e9f.jpg,train,43,0.010917927778765291,0.1156870524238587,64.34883720930233
/Users/macbook/Documents/cassava-navigation-ai/data/extracted/data/images/train/GOPR6989_JPG.rf.955e4c864664d94c50040e4fe2cad60e.jpg,train,29,0.015348076190742245,0.11000061035308843,68.44827586206897
/Users/macbook/Documents/cassava-navigation-ai/data/extracted/data/images/train/GOPR6992_JPG.rf.30329cccafb3dd84ebcc8235ec51e828.jpg,train,30,0.012223710112993384,0.11962708325878901,64.23333333333333
/Users/macbook/Documents/cassava-navigation-ai/data/extracted/data/images/train/GOPR6993_JPG.rf.fedf7429d1a8134450db180228d8c040.jpg,train,37,0.013813279946396301,0.1443303426139831,78.37837837837837
/Users/macbook/Documents/cassava-navigation-ai/data/extracted/data/images/train/GOPR6994_JPG.rf.0f4ca9b7b0414fbe0168af011641bae8.jpg,train,45,0.012299712636692304,0.15565872189788815,81.66666666666667
/Users/macbook/Documents/cassava-navigation-ai/data/extracted/data/images/train/GOPR6995_JPG.rf.75e400f3581b13cb13a2c3622db7145a.jpg,train,44,0.011833531370890514,0.09518229158398436,77.4090909090909
/Users/macbook/Documents/cassava-navigation-ai/data/extracted/data/images/train/GOPR6996_JPG.rf.2a90b8830f0388aa855cd7639230e40b.jpg,train,42,0.011253604945664186,0.10321145824023446,73.69047619047619
/Users/macbook/Documents/cassava-navigation-ai/data/extracted/data/images/train/GOPR7000_JPG.rf.92614340fac3d443ee62f3ec16e31fbd.jpg,train,37,0.01421352352083196,0.09561920166549678,82.5945945945946
/Users/macbook/Documents/cassava-navigation-ai/data/extracted/data/images/train/GOPR7001_JPG.rf.0e87616090e86d7fdd9db33d2bf0d9cc.jpg,train,32,0.01940561874066925,0.1357243855445861,97.34375
/Users/macbook/Documents/cassava-navigation-ai/data/extracted/data/images/train/GOPR7002_JPG.rf.78d61f86e504390a4b646c6c29d1f7b5.jpg,train,33,0.01628748385015593,0.11626770823144522,99.93939393939394
/Users/macbook/Documents/cassava-navigation-ai/data/extracted/data/images/train/GOPR7005_JPG.rf.9407d35c5f412119412d7fbf9d1b7d70.jpg,train,54,0.011396712992828913,0.14106874988476562,67.98148148148148
/Users/macbook/Documents/cassava-navigation-ai/data/extracted/data/images/train/GOPR7006_JPG.rf.0a49e35bfe73ba391b98e4be2482bc2e.jpg,train,41,0.013272510612039701,0.09434583344335937,87.09756097560975
/Users/macbook/Documents/cassava-navigation-ai/data/extracted/data/images/train/GOPR7007_JPG.rf.87f2fdde7d95db271fac501656c35c26.jpg,train,43,0.012455876541395308,0.10098020811718754,83.16279069767442
/Users/macbook/Documents/cassava-navigation-ai/data/extracted/data/images/train/GOPR7009_JPG.rf.6671d36d2e4fc38457bb851d64d8b183.jpg,train,56,0.008484664808654771,0.08459895834472647,69.71428571428571
/Users/macbook/Documents/cassava-navigation-ai/data/extracted/data/images/train/GOPR7010_JPG.rf.51fec8f9edcdf7555e225588a9b40a55.jpg,train,42,0.012078605975324352,0.08953541678027335,99.57142857142857
/Users/macbook/Documents/cassava-navigation-ai/data/extracted/data/images/train/GOPR7011_JPG.rf.a699d1747e8e481c227bb524f56d90a1.jpg,train,43,0.013153612809242411,0.1128145833203125,71.79069767441861
/Users/macbook/Documents/cassava-navigation-ai/data/extracted/data/images/train/GOPR7012_JPG.rf.863e4e9f1657fc9643488bdbb17b7446.jpg,train,25,0.027300713782774638,0.12096770821093755,143.72
/Users/macbook/Documents/cassava-navigation-ai/data/extracted/data/images/train/GOPR7016_JPG.rf.4ccab17c6b84914ec7edc752bdc3a888.jpg,train,44,0.01353899250181373,0.14153289789505002,77.54545454545455
/Users/macbook/Documents/cassava-navigation-ai/data/extracted/data/images/train/GOPR7017_JPG.rf.2485fe083c30f60bbdda856bbf2a4125.jpg,train,34,0.01742060582081873,0.13866424556427,96.47058823529412
/Users/macbook/Documents/cassava-navigation-ai/data/extracted/data/images/train/GOPR7018_JPG.rf.df048b6d7d298fd98c7c213176d27ffa.jpg,train,51,0.009569643541849183,0.10224660239028929,78.05882352941177
/Users/macbook/Documents/cassava-navigation-ai/data/extracted/data/images/train/GOPR7019_JPG.rf.1b70651f7208cefd8e426345b8d92359.jpg,train,43,0.011259125319873895,0.0889010415224609,83.79069767441861
/Users/macbook/Documents/cassava-navigation-ai/data/extracted/data/images/train/GOPR7021_JPG.rf.b505d95b21020840d3f4d4701c83d49e.jpg,train,45,0.010824911520336216,0.12209583327539057,58.82222222222222
/Users/macbook/Documents/cassava-navigation-ai/data/extracted/data/images/train/GOPR7022_JPG.rf.6cc4e6305e47b0391e456c2cd60c628c.jpg,train,42,0.01238975379671516,0.07849270832226568,91.88095238095238
/Users/macbook/Documents/cassava-navigation-ai/data/extracted/data/images/train/GOPR7025_JPG.rf.1e4f09c0bcd97ad17b47cfcdcac96e8a.jpg,train,46,0.013172067793132632,0.1331723530815125,76.76086956521739
/Users/macbook/Documents/cassava-navigation-ai/data/extracted/data/images/train/GOPR7026_JPG.rf.faffa7c0dbf2ca82b7dec5e49e8f069d.jpg,train,49,0.010628807271897278,0.0908979168144532,73.12244897959184
/Users/macbook/Documents/cassava-navigation-ai/data/extracted/data/images/train/GOPR7028_JPG.rf.0a6b1fbab60b3e5ab89bed4d1b4f1b75.jpg,train,61,0.007264620365741168,0.09283065797882076,48.80327868852459
/Users/macbook/Documents/cassava-navigation-ai/data/extracted/data/images/train/GOPR7029_JPG.rf.57dc251f53bff7a625b1866891eee5ec.jpg,train,46,0.010363092181211385,0.09243020838964841,88.26086956521739
/Users/macbook/Documents/cassava-navigation-ai/data/extracted/data/images/train/GOPR7030_JPG.rf.067a8a3d613d30991bd0db5638c69ef0.jpg,train,21,0.016540769639689125,0.10584767660675048,98.66666666666667
/Users/macbook/Documents/cassava-navigation-ai/data/extracted/data/images/train/GOPR7031_JPG.rf.43bc7fbc5e560223d4e826d239a8b3c2.jpg,train,30,0.019700578407819642,0.1601880391899108,89.73333333333333
/Users/macbook/Documents/cassava-navigation-ai/data/extracted/data/images/train/GOPR7032_JPG.rf.abe0fb2a21f227d8c00c93827ed8d8c7.jpg,train,39,0.014997304072907265,0.11388142902297962,85.38461538461539
/Users/macbook/Documents/cassava-navigation-ai/data/extracted/data/images/train/GOPR7033_JPG.rf.532434b6e7a335c170c6f97cb141b669.jpg,train,45,0.014172042324600558,0.2007128397499085,83.8
/Users/macbook/Documents/cassava-navigation-ai/data/extracted/data/images/train/GOPR7034_JPG.rf.4370a6ba6a65cc097a2978d8474cb739.jpg,train,24,0.019859401884073896,0.10527928674545287,97.79166666666667
/Users/macbook/Documents/cassava-navigation-ai/data/extracted/data/images/train/GOPR7035_JPG.rf.d24840abb95d9ba3d32b6d9ee2484ec3.jpg,train,29,0.017575013819145467,0.13851801552276616,101.17241379310344
/Users/macbook/Documents/cassava-navigation-ai/data/extracted/data/images/train/GOPR7036_JPG.rf.1653bd44006752f8856d034eeff3c512.jpg,train,43,0.011413315548247576,0.08584791646777337,66.67441860465117
/Users/macbook/Documents/cassava-navigation-ai/data/extracted/data/images/train/GOPR7037_JPG.rf.30a76ab802b5fa60fb3fa020352d9b79.jpg,train,35,0.014535653714352836,0.1286188761611939,93.6
/Users/macbook/Documents/cassava-navigation-ai/data/extracted/data/images/train/GOPR7039_JPG.rf.b07015fb41ac6fd1f2e51bf2d26b8af1.jpg,train,44,0.013051225093982334,0.11555608115844733,77.11363636363636
/Users/macbook/Documents/cassava-navigation-ai/data/extracted/data/images/train/GOPR7041_JPG.rf.233e553f405fd4f9cc142342ca847e9f.jpg,train,27,0.015249551742483606,0.11733749990722654,67.11111111111111
/Users/macbook/Documents/cassava-navigation-ai/data/extracted/data/images/train/GOPR7042_JPG.rf.d767f82d9f10358e00bf1954dd94d017.jpg,train,31,0.01464633198834227,0.09131770824902338,96.93548387096774
/Users/macbook/Documents/cassava-navigation-ai/data/extracted/data/images/train/GOPR7043_JPG.rf.66b928738936255661662df153afa5ca.jpg,train,32,0.012233460049875286,0.08883020841503902,78.65625
/Users/macbook/Documents/cassava-navigation-ai/data/extracted/data/images/train/GOPR7044_JPG.rf.f72bf572b389df1c0572ac248b5ec1e1.jpg,train,41,0.013319448828855936,0.10693229160449214,78.60975609756098
/Users/macbook/Documents/cassava-navigation-ai/data/extracted/data/images/train/GOPR7045_JPG.rf.fd36704a2f5a19028f26a8c5a44adbe0.jpg,train,51,0.010480600601383576,0.08901041690722652,74.19607843137256
/Users/macbook/Documents/cassava-navigation-ai/data/extracted/data/images/train/GOPR7046_JPG.rf.36fc2ac385544a4932eeac3c2229497c.jpg,train,46,0.014302588289676158,0.16170501708450305,73.58695652173913
/Users/macbook/Documents/cassava-navigation-ai/data/extracted/data/images/train/GOPR7048_JPG.rf.d365b1981fb8a65ea078d75d664f4d96.jpg,train,57,0.009358436200354862,0.12244288124771124,66.82456140350877
/Users/macbook/Documents/cassava-navigation-ai/data/extracted/data/images/train/GOPR7049_JPG.rf.d8a3e833789bf8f5acce70ae32906d3f.jpg,train,51,0.011301825504162963,0.18485260003662124,60.411764705882355
/Users/macbook/Documents/cassava-navigation-ai/data/extracted/data/images/train/GOPR7050_JPG.rf.03a5bdfb223ba08c77b2e91017a8a010.jpg,train,45,0.010303821839437526,0.10994593301238993,54.577777777777776
/Users/macbook/Documents/cassava-navigation-ai/data/extracted/data/images/train/GOPR7052_JPG.rf.a8a830c07061897aa493f7e71816cbfa.jpg,train,38,0.011865173072129122,0.1406614584736328,54.078947368421055
/Users/macbook/Documents/cassava-navigation-ai/data/extracted/data/images/train/GOPR7053_JPG.rf.d3059fb827e9fee5cf06722252c506b1.jpg,train,52,0.01212597245447832,0.22833760580978393,57.09615384615385
/Users/macbook/Documents/cassava-navigation-ai/data/extracted/data/images/train/GOPR7054_JPG.rf.da2e975af02c5f0025f68bcfe5f8cf28.jpg,train,43,0.009211005444409042,0.08280520811132808,65.4186046511628
/Users/macbook/Documents/cassava-navigation-ai/data/extracted/data/images/train/GOPR7056_JPG.rf.7871ab63e83f1047f4f76de9513f0b0b.jpg,train,40,0.012348077187820421,0.13047154745101947,71.05
/Users/macbook/Documents/cassava-navigation-ai/data/extracted/data/images/train/GOPR7057_JPG.rf.875cb8d655e24c3d195b8f936017a30d.jpg,train,42,0.014775993130098601,0.2248624166725156,73.16666666666667
/Users/macbook/Documents/cassava-navigation-ai/data/extracted/data/images/train/GOPR7058_JPG.rf.800b667a112b86093d798deeb6efc2c3.jpg,train,31,0.012528216617496628,0.0898135416279296,57.83870967741935
/Users/macbook/Documents/cassava-navigation-ai/data/extracted/data/images/train/GOPR7060_JPG.rf.93a13ecf095c0a4c1ed10297d748e032.jpg,train,31,0.014773093283090887,0.1075197917714843,64.12903225806451
/Users/macbook/Documents/cassava-navigation-ai/data/extracted/data/images/train/GOPR7061_JPG.rf.83a584c0cf033b38407ab34a37abb1bf.jpg,train,37,0.017465350388347577,0.20844141642990122,62.16216216216216
/Users/macbook/Documents/cassava-navigation-ai/data/extracted/data/images/train/GOPR7062_JPG.rf.728af26df6dcaf5156ac48b04b0f9803.jpg,train,45,0.012958084445902508,0.10411354171972659,68.71111111111111
/Users/macbook/Documents/cassava-navigation-ai/data/extracted/data/images/train/GOPR7063_JPG.rf.b23e835c71ee5fda8d6af283b2831b38.jpg,train,45,0.01026641343689577,0.1177385416748048,71.02222222222223
/Users/macbook/Documents/cassava-navigation-ai/data/extracted/data/images/train/GOPR7064_JPG.rf.9506c9163ecccb37e09ec48e9986912c.jpg,train,22,0.021705277511052907,0.15648269655838018,115.68181818181819
/Users/macbook/Documents/cassava-navigation-ai/data/extracted/data/images/train/GOPR7066_JPG.rf.f2bb1397a0ffddbc10e673c9d5c719d4.jpg,train,35,0.017605142267695845,0.18616867069015502,81.88571428571429
/Users/macbook/Documents/cassava-navigation-ai/data/extracted/data/images/train/GOPR7067_JPG.rf.608aed295149b41b822411db851277d0.jpg,train,37,0.013412357917259391,0.12880325328445436,73.97297297297297
/Users/macbook/Documents/cassava-navigation-ai/data/extracted/data/images/train/GOPR7069_JPG.rf.ed930506bc294f5df346f5e026ebc2db.jpg,train,41,0.01300787868528337,0.12320963536834731,68.85365853658537
/Users/macbook/Documents/cassava-navigation-ai/data/extracted/data/images/train/GOPR7070_JPG.rf.67bde9159d06a0b8b28a64e0844efd5d.jpg,train,41,0.013704921618833951,0.13158798212585465,75.5609756097561
/Users/macbook/Documents/cassava-navigation-ai/data/extracted/data/images/train/GOPR7073_JPG.rf.1c77d1e29fc3d59e06700ce0fa74e04e.jpg,train,31,0.014338196450942491,0.154552459738922,66.51612903225806
/Users/macbook/Documents/cassava-navigation-ai/data/extracted/data/images/train/GOPR7074_JPG.rf.e8335d07a82db77a1d8cfdc865243b4f.jpg,train,34,0.018457558846530695,0.18138249714126578,98.26470588235294
/Users/macbook/Documents/cassava-navigation-ai/data/extracted/data/images/train/GOPR7075_JPG.rf.53c23b496c401b857179551cfd38b811.jpg,train,31,0.01804765126373979,0.16933441154785162,71.96774193548387
/Users/macbook/Documents/cassava-navigation-ai/data/extracted/data/images/train/GOPR7077_JPG.rf.8c8d1b7d3dfbfb0727048b6e3cbdb89a.jpg,train,48,0.0106064551338609,0.10368437499999994,72.52083333333333
/Users/macbook/Documents/cassava-navigation-ai/data/extracted/data/images/train/GOPR7078_JPG.rf.f19238851be8fca3a3bfaa131c03dc08.jpg,train,35,0.017900680506649332,0.12620858341406246,88.54285714285714
/Users/macbook/Documents/cassava-navigation-ai/data/extracted/data/images/train/GOPR7080_JPG.rf.efb3841908d3b024e5c591f020d28e3b.jpg,train,30,0.012824166134296672,0.08738958358398441,70.43333333333334
/Users/macbook/Documents/cassava-navigation-ai/data/extracted/data/images/train/GOPR7082_JPG.rf.bfdb556f227aed0b228c1200b7c79ff9.jpg,train,32,0.01186004854253386,0.11425145466842662,72.46875
/Users/macbook/Documents/cassava-navigation-ai/data/extracted/data/images/train/GOPR7083_JPG.rf.dfa637d3f23c7d60d4098f6f8520f4f2.jpg,train,43,0.015295099675771303,0.11252975457153323,77.3953488372093
/Users/macbook/Documents/cassava-navigation-ai/data/extracted/data/images/train/GOPR7084_JPG.rf.28ae4009db71bc3ee3e965fba4091da6.jpg,train,42,0.013437755525089832,0.11268107101593021,91.66666666666667
/Users/macbook/Documents/cassava-navigation-ai/data/extracted/data/images/train/GOPR7085_JPG.rf.bba53ca798f894373dc55f8ef40ea9c9.jpg,train,43,0.011106589711532248,0.08972708325976567,71.11627906976744
/Users/macbook/Documents/cassava-navigation-ai/data/extracted/data/images/train/GOPR7086_JPG.rf.6e9ed81370c18b1b5e3421292aff43e2.jpg,train,33,0.017207215311022202,0.21299743647537253,75.18181818181819
/Users/macbook/Documents/cassava-navigation-ai/data/extracted/data/images/train/GOPR7087_JPG.rf.499898bfcf9c86b6e307fec07aa11f91.jpg,train,34,0.01605265808576694,0.11860656741790764,73.58823529411765
/Users/macbook/Documents/cassava-navigation-ai/data/extracted/data/images/train/GOPR7088_JPG.rf.0499daf25f2e1c63395560422c8c6869.jpg,train,37,0.008150227172542424,0.08938862969261852,57.75675675675676
/Users/macbook/Documents/cassava-navigation-ai/data/extracted/data/images/train/GOPR7089_JPG.rf.e8d1bfc52fd218fc1e5f36da47446618.jpg,train,47,0.010477639167788653,0.11818015627832035,59.53191489361702
/Users/macbook/Documents/cassava-navigation-ai/data/extracted/data/images/train/GOPR7090_JPG.rf.3dd381e1a4649534e61007d2fbed884f.jpg,train,41,0.011757796969027639,0.11171979162597662,87.97560975609755
/Users/macbook/Documents/cassava-navigation-ai/data/extracted/data/images/train/GOPR7091_JPG.rf.b91f774175d0f4e6935773f5139675a3.jpg,train,33,0.01765371567099828,0.21437327069931036,66.54545454545455
/Users/macbook/Documents/cassava-navigation-ai/data/extracted/data/images/train/GOPR7092_JPG.rf.d9962e693f61938a6970f43eceb6238f.jpg,train,42,0.009779632971681152,0.12367145841894533,57.57142857142857
/Users/macbook/Documents/cassava-navigation-ai/data/extracted/data/images/train/GOPR7093_JPG.rf.0778df930789e4c835f83d0e54aaa3db.jpg,train,53,0.009701412885953296,0.12007649740676885,66.94339622641509
/Users/macbook/Documents/cassava-navigation-ai/data/extracted/data/images/train/GOPR7094_JPG.rf.99860ed41180ab4b093208a2ef1b6e4b.jpg,train,53,0.012071063453597165,0.14571762086181658,72.56603773584905
/Users/macbook/Documents/cassava-navigation-ai/data/extracted/data/images/train/GOPR7096_JPG.rf.98e52af4782895ffd816e94d27743e88.jpg,train,38,0.013248899464673494,0.11965815227279653,79.55263157894737
/Users/macbook/Documents/cassava-navigation-ai/data/extracted/data/images/train/GOPR7097_JPG.rf.0e3f38df04857e42e483e601ff23a43a.jpg,train,50,0.009260819210639036,0.11225312496679687,56.4
/Users/macbook/Documents/cassava-navigation-ai/data/extracted/data/images/train/GOPR7098_JPG.rf.07ceed6570d6f636b9142b2a142d7741.jpg,train,43,0.013114328022840637,0.16582489016265864,76.69767441860465
/Users/macbook/Documents/cassava-navigation-ai/data/extracted/data/images/train/GOPR7099_JPG.rf.6d433e72db8475f456016a43e7f5f95c.jpg,train,34,0.014170431872361108,0.10722187499609367,78.08823529411765
/Users/macbook/Documents/cassava-navigation-ai/data/extracted/data/images/train/GOPR7100_JPG.rf.20c7cf289f09cad1d5e2281b93e0f4ae.jpg,train,31,0.017134351456889928,0.14371744788208018,82.70967741935483
/Users/macbook/Documents/cassava-navigation-ai/data/extracted/data/images/train/GOPR7101_JPG.rf.93f86fd38cb818ed5a9c227fc115b674.jpg,train,29,0.020344823799818362,0.1590270995582581,87.34482758620689
/Users/macbook/Documents/cassava-navigation-ai/data/extracted/data/images/train/GOPR7102_JPG.rf.3e2d73a31a3ba6d51cf3d301df21b15b.jpg,train,45,0.013408945665994603,0.2344703673896787,72.06666666666666
/Users/macbook/Documents/cassava-navigation-ai/data/extracted/data/images/train/GOPR7104_JPG.rf.dd79ecda03cc16d00c0d6f12337a6d55.jpg,train,32,0.015953699736809705,0.09667968727493248,121.21875
/Users/macbook/Documents/cassava-navigation-ai/data/extracted/data/images/train/GOPR7108_JPG.rf.43f73fd7df8e482c0dfefa22656a1acf.jpg,train,56,0.01050991121380834,0.09067600002832037,88.14285714285714
/Users/macbook/Documents/cassava-navigation-ai/data/extracted/data/images/train/GOPR7112_JPG.rf.40f7e43f5d24025fa743cf5b0485ddf4.jpg,train,29,0.01893266826179032,0.12784449261169475,113.20689655172414
/Users/macbook/Documents/cassava-navigation-ai/data/extracted/data/images/train/GOPR7113_JPG.rf.8e6e53ac3497a0d338d171a77f8edbe5.jpg,train,37,0.012433561711869089,0.111523611203125,69.75675675675676
/Users/macbook/Documents/cassava-navigation-ai/data/extracted/data/images/train/GOPR7115_JPG.rf.4bf3bbfb67f10716d35f3b38c1a20b41.jpg,train,35,0.015972338351263427,0.1064872741867065,85.17142857142858
/Users/macbook/Documents/cassava-navigation-ai/data/extracted/data/images/train/GOPR7116_JPG.rf.2f665114a5817506cdde60d372b303c5.jpg,train,45,0.01285335607795818,0.09817708329687494,92.77777777777777
/Users/macbook/Documents/cassava-navigation-ai/data/extracted/data/images/train/GOPR7117_JPG.rf.662f33469bcbe4ae9dfa72c4c7f681bc.jpg,train,60,0.010668992347881573,0.188460032144165,67.56666666666666
/Users/macbook/Documents/cassava-navigation-ai/data/extracted/data/images/train/GOPR7118_JPG.rf.3a14fb0655699cc5d5405942fc4bc861.jpg,train,49,0.011108210178891551,0.1075343749267578,69.16326530612245
/Users/macbook/Documents/cassava-navigation-ai/data/extracted/data/images/train/GOPR7119_JPG.rf.64ff510c8f616b6fa5bed61639de9f48.jpg,train,27,0.0158923204940355,0.08653020845410152,90.92592592592592
/Users/macbook/Documents/cassava-navigation-ai/data/extracted/data/images/train/GOPR7120_JPG.rf.deeebba2f7c71619cda15540416276d6.jpg,train,32,0.016901028692646047,0.14000447585067738,89.96875
/Users/macbook/Documents/cassava-navigation-ai/data/extracted/data/images/train/GOPR7122_JPG.rf.52d415c308a5a1b2b89d09cd328535ac.jpg,train,33,0.019802666685863182,0.11410776774368289,113.6969696969697
/Users/macbook/Documents/cassava-navigation-ai/data/extracted/data/images/train/GOPR7123_JPG.rf.bca0f6180dea8cc8c2feb5c6a3fd5abd.jpg,train,50,0.010733153244102171,0.1378440417255859,53.54
/Users/macbook/Documents/cassava-navigation-ai/data/extracted/data/images/train/GOPR7124_JPG.rf.638a9616a6c44153d204b10f79e9e2c9.jpg,train,31,0.0186902309618925,0.11194490742657712,108.41935483870968
/Users/macbook/Documents/cassava-navigation-ai/data/extracted/data/images/train/GOPR7125_JPG.rf.ff723274557b99626740fba7e03ef920.jpg,train,30,0.016611354133021113,0.1066312232153545,82.3
/Users/macbook/Documents/cassava-navigation-ai/data/extracted/data/images/train/GOPR7126_JPG.rf.dc143cd9764080d3487517b1a389b38f.jpg,train,40,0.015409040474483701,0.1214216298268285,83.675
/Users/macbook/Documents/cassava-navigation-ai/data/extracted/data/images/train/GOPR7127_JPG.rf.0d479dce5105052ec28c91ef90a8fc1a.jpg,train,30,0.019067038163048312,0.2815920511657717,77.33333333333333
/Users/macbook/Documents/cassava-navigation-ai/data/extracted/data/images/train/GOPR7128_JPG.rf.87f12dd654b2596df66b5d5c15c7702f.jpg,train,36,0.010589611138721903,0.10032708338281252,63.166666666666664
/Users/macbook/Documents/cassava-navigation-ai/data/extracted/data/images/train/GOPR7130_JPG.rf.81a5f1e241ede2a9b789d95ed68e6471.jpg,train,27,0.01425551254955264,0.10531770838574224,79.96296296296296
/Users/macbook/Documents/cassava-navigation-ai/data/extracted/data/images/train/GOPR7132_JPG.rf.66e35fb0bbbf72722f5b4eae56ca69d9.jpg,train,30,0.013083445415163169,0.1168427079042968,59.166666666666664
/Users/macbook/Documents/cassava-navigation-ai/data/extracted/data/images/train/GOPR7133_JPG.rf.29e11d518c38940407dab146f94b7cc4.jpg,train,33,0.011911305464141845,0.09902499988476564,72.06060606060606
/Users/macbook/Documents/cassava-navigation-ai/data/extracted/data/images/train/GOPR7134_JPG.rf.8b4a46ec3f40dc627458455d01bdeb57.jpg,train,36,0.011004981545075324,0.07623749996679702,60.333333333333336
/Users/macbook/Documents/cassava-navigation-ai/data/extracted/data/images/train/GOPR7135_JPG.rf.48afd1fe238ca79462f21c288c1031ae.jpg,train,38,0.015009001669597417,0.13313020836132813,80.84210526315789
/Users/macbook/Documents/cassava-navigation-ai/data/extracted/data/images/train/GOPR7136_JPG.rf.424c36b5aaf7b3adecbc7e2963800090.jpg,train,26,0.023218600996967025,0.12964375818786622,115.3076923076923
/Users/macbook/Documents/cassava-navigation-ai/data/extracted/data/images/train/GOPR7137_JPG.rf.59e9b61ad4bf8e67df4bbcbc39396c60.jpg,train,33,0.01729696736372513,0.14985275268783577,85.81818181818181
/Users/macbook/Documents/cassava-navigation-ai/data/extracted/data/images/train/GOPR7139_JPG.rf.861ea3585f2624f64698d7288b009e9e.jpg,train,46,0.015518003284900798,0.17408498136596684,84.56521739130434
/Users/macbook/Documents/cassava-navigation-ai/data/extracted/data/images/train/GOPR7140_JPG.rf.3c5f01e8487720b74629897e8f63f8b0.jpg,train,34,0.016404102671836413,0.16420110066375734,83.32352941176471
/Users/macbook/Documents/cassava-navigation-ai/data/extracted/data/images/train/GOPR7141_JPG.rf.5722f57eaf5f9628da720b689a979aa2.jpg,train,27,0.020513494492149092,0.0977834065948485,128.03703703703704
/Users/macbook/Documents/cassava-navigation-ai/data/extracted/data/images/train/GOPR7142_JPG.rf.5719a8d18416e11858e74ba8915c7fc7.jpg,train,34,0.018497848905045456,0.1437961457802734,74.23529411764706
/Users/macbook/Documents/cassava-navigation-ai/data/extracted/data/images/train/GOPR7143_JPG.rf.7fd682dd1716f4faff4e5f92cc676e7a.jpg,train,44,0.01054320550309338,0.09619267775955202,61.13636363636363
/Users/macbook/Documents/cassava-navigation-ai/data/extracted/data/images/train/GOPR7145_JPG.rf.3544acea17fc298ab8916e6d893dbda2.jpg,train,31,0.023166041611412808,0.3032582601249696,96.03225806451613
/Users/macbook/Documents/cassava-navigation-ai/data/extracted/data/images/train/GOPR7146_JPG.rf.a76d6ae7b7c43741bfc55ffda398c542.jpg,train,41,0.006426754534141719,0.10326562499414046,46.51219512195122
/Users/macbook/Documents/cassava-navigation-ai/data/extracted/data/images/train/GOPR7149_JPG.rf.c8d3497af9eee69e0c064c8a8a5829ef.jpg,train,43,0.013362973227904537,0.26401011147003167,87.34883720930233
/Users/macbook/Documents/cassava-navigation-ai/data/extracted/data/images/train/GOPR7151_JPG.rf.7917453e4ef173ebee8991832dcab887.jpg,train,24,0.0162062247830569,0.1059167917978516,89.5
/Users/macbook/Documents/cassava-navigation-ai/data/extracted/data/images/train/GOPR7152_JPG.rf.6a321352851a9edbe883c5f433b2375b.jpg,train,29,0.018789576368345082,0.21213150022430444,127.55172413793103
/Users/macbook/Documents/cassava-navigation-ai/data/extracted/data/images/train/GOPR7153_JPG.rf.2bf413791cfeae105ec99b0ad25f2b21.jpg,train,39,0.008949084160066277,0.07516733807678225,98.35897435897436
/Users/macbook/Documents/cassava-navigation-ai/data/extracted/data/images/train/GOPR7154_JPG.rf.e1e768aa0fb93cadabc66f505f4b1822.jpg,train,34,0.010962729361433136,0.13508605954589845,108.38235294117646
/Users/macbook/Documents/cassava-navigation-ai/data/extracted/data/images/train/GOPR7155_JPG.rf.ff12a4f7b587c285695bf72d0f925a97.jpg,train,42,0.011302372751126982,0.1354509988601686,68.54761904761905
/Users/macbook/Documents/cassava-navigation-ai/data/extracted/data/images/train/GOPR7156_JPG.rf.54ad135f592318933cae1fcba8b90837.jpg,train,42,0.01618688067536129,0.2263081868377688,124.16666666666667
/Users/macbook/Documents/cassava-navigation-ai/data/extracted/data/images/train/GOPR7160_JPG.rf.acb7d60c17e2e02feb0b2f9a33ad3222.jpg,train,33,0.015203418140411333,0.13934580440216054,117.54545454545455
/Users/macbook/Documents/cassava-navigation-ai/data/extracted/data/images/train/GOPR7162_JPG.rf.22ea85d330d7ef74febe9c2c4946dc81.jpg,train,34,0.015866597479921224,0.15093612670593257,105.41176470588235
/Users/macbook/Documents/cassava-navigation-ai/data/extracted/data/images/train/GOPR7164_JPG.rf.f149d3159c1a811b0cea7a4e5addeab6.jpg,train,39,0.009171640762192177,0.13334401447677613,92.94871794871794
/Users/macbook/Documents/cassava-navigation-ai/data/extracted/data/images/train/GOPR7165_JPG.rf.7099258fa059d851d04b940f8fa42101.jpg,train,39,0.014404212841328944,0.16077500015722665,88.07692307692308
/Users/macbook/Documents/cassava-navigation-ai/data/extracted/data/images/train/GOPR7166_JPG.rf.21d65cc90f5d5e6f040595e75b7debe7.jpg,train,43,0.010987865823169091,0.08110046381454486,95.53488372093024
/Users/macbook/Documents/cassava-navigation-ai/data/extracted/data/images/train/GOPR7167_JPG.rf.2ef0403b0371647c3e90c6ee06e33f25.jpg,train,45,0.01214371969959108,0.11168924976043716,101.24444444444444
/Users/macbook/Documents/cassava-navigation-ai/data/extracted/data/images/train/GOPR7168_JPG.rf.dd05a642649d13c49b25f30a9a8f7bbd.jpg,train,50,0.009825939121008907,0.1307131448997498,75.42
/Users/macbook/Documents/cassava-navigation-ai/data/extracted/data/images/train/GOPR7169_JPG.rf.9d0a18caf78649563a046acc1222f01f.jpg,train,42,0.015459030387678591,0.134534200039673,97.5952380952381
/Users/macbook/Documents/cassava-navigation-ai/data/extracted/data/images/train/GOPR7170_JPG.rf.72de6e3ed677a3c07edb75db0cfe2fad.jpg,train,21,0.030121878951481412,0.29285430902481074,164.95238095238096
/Users/macbook/Documents/cassava-navigation-ai/data/extracted/data/images/train/GOPR7172_JPG.rf.1bc311068b8c5bbb6c1aa721c64ccdef.jpg,train,40,0.009694857172052781,0.1516322917519532,68.975
/Users/macbook/Documents/cassava-navigation-ai/data/extracted/data/images/train/GOPR7173_JPG.rf.976aa95fd51933761afb44331fefe1a3.jpg,train,30,0.014858712090911892,0.09308878580932614,107.5
/Users/macbook/Documents/cassava-navigation-ai/data/extracted/data/images/train/GOPR7174_JPG.rf.2e3908460b23b68adadfbffa06cda306.jpg,train,25,0.023193123386943362,0.23818588252792366,93.24
/Users/macbook/Documents/cassava-navigation-ai/data/extracted/data/images/train/GOPR7175_JPG.rf.34a68c4ed58ddd65563c592e1fa8d790.jpg,train,32,0.014482617366933813,0.0994847612716677,119.71875
/Users/macbook/Documents/cassava-navigation-ai/data/extracted/data/images/train/GOPR7176_JPG.rf.3a0cf7ee58362aaebef6fe4ed47a8383.jpg,train,40,0.009400526674423218,0.06801732383117674,74.0
/Users/macbook/Documents/cassava-navigation-ai/data/extracted/data/images/train/GOPR7177_JPG.rf.44dc0461b6570e0f43ea21bbd05a6085.jpg,train,42,0.011131588738504311,0.16334375006542973,69.71428571428571
/Users/macbook/Documents/cassava-navigation-ai/data/extracted/data/images/train/GOPR7178_JPG.rf.db38a2c0a6c3029441e1b99aefe81b09.jpg,train,39,0.013374584694724035,0.20154571534881588,75.66666666666667
/Users/macbook/Documents/cassava-navigation-ai/data/extracted/data/images/train/GOPR7179_JPG.rf.c4f6c0d91d75b736b66b7ab002387a1f.jpg,train,49,0.01015178300157257,0.13702604119433592,90.46938775510205
/Users/macbook/Documents/cassava-navigation-ai/data/extracted/data/images/train/GOPR7180_JPG.rf.e928b8463cb6246e34c4f64fc0ab8ee5.jpg,train,31,0.008671668258814675,0.06651687621536248,89.93548387096774
/Users/macbook/Documents/cassava-navigation-ai/data/extracted/data/images/train/GOPR7181_JPG.rf.9e92963bdbeb255bce804b63fc82da2a.jpg,train,33,0.019477613033780157,0.11429723097534164,120.42424242424242
/Users/macbook/Documents/cassava-navigation-ai/data/extracted/data/images/train/GOPR7182_JPG.rf.e9f8f7f8b550531a9c5a44bcc74e6add.jpg,train,40,0.013987457072714992,0.1539573669517517,87.825
/Users/macbook/Documents/cassava-navigation-ai/data/extracted/data/images/train/GOPR7183_JPG.rf.4fba64a8744fb8a33a07d8111fdeeded.jpg,train,39,0.010529477375402193,0.12450663251037601,93.1025641025641
/Users/macbook/Documents/cassava-navigation-ai/data/extracted/data/images/train/GOPR7185_JPG.rf.78df7f3672911203ddc6dab44f79317c.jpg,train,46,0.014290740526829578,0.22494888305358893,94.43478260869566
/Users/macbook/Documents/cassava-navigation-ai/data/extracted/data/images/train/GOPR7186_JPG.rf.91ebe9c9c9355bd4b8141f3f4802539c.jpg,train,35,0.015689268560769205,0.17382049555969242,126.65714285714286
/Users/macbook/Documents/cassava-navigation-ai/data/extracted/data/images/train/GOPR7188_JPG.rf.91baf62488fe1cdfd90f257f7400f145.jpg,train,42,0.01463643331189837,0.15996424358215314,108.92857142857143
/Users/macbook/Documents/cassava-navigation-ai/data/extracted/data/images/train/GOPR7189_JPG.rf.956c723d62c6d0092682f74357b52095.jpg,train,46,0.012781139424148675,0.24794514973526025,91.3913043478261
/Users/macbook/Documents/cassava-navigation-ai/data/extracted/data/images/train/GOPR7190_JPG.rf.e12d8fd65e89f282c34de90de3837119.jpg,train,32,0.014207720742726339,0.11654663086166388,109.25
/Users/macbook/Documents/cassava-navigation-ai/data/extracted/data/images/train/GOPR7191_JPG.rf.de4d184d6743850298badf9460ff2477.jpg,train,50,0.00816095987182616,0.09412256876525872,75.22
/Users/macbook/Documents/cassava-navigation-ai/data/extracted/data/images/train/GOPR7192_JPG.rf.e8ff0611d1bfb4373d273cd10c7c08ea.jpg,train,46,0.007833121477641215,0.07420476276702884,69.6304347826087
/Users/macbook/Documents/cassava-navigation-ai/data/extracted/data/images/train/GOPR7193_JPG.rf.774179484493c5de83cd7626761b1a09.jpg,train,54,0.010559105580167438,0.16692860927200318,85.14814814814815
/Users/macbook/Documents/cassava-navigation-ai/data/extracted/data/images/train/GOPR7194_JPG.rf.eba32d41d452c87d58abbd983c44b907.jpg,train,49,0.00845041079579568,0.08993784570159938,82.9795918367347
/Users/macbook/Documents/cassava-navigation-ai/data/extracted/data/images/train/GOPR7195_JPG.rf.5c9f7d2c90f4bdd9964a4b8a481391b4.jpg,train,35,0.01705729165261406,0.2329139708435059,103.62857142857143
/Users/macbook/Documents/cassava-navigation-ai/data/extracted/data/images/train/GOPR7196_JPG.rf.d23db4dc7db64926c139bee4cbe4b646.jpg,train,34,0.013504973635705382,0.10866165160140981,111.26470588235294
/Users/macbook/Documents/cassava-navigation-ai/data/extracted/data/images/train/GOPR7197_JPG.rf.5720b4a6f9e31d1875ea4622bb4c6bfa.jpg,train,45,0.01371228251993815,0.12455368031997681,109.13333333333334
/Users/macbook/Documents/cassava-navigation-ai/data/extracted/data/images/train/GOPR7200_JPG.rf.c25ae449a2ae545de95ec41b9bfb64aa.jpg,train,51,0.01218164979209151,0.21800740561981172,87.33333333333333
/Users/macbook/Documents/cassava-navigation-ai/data/extracted/data/images/train/GOPR7202_JPG.rf.1d6400c18b427ac82023beab8ad9b5d0.jpg,train,25,0.01056421914147951,0.07537841787567146,101.2
/Users/macbook/Documents/cassava-navigation-ai/data/extracted/data/images/train/GOPR7205_JPG.rf.2ee42068caf87de3ff0e960198112ca4.jpg,train,38,0.017637955503724746,0.26126352940139763,125.57894736842105
/Users/macbook/Documents/cassava-navigation-ai/data/extracted/data/images/train/GOPR7206_JPG.rf.0ba494e7549d932b75206659f66c6e0b.jpg,train,52,0.012259361065791204,0.07552337649536141,101.34615384615384
/Users/macbook/Documents/cassava-navigation-ai/data/extracted/data/images/train/GOPR7208_JPG.rf.9b24cb73ec7f4b75070a42c4f46f80fb.jpg,train,35,0.016205647377065594,0.19948832190322874,85.0
/Users/macbook/Documents/cassava-navigation-ai/data/extracted/data/images/train/GOPR7209_JPG.rf.7e0906fc479ae5ee07f78f43cbbf9fff.jpg,train,35,0.014270709804207948,0.160767872997284,95.94285714285714
/Users/macbook/Documents/cassava-navigation-ai/data/extracted/data/images/train/GOPR7210_JPG.rf.9043c6be22e0eec6e39b5e99329460f0.jpg,train,55,0.011087244198816461,0.20402526861267087,93.78181818181818
/Users/macbook/Documents/cassava-navigation-ai/data/extracted/data/images/train/GOPR7211_JPG.rf.7f2c9d612d767487e0936c5fa9f4bae7.jpg,train,19,0.029300221205259634,0.2572301229301454,155.6315789473684
/Users/macbook/Documents/cassava-navigation-ai/data/extracted/data/images/train/GOPR7212_JPG.rf.f09a171107a95d78c65ac2c203a22e07.jpg,train,45,0.010963976817830385,0.09459559126434329,105.4
/Users/macbook/Documents/cassava-navigation-ai/data/extracted/data/images/train/GOPR7213_JPG.rf.eae112799933dc7ad5daf597013c12a8.jpg,train,36,0.012770264229392987,0.12594604497146594,120.77777777777777
/Users/macbook/Documents/cassava-navigation-ai/data/extracted/data/images/train/GOPR7214_JPG.rf.d348dd9e82043052c645971438afb88d.jpg,train,36,0.014038613658212455,0.13963437516503907,90.16666666666667
/Users/macbook/Documents/cassava-navigation-ai/data/extracted/data/images/train/GOPR7215_JPG.rf.a3e24f5618fc353a3be3406cb032bbeb.jpg,train,30,0.01700528461771648,0.1823438008430481,112.66666666666667
/Users/macbook/Documents/cassava-navigation-ai/data/extracted/data/images/train/GOPR7216_JPG.rf.71c29ffb75188655dc5ba79a57b50146.jpg,train,34,0.014634151071570907,0.13607406605758687,115.41176470588235
/Users/macbook/Documents/cassava-navigation-ai/data/extracted/data/images/train/GOPR7218_JPG.rf.11bbc40761423246f55f23e081bf724a.jpg,train,46,0.013227593194505128,0.15300877886505126,108.95652173913044
/Users/macbook/Documents/cassava-navigation-ai/data/extracted/data/images/train/GOPR7219_JPG.rf.051f85a3703fa2795fffcafd97da966d.jpg,train,42,0.01573459704138256,0.1602478027244568,114.5
/Users/macbook/Documents/cassava-navigation-ai/data/extracted/data/images/train/GOPR7223_JPG.rf.b74cb1e45a359654010b30ec9b92ada8.jpg,train,52,0.012081048427493758,0.2855847676841738,77.67307692307692
/Users/macbook/Documents/cassava-navigation-ai/data/extracted/data/images/train/GOPR7224_JPG.rf.e863073bf7d6896ec66715cd05af39c1.jpg,train,53,0.005384937019304945,0.04994964604873667,66.56603773584905
/Users/macbook/Documents/cassava-navigation-ai/data/extracted/data/images/train/GOPR7228_JPG.rf.08f9c56f6ff47078d4ae11a0afa5d5aa.jpg,train,43,0.011379744656159162,0.10133870446319593,81.51162790697674
/Users/macbook/Documents/cassava-navigation-ai/data/extracted/data/images/train/GOPR7229_JPG.rf.aae9a515e79045a1aae840ddf8776eed.jpg,train,40,0.012227884919452658,0.10149765004653931,101.1
/Users/macbook/Documents/cassava-navigation-ai/data/extracted/data/images/train/GOPR7230_JPG.rf.a349cdce63dbe20bc3d1de36794912d9.jpg,train,38,0.010771901973563758,0.15642674764480616,78.60526315789474
/Users/macbook/Documents/cassava-navigation-ai/data/extracted/data/images/train/GOPR7231_JPG.rf.74dd368e445576b6851484b6aa2bbf77.jpg,train,37,0.014866940600771514,0.2052561441726684,110.56756756756756
/Users/macbook/Documents/cassava-navigation-ai/data/extracted/data/images/train/GOPR7232_JPG.rf.0752575c3a13221bed17491c0d544861.jpg,train,53,0.010180971148206618,0.13428370153503424,86.24528301886792
/Users/macbook/Documents/cassava-navigation-ai/data/extracted/data/images/train/GOPR7233_JPG.rf.98eae885c4ceabd47dcabd655b42d8f9.jpg,train,44,0.014790361565797994,0.12149302162017814,118.68181818181819
/Users/macbook/Documents/cassava-navigation-ai/data/extracted/data/images/train/GOPR7235_JPG.rf.5cc296d48d7b3d5afdc4d3ed26d2e583.jpg,train,41,0.013703912254035763,0.17733128865051276,82.02439024390245
/Users/macbook/Documents/cassava-navigation-ai/data/extracted/data/images/train/GOPR7237_JPG.rf.c7a1804596e2cccd244c0a6cf910c334.jpg,train,32,0.01245601970796589,0.07431030271682718,106.65625
/Users/macbook/Documents/cassava-navigation-ai/data/extracted/data/images/train/GOPR7398_JPG.rf.c6f722b6d541cadba4ed83336b4c9f85.jpg,train,39,0.010985692375933526,0.16624895845898435,74.12820512820512
/Users/macbook/Documents/cassava-navigation-ai/data/extracted/data/images/train/GOPR7400_JPG.rf.07892e224004c2599ee9ecb8d2dd9a28.jpg,train,45,0.01327630501436021,0.24652989699325575,79.5111111111111
/Users/macbook/Documents/cassava-navigation-ai/data/extracted/data/images/train/GOPR7402_JPG.rf.670396c3ae0c5bba0ac1c16ecf240d29.jpg,train,31,0.02168015510362193,0.43170293174972524,102.41935483870968
/Users/macbook/Documents/cassava-navigation-ai/data/extracted/data/images/train/GOPR7405_JPG.rf.975c6ba2ccb61ac8e761cbcea1225502.jpg,train,21,0.02283453561543049,0.15340805065154992,144.85714285714286
/Users/macbook/Documents/cassava-navigation-ai/data/extracted/data/images/train/GOPR7406_JPG.rf.b666e83c0b1a539b3cd647f2c1283716.jpg,train,32,0.01537883280794621,0.11744689927520757,96.03125
/Users/macbook/Documents/cassava-navigation-ai/data/extracted/data/images/train/GOPR7407_JPG.rf.0241ef9201e10b1522ba7d1662e06ace.jpg,train,26,0.022879184813191348,0.19732538860626217,135.5
/Users/macbook/Documents/cassava-navigation-ai/data/extracted/data/images/train/GOPR7409_JPG.rf.3ffcabeb9dd550415ff0e264d028e617.jpg,train,30,0.02146619159520467,0.352912902823639,114.46666666666667
/Users/macbook/Documents/cassava-navigation-ai/data/extracted/data/images/train/GOPR7410_JPG.rf.39f6089cf4340a6e2dc69c65fe0b677d.jpg,train,41,0.011082843065699132,0.16989898675079362,99.60975609756098
/Users/macbook/Documents/cassava-navigation-ai/data/extracted/data/images/train/GOPR7412_JPG.rf.9bb32cc7b3974db121099c8c867a0722.jpg,train,61,0.009653720367074192,0.08054478956604,85.21311475409836
/Users/macbook/Documents/cassava-navigation-ai/data/extracted/data/images/train/GOPR7413_JPG.rf.e29976e14d7f8aeae82938ea8ac0eaf5.jpg,train,17,0.023708418283350345,0.13427480041427617,135.64705882352942
/Users/macbook/Documents/cassava-navigation-ai/data/extracted/data/images/train/GOPR7414_JPG.rf.bc03fec25bd19d6a3985467caa0c7849.jpg,train,37,0.016245974198718108,0.14641825358505245,105.02702702702703
/Users/macbook/Documents/cassava-navigation-ai/data/extracted/data/images/train/GOPR7418_JPG.rf.09c5c6ea08442d05397542ec6b32d421.jpg,train,28,0.02272973689655085,0.20680618273620596,96.14285714285714
/Users/macbook/Documents/cassava-navigation-ai/data/extracted/data/images/train/GOPR7425_JPG.rf.c8a9cf2c3e77522b4ac4fba8275d65c2.jpg,train,44,0.012231874957566004,0.12542343137588494,88.47727272727273
/Users/macbook/Documents/cassava-navigation-ai/data/extracted/data/images/train/GOPR7426_JPG.rf.acfe99cc0ef647e0f2572787629672f5.jpg,train,32,0.01679999884793186,0.14765930173721317,104.5
/Users/macbook/Documents/cassava-navigation-ai/data/extracted/data/images/train/GOPR7428_JPG.rf.526ac28ab48962b1a4d09cecb120f275.jpg,train,38,0.015728416985702515,0.12986246747589092,88.02631578947368
/Users/macbook/Documents/cassava-navigation-ai/data/extracted/data/images/train/GOPR7429_JPG.rf.2b0ebe67ed22cfdad18304ae18406912.jpg,train,44,0.011974565902883356,0.12852223707046503,98.93181818181819
/Users/macbook/Documents/cassava-navigation-ai/data/extracted/data/images/train/GOPR7430_JPG.rf.b1c8b665eb8894a3da072b389cd9d6f2.jpg,train,31,0.02340707081300404,0.1739705403800964,99.19354838709677
/Users/macbook/Documents/cassava-navigation-ai/data/extracted/data/images/train/GOPR7431_JPG.rf.719eaa95278cd89094cc11643494f1d2.jpg,train,43,0.015264834654157766,0.1386812501738281,83.62790697674419
/Users/macbook/Documents/cassava-navigation-ai/data/extracted/data/images/train/GOPR7432_JPG.rf.ba746b61f3e5643acfe5c623675900a7.jpg,train,33,0.019067933356213186,0.1410614581513671,103.84848484848484
/Users/macbook/Documents/cassava-navigation-ai/data/extracted/data/images/train/GOPR7434_JPG.rf.40022025b18a90ecdfe2ff8402e2605b.jpg,train,32,0.016072869290852523,0.11019897457275393,108.0
/Users/macbook/Documents/cassava-navigation-ai/data/extracted/data/images/train/GOPR7436_JPG.rf.1a45532afe291347508aaeb7f52318c6.jpg,train,60,0.009485025902701805,0.12409464511795039,64.45
/Users/macbook/Documents/cassava-navigation-ai/data/extracted/data/images/train/GOPR7437_JPG.rf.289ab7157a8307fb63809619388ed3a7.jpg,train,38,0.011650024105185256,0.10928125010742193,83.05263157894737
/Users/macbook/Documents/cassava-navigation-ai/data/extracted/data/images/train/GOPR7438_JPG.rf.1fdbe3a9b55609f7f9e0976b3faf3e19.jpg,train,46,0.011668312133081837,0.11395390823974595,71.26086956521739
/Users/macbook/Documents/cassava-navigation-ai/data/extracted/data/images/train/GOPR7439_JPG.rf.91d75c8dfe849390e9e5e108b1f168a5.jpg,train,38,0.013008238830798486,0.12251917516326899,66.44736842105263
/Users/macbook/Documents/cassava-navigation-ai/data/extracted/data/images/train/GOPR7440_JPG.rf.30b083fdcf1c027c984efa37fbe4d96a.jpg,train,43,0.013439925085408049,0.13284479183593748,73.62790697674419
/Users/macbook/Documents/cassava-navigation-ai/data/extracted/data/images/train/GOPR7441_JPG.rf.5f617e080d57617b7e6ef7466bcd5f97.jpg,train,39,0.013832309355248092,0.14592997237548824,77.3076923076923
/Users/macbook/Documents/cassava-navigation-ai/data/extracted/data/images/train/GOPR7443_JPG.rf.14e7c22fc4f46b974528fa8a58f73dd2.jpg,train,36,0.015163209695879618,0.1674257915069583,105.52777777777777
/Users/macbook/Documents/cassava-navigation-ai/data/extracted/data/images/train/GOPR7444_JPG.rf.055915b4966544cbe10aa3d70c734256.jpg,train,39,0.012269961408452748,0.13943437489648428,58.82051282051282
/Users/macbook/Documents/cassava-navigation-ai/data/extracted/data/images/train/GOPR7447_JPG.rf.c2d389ddad9a45b05ed5cfef84594cc7.jpg,train,41,0.013705537823055359,0.1525115966506957,89.41463414634147
/Users/macbook/Documents/cassava-navigation-ai/data/extracted/data/images/train/GOPR7448_JPG.rf.893a9e78b5afa70ba2e965066e42d51b.jpg,train,31,0.0174364002469059,0.19373194380950928,77.90322580645162
/Users/macbook/Documents/cassava-navigation-ai/data/extracted/data/images/train/GOPR7449_JPG.rf.d4ba728fdae6e243736caf0f0199a265.jpg,train,52,0.011182522587105392,0.1538174946929932,57.51923076923077
/Users/macbook/Documents/cassava-navigation-ai/data/extracted/data/images/train/GOPR7450_JPG.rf.5c03ac095648c8dad386bddb5b4d4cc7.jpg,train,59,0.010926863779766021,0.1334135415156251,69.83050847457628
/Users/macbook/Documents/cassava-navigation-ai/data/extracted/data/images/train/GOPR7451_JPG.rf.07b9c09bee345c7c1eec7ce4f2cf3466.jpg,train,38,0.015549612215721534,0.1458333332763673,92.47368421052632
/Users/macbook/Documents/cassava-navigation-ai/data/extracted/data/images/train/GOPR7452_JPG.rf.c26ed5318479361cb40004d58bdb0126.jpg,train,22,0.020890900571198925,0.13132858274154643,123.0909090909091
/Users/macbook/Documents/cassava-navigation-ai/data/extracted/data/images/train/GOPR7453_JPG.rf.4680885f34a2f906d2c5a502b6a1ad63.jpg,train,41,0.013767414335207319,0.15972773241729743,76.1951219512195
/Users/macbook/Documents/cassava-navigation-ai/data/extracted/data/images/train/GOPR7454_JPG.rf.11da648521819dd9e94abf7e55baf267.jpg,train,46,0.01529122035694487,0.17228571570358273,84.5
/Users/macbook/Documents/cassava-navigation-ai/data/extracted/data/images/train/GOPR7455_JPG.rf.407087728175f6cd54e235e382803b5a.jpg,train,37,0.016055145210570457,0.1453196208038329,80.35135135135135
/Users/macbook/Documents/cassava-navigation-ai/data/extracted/data/images/train/GOPR7456_JPG.rf.811b41743e45fd265f8f446fbd2a8595.jpg,train,44,0.013625258890525127,0.16434800007812506,50.22727272727273
/Users/macbook/Documents/cassava-navigation-ai/data/extracted/data/images/train/GOPR7457_JPG.rf.ba4fb8e80a5ae22b118b88edc0895216.jpg,train,38,0.016024660456554214,0.14935000035351556,93.97368421052632
/Users/macbook/Documents/cassava-navigation-ai/data/extracted/data/images/train/GOPR7459_JPG.rf.a536852962a7bce35cb1ce355b2b8fc7.jpg,train,35,0.019248489697484498,0.15446726475601197,94.08571428571429
/Users/macbook/Documents/cassava-navigation-ai/data/extracted/data/images/train/GOPR7460_JPG.rf.918191c0f3a59e0d761d96a305748e99.jpg,train,41,0.018012782892198525,0.16732025143737803,84.36585365853658
/Users/macbook/Documents/cassava-navigation-ai/data/extracted/data/images/train/GOPR7462_JPG.rf.0489ba0e3a8d83ba294b7e2cddc9c639.jpg,train,46,0.01179798836105944,0.15172916667187497,69.80434782608695
/Users/macbook/Documents/cassava-navigation-ai/data/extracted/data/images/train/GOPR7463_JPG.rf.8f8cd515edd6f07160daf499a1529188.jpg,train,38,0.014539339991833326,0.14917187505664053,71.05263157894737
/Users/macbook/Documents/cassava-navigation-ai/data/extracted/data/images/train/GOPR7464_JPG.rf.0481534daffdd73fb66853aad7eebc32.jpg,train,45,0.013666433612240275,0.16711807252349856,92.04444444444445
/Users/macbook/Documents/cassava-navigation-ai/data/extracted/data/images/train/GOPR7466_JPG.rf.be46ba36ecfc4c9fc853028ec44a6c7a.jpg,train,36,0.0164175864678845,0.1366619166621094,78.11111111111111
/Users/macbook/Documents/cassava-navigation-ai/data/extracted/data/images/train/GOPR7468_JPG.rf.82e5881bd47eec4e8f9fe9b0c060c730.jpg,train,40,0.014609109698850261,0.13557291651464837,95.925
/Users/macbook/Documents/cassava-navigation-ai/data/extracted/data/images/train/GOPR7469_JPG.rf.2e12df7d241d73d6bb9f03c371aa4a61.jpg,train,29,0.016787486589838488,0.15867360431823735,93.34482758620689
/Users/macbook/Documents/cassava-navigation-ai/data/extracted/data/images/train/GOPR7470_JPG.rf.bfb09f3ea9289b540b681f2736d7ec88.jpg,train,30,0.023197809839019777,0.34733200070953374,91.06666666666666
/Users/macbook/Documents/cassava-navigation-ai/data/extracted/data/images/train/GOPR7471_JPG.rf.687a1caa8911982a31d95ce6848da24a.jpg,train,45,0.006590412274441188,0.0824063616371152,71.91111111111111
/Users/macbook/Documents/cassava-navigation-ai/data/extracted/data/images/train/GOPR7482_JPG.rf.a939ddfa240788b2df29f7bfae75d1cc.jpg,train,22,0.015396349359338951,0.13058725994720444,96.31818181818181
/Users/macbook/Documents/cassava-navigation-ai/data/extracted/data/images/train/GOPR7483_JPG.rf.b7693544b92202b45caaacfa52362721.jpg,train,26,0.01795249821221569,0.09022140503616331,98.46153846153847
/Users/macbook/Documents/cassava-navigation-ai/data/extracted/data/images/train/GOPR7484_JPG.rf.759172f99a34413a3d5baebb0cdbfe85.jpg,train,27,0.025568352968827975,0.22830581667175284,79.74074074074075
/Users/macbook/Documents/cassava-navigation-ai/data/extracted/data/images/train/GOPR7486_JPG.rf.622e009d5fe5292a1bc5d09d9ab87bcc.jpg,train,27,0.02103645417152687,0.2197456359321596,133.11111111111111
/Users/macbook/Documents/cassava-navigation-ai/data/extracted/data/images/train/GOPR7489_JPG.rf.7cfaa275246cd3d44e7de35d5a735cda.jpg,train,42,0.012665945373753143,0.1297442118141173,96.02380952380952
/Users/macbook/Documents/cassava-navigation-ai/data/extracted/data/images/train/GOPR7491_JPG.rf.a6809e549c29ebff4050695e77de5377.jpg,train,19,0.02527270398599725,0.1828257242866517,131.21052631578948
/Users/macbook/Documents/cassava-navigation-ai/data/extracted/data/images/train/GOPR7492_JPG.rf.4b11a8feba7086aad7035c439b825b27.jpg,train,11,0.050714897363628005,0.41430028288116416,182.36363636363637
/Users/macbook/Documents/cassava-navigation-ai/data/extracted/data/images/train/GOPR7493_JPG.rf.b4fdbb1380a349c2a5d519402e004e48.jpg,train,23,0.028362440013222013,0.37826792400054926,130.2173913043478
/Users/macbook/Documents/cassava-navigation-ai/data/extracted/data/images/train/GOPR7494_JPG.rf.1e5b203bb3b8e7e4b73a79c7e13c87d7.jpg,train,35,0.018850308365914486,0.25181070965576163,111.14285714285714
/Users/macbook/Documents/cassava-navigation-ai/data/extracted/data/images/train/GOPR7497_JPG.rf.1cd8a28b2c1f2f48ce1739324960de8c.jpg,train,27,0.02028825547270596,0.2146415710517882,160.77777777777777
/Users/macbook/Documents/cassava-navigation-ai/data/extracted/data/images/train/GOPR7502_JPG.rf.d105c13c4e1af95bf2b64ac41780d432.jpg,train,35,0.017039415105051962,0.12176979154589845,85.74285714285715
/Users/macbook/Documents/cassava-navigation-ai/data/extracted/data/images/train/GOPR7504_JPG.rf.e89b6691fd4f35ac8572d5b50db43a4a.jpg,train,40,0.013303847963779458,0.10477812500488282,93.925
/Users/macbook/Documents/cassava-navigation-ai/data/extracted/data/images/train/GOPR7507_JPG.rf.50e17d27f27d198d3f398409c1c899dc.jpg,train,49,0.010750527029248615,0.13841501871719372,66.61224489795919
/Users/macbook/Documents/cassava-navigation-ai/data/extracted/data/images/train/GOPR7508_JPG.rf.e959880a4b80c17021a0e80669d76954.jpg,train,42,0.014811286279449472,0.16484069819488523,82.11904761904762
/Users/macbook/Documents/cassava-navigation-ai/data/extracted/data/images/train/GOPR7510_JPG.rf.127723eeadf40c2052f039f1760d21fa.jpg,train,36,0.0152809128807229,0.13952733325000005,81.97222222222223
/Users/macbook/Documents/cassava-navigation-ai/data/extracted/data/images/train/GOPR7511_JPG.rf.ee85fb2bebead59bbe1770fad7c3733f.jpg,train,32,0.01728333968488872,0.181957244892883,79.625
/Users/macbook/Documents/cassava-navigation-ai/data/extracted/data/images/train/GOPR7514_JPG.rf.857a7f154ef256718b0b03128cb40567.jpg,train,37,0.017468532080668665,0.20173136399917604,80.16216216216216
/Users/macbook/Documents/cassava-navigation-ai/data/extracted/data/images/train/GOPR7515_JPG.rf.ee14d1bc0226c97e468beecb0d895a77.jpg,train,50,0.013221746008837902,0.21701049791107174,65.72
/Users/macbook/Documents/cassava-navigation-ai/data/extracted/data/images/train/GOPR7516_JPG.rf.7b511dee35785cfa08459c386a8595bd.jpg,train,49,0.01221764132039763,0.26775614414825416,64.55102040816327
/Users/macbook/Documents/cassava-navigation-ai/data/extracted/data/images/train/GOPR7517_JPG.rf.e9f0f74cfc0932fe3270133a353d0e28.jpg,train,46,0.013106752081771193,0.140609741205597,69.34782608695652
/Users/macbook/Documents/cassava-navigation-ai/data/extracted/data/images/train/GOPR7518_JPG.rf.036ffdef6ce73e99eba18bb3bc3855b0.jpg,train,30,0.02157843078531698,0.18167114256286623,93.73333333333333
/Users/macbook/Documents/cassava-navigation-ai/data/extracted/data/images/train/GOPR7519_JPG.rf.46c86aaf17fabae456f74308886c74e3.jpg,train,35,0.0162086755863691,0.1374689737892151,85.48571428571428
/Users/macbook/Documents/cassava-navigation-ai/data/extracted/data/images/train/GOPR7520_JPG.rf.19f67d8e22d3230eeac12ca8456f0aa9.jpg,train,44,0.013313470829996997,0.21429316208801286,76.3409090909091
/Users/macbook/Documents/cassava-navigation-ai/data/extracted/data/images/train/GOPR7521_JPG.rf.3d61545e0df9002f10f65dd71f730aa2.jpg,train,56,0.011431794995403822,0.18549601236495955,69.0
/Users/macbook/Documents/cassava-navigation-ai/data/extracted/data/images/train/GOPR7523_JPG.rf.535e6fcd8714c1f9ae375069e5fefa8f.jpg,train,32,0.013865009253611563,0.12037658689270016,75.6875
/Users/macbook/Documents/cassava-navigation-ai/data/extracted/data/images/train/GOPR7525_JPG.rf.e390150a4a53129ba84c23c9631109bc.jpg,train,50,0.010505574211186506,0.11837291649414061,76.06
/Users/macbook/Documents/cassava-navigation-ai/data/extracted/data/images/train/GOPR7527_JPG.rf.0330f2fb5ee29895fe8724ab8a0891d7.jpg,train,45,0.011893295170077176,0.13280868528900147,78.04444444444445
/Users/macbook/Documents/cassava-navigation-ai/data/extracted/data/images/train/GOPR7528_JPG.rf.b538c2fb96a38b69ebdb39da0c3d5394.jpg,train,42,0.007686475142400123,0.10407916672070314,65.57142857142857
/Users/macbook/Documents/cassava-navigation-ai/data/extracted/data/images/train/GOPR7529_JPG.rf.c1b9333843bf0e51bfb7b02bc86b8a0d.jpg,train,43,0.012380533303546964,0.10901270829101563,74.34883720930233
/Users/macbook/Documents/cassava-navigation-ai/data/extracted/data/images/train/GOPR7530_JPG.rf.13ee3339037a31085920bca1caa65c59.jpg,train,44,0.0142355483571937,0.14194479171191396,70.20454545454545
/Users/macbook/Documents/cassava-navigation-ai/data/extracted/data/images/train/GOPR7531_JPG.rf.884bd31121d474c6ad6e89bb9f865102.jpg,train,44,0.014702916964864534,0.19788869215469357,76.79545454545455
/Users/macbook/Documents/cassava-navigation-ai/data/extracted/data/images/train/GOPR7532_JPG.rf.d709cd8fcffb4c633d66c1ce7acd285f.jpg,train,39,0.013376578294920307,0.24784469600143413,92.38461538461539
/Users/macbook/Documents/cassava-navigation-ai/data/extracted/data/images/train/GOPR7533_JPG.rf.14e975f977104bd35d382d0f819c13c3.jpg,train,45,0.011862041322852245,0.10385640464172365,93.71111111111111
/Users/macbook/Documents/cassava-navigation-ai/data/extracted/data/images/train/GOPR7534_JPG.rf.24ce765c1389cb10ac9f15665076dd99.jpg,train,35,0.014250120800564123,0.15083185837936405,69.48571428571428
/Users/macbook/Documents/cassava-navigation-ai/data/extracted/data/images/train/GOPR7535_JPG.rf.2ef6f51c89106fb5644baf5bbbd1af08.jpg,train,37,0.013745370288544506,0.11221979158886708,72.29729729729729
/Users/macbook/Documents/cassava-navigation-ai/data/extracted/data/images/train/GOPR7536_JPG.rf.a7f74c79fd11300c832a369e5dc3e061.jpg,train,34,0.016477638147224877,0.14089374981152347,72.76470588235294
/Users/macbook/Documents/cassava-navigation-ai/data/extracted/data/images/train/GOPR7537_JPG.rf.be5520dbc29d3dde757f12b921e53906.jpg,train,32,0.016895135241913772,0.16918182375183108,118.8125
/Users/macbook/Documents/cassava-navigation-ai/data/extracted/data/images/train/GOPR7538_JPG.rf.45382b7637db724fef97150b471ffb44.jpg,train,33,0.01877871425545434,0.33349736534881586,110.60606060606061
/Users/macbook/Documents/cassava-navigation-ai/data/extracted/data/images/train/GOPR7539_JPG.rf.aa1b9210cf344beb37689153ae37cc4b.jpg,train,30,0.01780149671824136,0.14907582602310177,124.36666666666666
/Users/macbook/Documents/cassava-navigation-ai/data/extracted/data/images/train/GOPR7540_JPG.rf.0e89b8ed8910609ac1ff9911275d6c55.jpg,train,56,0.011383600323214943,0.1214822915996093,66.875
/Users/macbook/Documents/cassava-navigation-ai/data/extracted/data/images/train/GOPR7541_JPG.rf.4921bbea291fb111d0c5032970c64c76.jpg,train,36,0.017379241418878352,0.12125127093554688,104.86111111111111
/Users/macbook/Documents/cassava-navigation-ai/data/extracted/data/images/train/GOPR7542_JPG.rf.7090da9a04264e8e34524afc7940e1b6.jpg,train,37,0.014000532530407043,0.1654408772132873,65.97297297297297
/Users/macbook/Documents/cassava-navigation-ai/data/extracted/data/images/train/GOPR7545_JPG.rf.811752382759d01e0a86a3d51482ed5e.jpg,train,31,0.02180392665106398,0.33786773687362665,100.09677419354838
/Users/macbook/Documents/cassava-navigation-ai/data/extracted/data/images/train/GOPR7546_JPG.rf.50ea01d7800683de50e58d95dd57307e.jpg,train,34,0.012437200052718197,0.08659560413476555,80.88235294117646
/Users/macbook/Documents/cassava-navigation-ai/data/extracted/data/images/train/GOPR7547_JPG.rf.3d2609eb1b1d48875c9b025068cad04e.jpg,train,37,0.01739027897395284,0.11774791672460937,84.02702702702703
/Users/macbook/Documents/cassava-navigation-ai/data/extracted/data/images/train/GOPR7549_JPG.rf.e3c31d1a53045fb1daba3df74e690f42.jpg,train,54,0.014695202852489335,0.22846984863815323,90.18518518518519
/Users/macbook/Documents/cassava-navigation-ai/data/extracted/data/images/train/GOPR7551_JPG.rf.6766d3eb05aa0e58075cad79ee226812.jpg,train,45,0.012840141557605652,0.12891666664843743,79.33333333333333
/Users/macbook/Documents/cassava-navigation-ai/data/extracted/data/images/train/GOPR7552_JPG.rf.d1732b0cba2ad855641c7832499fca08.jpg,train,53,0.01116441155191904,0.14559682209320068,68.32075471698113
/Users/macbook/Documents/cassava-navigation-ai/data/extracted/data/images/train/GOPR7554_JPG.rf.e76e1181558260d1bd48879c2bc5f93b.jpg,train,43,0.013292264663496879,0.11957200017578129,79.32558139534883
/Users/macbook/Documents/cassava-navigation-ai/data/extracted/data/images/train/GOPR7556_JPG.rf.c4c3cc9f7f380bfa0b094092ae013d41.jpg,train,20,0.015747578914337153,0.06551615400619504,153.15
/Users/macbook/Documents/cassava-navigation-ai/data/extracted/data/images/train/GOPR7557_JPG.rf.33b04be4db8e3a45a52e5653cbbbe638.jpg,train,38,0.01212311053614404,0.17846562513085926,67.21052631578948
/Users/macbook/Documents/cassava-navigation-ai/data/extracted/data/images/train/GOPR7558_JPG.rf.32cff485c2e2e62f0e95f330f157fd8a.jpg,train,42,0.007982405400848384,0.09000523882217414,78.88095238095238
/Users/macbook/Documents/cassava-navigation-ai/data/extracted/data/images/train/GOPR7559_JPG.rf.02e27845c111e853c035a30995498e47.jpg,train,47,0.005926957363420829,0.050694783551024976,72.7872340425532
/Users/macbook/Documents/cassava-navigation-ai/data/extracted/data/images/train/GOPR7560_JPG.rf.79523a31fa3484e15ebb552a4925c359.jpg,train,39,0.016295962852869283,0.32087453204650873,107.25641025641026
/Users/macbook/Documents/cassava-navigation-ai/data/extracted/data/images/train/GOPR7561_JPG.rf.725a790e96e627b681b649dd5b416b3f.jpg,train,40,0.01233339971301271,0.11033958332910158,65.65
/Users/macbook/Documents/cassava-navigation-ai/data/extracted/data/images/train/GOPR7562_JPG.rf.38104e45a79e73b1c85a8dd4d54b8e3b.jpg,train,28,0.019579569485037685,0.3516807555984496,118.57142857142857
/Users/macbook/Documents/cassava-navigation-ai/data/extracted/data/images/train/GOPR7563_JPG.rf.0555e1f5817f1b582c552fe32b94aaa5.jpg,train,28,0.011152267454229077,0.10919062296524058,99.82142857142857
/Users/macbook/Documents/cassava-navigation-ai/data/extracted/data/images/train/GOPR7566_JPG.rf.e7a489fca6d3987ee4b570a2116aa1b4.jpg,train,47,0.01272160955943657,0.25580342620162977,87.63829787234043
/Users/macbook/Documents/cassava-navigation-ai/data/extracted/data/images/train/GOPR7567_JPG.rf.6ee249af02286e7c2523bd4b4f0b3b94.jpg,train,45,0.012674195917844624,0.13081614179229745,66.8
/Users/macbook/Documents/cassava-navigation-ai/data/extracted/data/images/train/GOPR7570_JPG.rf.da911ffed39060a7625c186c3b3637c6.jpg,train,33,0.014600040930453214,0.06985219323654179,107.63636363636364
/Users/macbook/Documents/cassava-navigation-ai/data/extracted/data/images/train/GOPR7571_JPG.rf.18c802e455ac30ce6615af1acd6c018d.jpg,train,39,0.014859126153936168,0.1690406799217224,103.6923076923077
/Users/macbook/Documents/cassava-navigation-ai/data/extracted/data/images/train/GOPR7572_JPG.rf.831baa3368e32f6312d4bbdfa997b38f.jpg,train,52,0.008345065966620826,0.1747652689842227,74.67307692307692
/Users/macbook/Documents/cassava-navigation-ai/data/extracted/data/images/train/GOPR7573_JPG.rf.36cd10e87bc26978609dccaf5b4cb023.jpg,train,36,0.01449089222581821,0.10573304171484373,82.55555555555556
/Users/macbook/Documents/cassava-navigation-ai/data/extracted/data/images/train/GOPR7574_JPG.rf.fce2852cb2a26c6c1dff8a12aed8b3fa.jpg,train,48,0.011035783342304227,0.13656874990136708,65.16666666666667
/Users/macbook/Documents/cassava-navigation-ai/data/extracted/data/images/train/GOPR7576_JPG.rf.46b8a363d1e7e1d86a954c8991db9bb5.jpg,train,39,0.013824658498969451,0.16801706945114142,94.2051282051282
/Users/macbook/Documents/cassava-navigation-ai/data/extracted/data/images/train/GOPR7577_JPG.rf.80da102f80bbca8f0e24b0b476184ab8.jpg,train,35,0.014187748957083569,0.1300614580078124,95.28571428571429
/Users/macbook/Documents/cassava-navigation-ai/data/extracted/data/images/train/GOPR7578_JPG.rf.251d4570b2bb84d1e6a78bd6ec043871.jpg,train,36,0.016162201197984498,0.12177022295455929,100.91666666666667
/Users/macbook/Documents/cassava-navigation-ai/data/extracted/data/images/train/GOPR7579_JPG.rf.b84fd8b4ef2f88898045af5c4fe8b03e.jpg,train,25,0.014900512666809093,0.0909945169677734,102.88
/Users/macbook/Documents/cassava-navigation-ai/data/extracted/data/images/train/GOPR7580_JPG.rf.0db0b5c2e9914c19e793c6d5d63ee0c4.jpg,train,38,0.015822524809943752,0.1077468751660157,97.28947368421052
/Users/macbook/Documents/cassava-navigation-ai/data/extracted/data/images/train/GOPR7581_JPG.rf.e9e9ac2f59ec3a3afbf7e7fbeca13330.jpg,train,36,0.016217353133809412,0.12696838370437616,71.08333333333333
/Users/macbook/Documents/cassava-navigation-ai/data/extracted/data/images/train/GOPR7582_JPG.rf.18d735e72d271e28c043128a71591eee.jpg,train,27,0.023110260165129473,0.2315444945640562,104.92592592592592
/Users/macbook/Documents/cassava-navigation-ai/data/extracted/data/images/train/GOPR7583_JPG.rf.e90a72bf3ec2203fd6d218dfa0332717.jpg,train,28,0.021239235277584638,0.31172561645431507,129.71428571428572
/Users/macbook/Documents/cassava-navigation-ai/data/extracted/data/images/train/GOPR7585_JPG.rf.a3e3662bd1884c9446da999b2bbee2ab.jpg,train,38,0.01586947523793673,0.3045234679641724,101.94736842105263
/Users/macbook/Documents/cassava-navigation-ai/data/extracted/data/images/train/GOPR7587_JPG.rf.4c23b508aee7c1c25aaeaa9d5ba3afe6.jpg,train,29,0.02088533597690979,0.3586413064781195,104.24137931034483
/Users/macbook/Documents/cassava-navigation-ai/data/extracted/data/images/train/GOPR7590_JPG.rf.c32cd0f061961fb198afd3d49e933f79.jpg,train,32,0.016493026722508426,0.11676534018554689,103.8125
/Users/macbook/Documents/cassava-navigation-ai/data/extracted/data/images/train/GOPR7593_JPG.rf.b74398b3581c3b886e0e64690f270562.jpg,train,47,0.005713070738389689,0.04417604174218753,54.08510638297872
/Users/macbook/Documents/cassava-navigation-ai/data/extracted/data/images/train/GOPR7594_JPG.rf.84186c4747b46c06bacfe48b2d6cf2e9.jpg,train,62,0.008631518481494049,0.13031005854873662,69.70967741935483
/Users/macbook/Documents/cassava-navigation-ai/data/extracted/data/images/train/GOPR7595_JPG.rf.d0996fe27435aa2d8a2530ea96a03809.jpg,train,27,0.025412237300071427,0.3016421000274655,117.70370370370371
/Users/macbook/Documents/cassava-navigation-ai/data/extracted/data/images/train/GOPR7596_JPG.rf.6546ceee7569f58a27fbb88ea771bb5f.jpg,train,26,0.020196229971900383,0.2019068399734502,123.23076923076923
/Users/macbook/Documents/cassava-navigation-ai/data/extracted/data/images/train/GOPR7597_JPG.rf.c9f20fa5f47867974f738382c5d1f943.jpg,train,23,0.028470246673617156,0.4232724506690975,147.0
/Users/macbook/Documents/cassava-navigation-ai/data/extracted/data/images/train/GOPR7599_JPG.rf.dd724e4bbd50a9afb909df4e76906923.jpg,train,38,0.012933898378833958,0.13444519044647224,91.07894736842105
/Users/macbook/Documents/cassava-navigation-ai/data/extracted/data/images/train/GOPR7600_JPG.rf.87a5409ca66bf5a8819f81cbe03a56a2.jpg,train,39,0.009792900354568078,0.1485252379783631,71.23076923076923
/Users/macbook/Documents/cassava-navigation-ai/data/extracted/data/images/train/GOPR7603_JPG.rf.11eb07235ed3e2d41648bd1798185242.jpg,train,24,0.01374249987236661,0.06128692627487184,121.29166666666667
/Users/macbook/Documents/cassava-navigation-ai/data/extracted/data/images/train/GOPR7604_JPG.rf.65cba24128589db423268c7890b0a7c2.jpg,train,40,0.014842510216388691,0.3405927023323059,100.3
/Users/macbook/Documents/cassava-navigation-ai/data/extracted/data/images/train/GOPR7605_JPG.rf.a7790613c43d225f42c6c433257787dd.jpg,train,39,0.013428321239823555,0.20535532626495365,87.43589743589743
/Users/macbook/Documents/cassava-navigation-ai/data/extracted/data/images/train/GOPR7606_JPG.rf.47d3821454412420f340e13d12ea704d.jpg,train,32,0.02014195916330812,0.26763280231857295,107.28125
/Users/macbook/Documents/cassava-navigation-ai/data/extracted/data/images/train/GOPR7607_JPG.rf.d9a8d51700d8bbdef6d8a26d7cb225c0.jpg,train,27,0.018050514413994655,0.10196431481552123,118.4074074074074
/Users/macbook/Documents/cassava-navigation-ai/data/extracted/data/images/train/GOPR7608_JPG.rf.2eaba3d6c38a18950c85a51cfca5b7bf.jpg,train,50,0.010272128901225,0.15955607094879146,83.96
/Users/macbook/Documents/cassava-navigation-ai/data/extracted/data/images/train/GOPR7610_JPG.rf.3cdc9d9b0c3ba39796d25d4b80b5d61f.jpg,train,40,0.012558650957908651,0.1787465413482665,95.125
/Users/macbook/Documents/cassava-navigation-ai/data/extracted/data/images/train/GOPR7611_JPG.rf.f2d31a25c7cdbd7d9006045e2e7b85c1.jpg,train,29,0.01816560597140503,0.28919601439666737,107.34482758620689
/Users/macbook/Documents/cassava-navigation-ai/data/extracted/data/images/train/GOPR7612_JPG.rf.0a4b4ac4b68bca7fd0a534cc6a169575.jpg,train,47,0.01257418761480195,0.21418762205734226,89.76595744680851
/Users/macbook/Documents/cassava-navigation-ai/data/extracted/data/images/train/GOPR7613_JPG.rf.ce726ad675f028d2972f51359af7ae31.jpg,train,27,0.025621717955563065,0.4922002156570436,115.62962962962963
/Users/macbook/Documents/cassava-navigation-ai/data/extracted/data/images/train/GOPR7614_JPG.rf.18592e342f988fe259e6758bf60b380e.jpg,train,39,0.011750129739846288,0.17988840743103027,68.71794871794872
/Users/macbook/Documents/cassava-navigation-ai/data/extracted/data/images/train/GOPR7616_JPG.rf.5145bd3b57559ddf7048a746333ac2a3.jpg,train,34,0.015369078683965351,0.12355041507110597,109.29411764705883
/Users/macbook/Documents/cassava-navigation-ai/data/extracted/data/images/train/GOPR7619_JPG.rf.d6378d68ab95f178a79534bf2d20f6ec.jpg,train,31,0.022462619240816176,0.26620229095306375,117.93548387096774
/Users/macbook/Documents/cassava-navigation-ai/data/extracted/data/images/train/GOPR7620_JPG.rf.af8163aeea0ee8de6e96f5fab00c92c8.jpg,train,26,0.019653094685121938,0.26114273068084715,112.03846153846153
/Users/macbook/Documents/cassava-navigation-ai/data/extracted/data/images/train/GOPR7623_JPG.rf.2ae08986f0780543f7b2a42930aae28e.jpg,train,41,0.00837836805026395,0.1153458333876953,69.34146341463415
/Users/macbook/Documents/cassava-navigation-ai/data/extracted/data/images/train/GOPR7624_JPG.rf.6bc8af3cc30d14e09b3d89606976913b.jpg,train,42,0.01286611455485242,0.12206912501757812,77.73809523809524
/Users/macbook/Documents/cassava-navigation-ai/data/extracted/data/images/train/GOPR7625_JPG.rf.6db1c41476cbc154974af3b1a149f234.jpg,train,35,0.014757374772269974,0.11333514569238279,78.08571428571429
/Users/macbook/Documents/cassava-navigation-ai/data/extracted/data/images/train/GOPR7627_JPG.rf.30b55540a3f36066bc586abab2e110e3.jpg,train,24,0.022812441588288615,0.13563919063720695,88.20833333333333
/Users/macbook/Documents/cassava-navigation-ai/data/extracted/data/images/train/GOPR7630_JPG.rf.2b9eab2eca3ba728c7a68480de9529e2.jpg,train,36,0.012953864191203654,0.1688359578269961,102.02777777777777
/Users/macbook/Documents/cassava-navigation-ai/data/extracted/data/images/train/GOPR7631_JPG.rf.aa6403c438d3f77770b2d268f23a9934.jpg,train,42,0.011801372664839237,0.11790416686230462,62.57142857142857
/Users/macbook/Documents/cassava-navigation-ai/data/extracted/data/images/train/GOPR7632_JPG.rf.4239ff6afd27f4be123dbd3896001276.jpg,train,35,0.016357108218275667,0.18720881142425522,92.51428571428572
/Users/macbook/Documents/cassava-navigation-ai/data/extracted/data/images/train/GOPR7633_JPG.rf.4e6875ffd88a0a9d7f63ce813942802e.jpg,train,31,0.017478793961455286,0.177673339891815,91.06451612903226
/Users/macbook/Documents/cassava-navigation-ai/data/extracted/data/images/train/GOPR7634_JPG.rf.95a292026ceeabde272fbb47d0894ee0.jpg,train,22,0.021315912169010545,0.16041056315155025,132.95454545454547
/Users/macbook/Documents/cassava-navigation-ai/data/extracted/data/images/train/GOPR7637_JPG.rf.33a2f10bae1259ac6e834e07d61061f4.jpg,train,28,0.01825810037416623,0.13241704303283694,84.78571428571429
/Users/macbook/Documents/cassava-navigation-ai/data/extracted/data/images/train/GOPR7638_JPG.rf.42bf3c6d6e476a2e9a6c3d1c038993f8.jpg,train,19,0.027367569820839314,0.14939753212509133,89.6842105263158
/Users/macbook/Documents/cassava-navigation-ai/data/extracted/data/images/train/GOPR7639_JPG.rf.22c12323604c6435603c832f994238ac.jpg,train,28,0.019139428127684453,0.20221837353134156,92.39285714285714
/Users/macbook/Documents/cassava-navigation-ai/data/extracted/data/images/train/GOPR7640_JPG.rf.b95f74b3b1fb4ce029af929fb5331a67.jpg,train,23,0.022764795904173452,0.13572692871322625,120.78260869565217
/Users/macbook/Documents/cassava-navigation-ai/data/extracted/data/images/train/GOPR7641_JPG.rf.512d076bccc704d5e523493e5eaea7b2.jpg,train,21,0.020390101831563267,0.2306772868179321,126.0952380952381
/Users/macbook/Documents/cassava-navigation-ai/data/extracted/data/images/train/GOPR7642_JPG.rf.2c16cbe72dd76842f3547d74f936e51b.jpg,train,34,0.015131432104518238,0.1810531615531924,85.41176470588235
/Users/macbook/Documents/cassava-navigation-ai/data/extracted/data/images/train/GOPR7643_JPG.rf.2a108535382939c28616613df9295279.jpg,train,22,0.026984217696413883,0.12680689494247427,122.04545454545455
/Users/macbook/Documents/cassava-navigation-ai/data/extracted/data/images/train/GOPR7644_JPG.rf.aacae97996d8b887aa20852213016caa.jpg,train,33,0.016120134184312306,0.10189056402664189,98.78787878787878
/Users/macbook/Documents/cassava-navigation-ai/data/extracted/data/images/train/GOPR7645_JPG.rf.3ab39e315cea9ff218b31b6982b471d6.jpg,train,31,0.014632456984019623,0.09068437494726563,88.61290322580645
/Users/macbook/Documents/cassava-navigation-ai/data/extracted/data/images/train/GOPR7647_JPG.rf.f5a2d53df09e3e3e85b5165c7fb7455d.jpg,train,37,0.01425139483519765,0.10811869300765994,79.48648648648648
/Users/macbook/Documents/cassava-navigation-ai/data/extracted/data/images/train/GOPR7648_JPG.rf.87446ddaac30488d5e887152af008e84.jpg,train,42,0.01314808072609675,0.19404856360626224,96.92857142857143
/Users/macbook/Documents/cassava-navigation-ai/data/extracted/data/images/train/GOPR7649_JPG.rf.d927827b98233791cbad629cc5aa80f8.jpg,train,32,0.013549804683327678,0.07783762615966786,114.96875
/Users/macbook/Documents/cassava-navigation-ai/data/extracted/data/images/train/GOPR7650_JPG.rf.bf367ceec36b9cd3c6b710a5ccd84dd3.jpg,train,35,0.015170153213934341,0.08744939575585947,89.17142857142858
/Users/macbook/Documents/cassava-navigation-ai/data/extracted/data/images/train/GOPR7651_JPG.rf.b7e71c47156d69bf957e5f5c65cf6f7f.jpg,train,62,0.006846480241924166,0.10347500008398433,60.88709677419355
/Users/macbook/Documents/cassava-navigation-ai/data/extracted/data/images/train/GOPR7652_JPG.rf.1c38eb46bd455a648dab67c230a74f20.jpg,train,47,0.00990790240241193,0.18425496414489764,65.1063829787234
/Users/macbook/Documents/cassava-navigation-ai/data/extracted/data/images/train/GOPR7653_JPG.rf.4757ea8a5f2f59b48cd27624184b2dad.jpg,train,30,0.01386337328030091,0.09970104173339853,96.16666666666667
/Users/macbook/Documents/cassava-navigation-ai/data/extracted/data/images/train/GOPR7654_JPG.rf.f01b71b536b271df6b3e59b19684b5cd.jpg,train,27,0.019321488728304262,0.17654164627609237,134.1851851851852
/Users/macbook/Documents/cassava-navigation-ai/data/extracted/data/images/train/GOPR7655_JPG.rf.e6435fc059200782e3c03e781f106d4c.jpg,train,18,0.042971010548400884,0.3981018067146301,154.88888888888889
/Users/macbook/Documents/cassava-navigation-ai/data/extracted/data/images/train/GOPR7656_JPG.rf.7e1d5c42d02db1b5596e3cec3587b900.jpg,train,25,0.023221944161285375,0.26710510250701913,109.32
/Users/macbook/Documents/cassava-navigation-ai/data/extracted/data/images/train/GOPR7657_JPG.rf.8a5e8fea26bcb038a0884b20bce253d5.jpg,train,33,0.017012355290915743,0.3056297301330566,99.21212121212122
/Users/macbook/Documents/cassava-navigation-ai/data/extracted/data/images/train/GOPR7660_JPG.rf.67178f411028a6d48dafbcd9d6d2aa3e.jpg,train,23,0.03017093822850769,0.37007141118850706,158.0
/Users/macbook/Documents/cassava-navigation-ai/data/extracted/data/images/train/GOPR7661_JPG.rf.82dee5aeb00cdc216ecacaad039e0498.jpg,train,20,0.024966748534660334,0.27049763993682846,121.95
/Users/macbook/Documents/cassava-navigation-ai/data/extracted/data/images/train/GOPR7662_JPG.rf.c4b3d7548a34216063c3210cc7c6653f.jpg,train,30,0.018361367103373223,0.14920933988571208,113.03333333333333
/Users/macbook/Documents/cassava-navigation-ai/data/extracted/data/images/train/GOPR7663_JPG.rf.5da805293efceb4f2c2291f15e571a75.jpg,train,43,0.0110127327750017,0.12446594239196777,80.3953488372093
/Users/macbook/Documents/cassava-navigation-ai/data/extracted/data/images/train/GOPR7664_JPG.rf.a633761043bc983c2e796936cbd8614d.jpg,train,47,0.007864525973429588,0.09948857620315542,72.93617021276596
/Users/macbook/Documents/cassava-navigation-ai/data/extracted/data/images/train/GOPR7665_JPG.rf.fadddecbbfbd5ac59a67c9417bfe85e5.jpg,train,30,0.012853707200215666,0.15331013973617538,105.33333333333333
/Users/macbook/Documents/cassava-navigation-ai/data/extracted/data/images/train/GOPR7668_JPG.rf.26673355e3e85c46bc3f23ff68f3cc9e.jpg,train,40,0.013136764488822197,0.20176823940200825,86.6
/Users/macbook/Documents/cassava-navigation-ai/data/extracted/data/images/train/GOPR7671_JPG.rf.61c9b175411fbcd328b7ec3c968c2e13.jpg,train,31,0.019109975366640157,0.26020177200393674,94.06451612903226
/Users/macbook/Documents/cassava-navigation-ai/data/extracted/data/images/train/GOPR7672_JPG.rf.b92f14a11ea89d4a0a055017a62ca699.jpg,train,30,0.019244588888169354,0.1360931395492554,94.1
/Users/macbook/Documents/cassava-navigation-ai/data/extracted/data/images/train/GOPR7674_JPG.rf.5755e7ba42b2cb5d83e0b60d9f58b99b.jpg,train,31,0.016198967981114528,0.15707397460174552,79.61290322580645
/Users/macbook/Documents/cassava-navigation-ai/data/extracted/data/images/train/GOPR7678_JPG.rf.e465099d7c722b045486dbf944641e5e.jpg,train,23,0.02424327501800273,0.1258087158203125,116.65217391304348
/Users/macbook/Documents/cassava-navigation-ai/data/extracted/data/images/train/GOPR7679_JPG.rf.e4bf603c8db289925f0d0a65a2260be5.jpg,train,25,0.012059224450531023,0.09192021691207874,128.56
/Users/macbook/Documents/cassava-navigation-ai/data/extracted/data/images/train/GOPR7680_JPG.rf.a869e0ff68caef848829a103c47bb2a8.jpg,train,28,0.01552176129164559,0.17402140297241184,97.78571428571429
/Users/macbook/Documents/cassava-navigation-ai/data/extracted/data/images/train/GOPR7681_JPG.rf.1c6099fefc3c0618a8e5730382be44ac.jpg,train,31,0.01079456780767134,0.11116917930068984,94.64516129032258
/Users/macbook/Documents/cassava-navigation-ai/data/extracted/data/images/train/GOPR7682_JPG.rf.5d50ad0de0d6464b8429c5f06e899f93.jpg,train,40,0.011963644459912116,0.08075714109115603,77.775
/Users/macbook/Documents/cassava-navigation-ai/data/extracted/data/images/train/GOPR7683_JPG.rf.c8a623c91afe39c8fbef9e2b1bcb154c.jpg,train,35,0.012431094927207715,0.14008076985855097,65.8
/Users/macbook/Documents/cassava-navigation-ai/data/extracted/data/images/train/GOPR7684_JPG.rf.ed600156684882584e2a5b3ecbe91438.jpg,train,24,0.02084589004484814,0.34413655591278075,88.375
/Users/macbook/Documents/cassava-navigation-ai/data/extracted/data/images/train/GOPR7685_JPG.rf.a93a56c7ef0c1b8c2694562bb7b4d588.jpg,train,30,0.016210047400385563,0.4468421935569769,96.73333333333333
/Users/macbook/Documents/cassava-navigation-ai/data/extracted/data/images/train/GOPR7686_JPG.rf.e67023a885bd511eaacb8ceb30f1dc67.jpg,train,35,0.01791750051795915,0.1561584471603393,88.82857142857142
/Users/macbook/Documents/cassava-navigation-ai/data/extracted/data/images/train/GOPR7688_JPG.rf.c66bb91a86d9eeeb7c91d7e1c9b36862.jpg,train,35,0.013151859246885464,0.11128020841894545,83.14285714285714
/Users/macbook/Documents/cassava-navigation-ai/data/extracted/data/images/train/GOPR7690_JPG.rf.2452bda167a7e0833b5a6262c5ed8811.jpg,train,51,0.012735446042771274,0.13680775960311894,57.98039215686274
/Users/macbook/Documents/cassava-navigation-ai/data/extracted/data/images/train/GOPR7691_JPG.rf.b9d4b4898c6afef6a10998c9e3f25d04.jpg,train,40,0.014959926093441756,0.14309819541168212,76.225
/Users/macbook/Documents/cassava-navigation-ai/data/extracted/data/images/train/GOPR7692_JPG.rf.50d8c2e050acdf7d20073caa27a81f7a.jpg,train,36,0.017948031015859834,0.30300521850891127,105.13888888888889
/Users/macbook/Documents/cassava-navigation-ai/data/extracted/data/images/train/GOPR7693_JPG.rf.1e650b112ddc108882046acda0044af3.jpg,train,44,0.01140296346507751,0.1094641042373046,89.45454545454545
/Users/macbook/Documents/cassava-navigation-ai/data/extracted/data/images/train/GOPR7694_JPG.rf.9767a1a872b4cb2337d686256a4d2d0a.jpg,train,42,0.011765506610055113,0.13614079170019538,78.35714285714286
/Users/macbook/Documents/cassava-navigation-ai/data/extracted/data/images/train/GOPR7695_JPG.rf.26bbdc264c66d4c05853b3d0440f484a.jpg,train,24,0.017900642634873728,0.13223139452056892,103.875
/Users/macbook/Documents/cassava-navigation-ai/data/extracted/data/images/train/GOPR7696_JPG.rf.65f1c96494bd1d321445bf2a2474dc7b.jpg,train,20,0.01323535521890716,0.11630520833398439,70.05
/Users/macbook/Documents/cassava-navigation-ai/data/extracted/data/images/train/GOPR7698_JPG.rf.39e8414581197a58eb16ff6da3b9ceb2.jpg,train,32,0.013983249656796447,0.08129119860610978,97.78125
/Users/macbook/Documents/cassava-navigation-ai/data/extracted/data/images/train/GOPR7699_JPG.rf.5a112cb3b280550ed2a8b3787d789d4e.jpg,train,39,0.010797386491022397,0.10956064862670893,91.1025641025641
/Users/macbook/Documents/cassava-navigation-ai/data/extracted/data/images/train/GOPR7700_JPG.rf.ffb0a5b003f45314f458bf0762d471ec.jpg,train,21,0.025973292269311835,0.31877009084548935,143.61904761904762
/Users/macbook/Documents/cassava-navigation-ai/data/extracted/data/images/train/GOPR7701_JPG.rf.3372add9e8904ed734c8d7961ca3344a.jpg,train,28,0.02155678645083073,0.28112792973403944,122.21428571428571
/Users/macbook/Documents/cassava-navigation-ai/data/extracted/data/images/train/GOPR7702_JPG.rf.589e9e54d736a4d00460c80b9cd0b7fd.jpg,train,32,0.01376140117566586,0.15601221721572878,115.0
/Users/macbook/Documents/cassava-navigation-ai/data/extracted/data/images/train/GOPR7703_JPG.rf.dd8d4a0804156dd1d91d500155911962.jpg,train,44,0.015424358116885811,0.2677408854614259,85.43181818181819
/Users/macbook/Documents/cassava-navigation-ai/data/extracted/data/images/train/GOPR7704_JPG.rf.8d2dd51b0772390df620dff89e590e0c.jpg,train,32,0.015062457273941059,0.09964243570327759,69.59375
/Users/macbook/Documents/cassava-navigation-ai/data/extracted/data/images/train/GOPR7705_JPG.rf.82488937f1870661a33fc36856b0fc16.jpg,train,51,0.012306890954197904,0.10453669233779903,76.86274509803921
/Users/macbook/Documents/cassava-navigation-ai/data/extracted/data/images/train/GOPR7706_JPG.rf.254109e3625ef59e320724e4557f9b4b.jpg,train,29,0.017889870961698327,0.11734008788604743,109.6896551724138
/Users/macbook/Documents/cassava-navigation-ai/data/extracted/data/images/train/GOPR7707_JPG.rf.fff32660c6bec7f69ea912b793d58386.jpg,train,36,0.012795415522022664,0.17298253373794567,68.25
/Users/macbook/Documents/cassava-navigation-ai/data/extracted/data/images/train/GOPR7708_JPG.rf.07e364fdfa856bec18769a07257c413f.jpg,train,25,0.024232975751436747,0.1617126464721678,107.04
/Users/macbook/Documents/cassava-navigation-ai/data/extracted/data/images/train/GOPR7709_JPG.rf.92a317fa4cb17d4c4bc37658fcf56afa.jpg,train,42,0.01159735320460437,0.11654687492675779,83.4047619047619
/Users/macbook/Documents/cassava-navigation-ai/data/extracted/data/images/train/GOPR7710_JPG.rf.291cbee14d49c8e1524434e77367013e.jpg,train,47,0.011622631020698701,0.1255437502285156,72.08510638297872
/Users/macbook/Documents/cassava-navigation-ai/data/extracted/data/images/train/GOPR7711_JPG.rf.8967889185ebe257caa03976f46c9572.jpg,train,51,0.012071026110498758,0.11742291639355472,80.76470588235294
/Users/macbook/Documents/cassava-navigation-ai/data/extracted/data/images/train/GOPR7712_JPG.rf.16f43d7174a4d9bbf1fefb94be857203.jpg,train,41,0.008231028061660395,0.1265012500019532,63.048780487804876
/Users/macbook/Documents/cassava-navigation-ai/data/extracted/data/images/train/GOPR7713_JPG.rf.aefe0f3d5a8c607e2a40807522e5c411.jpg,train,48,0.012492573885606763,0.1332208332128906,84.91666666666667
/Users/macbook/Documents/cassava-navigation-ai/data/extracted/data/images/train/GOPR7715_JPG.rf.c2636e338b69b50a83b2590933a7cfad.jpg,train,39,0.014379388612296071,0.11078372906640618,105.61538461538461
/Users/macbook/Documents/cassava-navigation-ai/data/extracted/data/images/train/GOPR7716_JPG.rf.7a0596a3903af6acd72bc545d42fa3c4.jpg,train,31,0.01652756557048677,0.16056696573867793,120.51612903225806
/Users/macbook/Documents/cassava-navigation-ai/data/extracted/data/images/train/GOPR7718_JPG.rf.0dbaac0bb943ea942440bd3759978f4d.jpg,train,40,0.011599334006992338,0.1043677083955078,68.3
/Users/macbook/Documents/cassava-navigation-ai/data/extracted/data/images/train/GOPR7719_JPG.rf.3ec2098cdf0712e6defa1c93e7cef3f0.jpg,train,47,0.011359990155679255,0.11440729169042976,85.91489361702128
/Users/macbook/Documents/cassava-navigation-ai/data/extracted/data/images/train/GOPR7720_JPG.rf.e3f73457ade76d91d55c4732f6d46387.jpg,train,37,0.012715144371902062,0.10960366659082044,96.21621621621621
/Users/macbook/Documents/cassava-navigation-ai/data/extracted/data/images/train/GOPR7721_JPG.rf.8518d4c553c013947a0c21324f4d0609.jpg,train,39,0.012244618574765697,0.1327985127471923,92.64102564102564
/Users/macbook/Documents/cassava-navigation-ai/data/extracted/data/images/train/GOPR7722_JPG.rf.77e4ec75a2e03dcf836b4664558f533a.jpg,train,24,0.019046644844834645,0.08193854172167965,130.66666666666666
/Users/macbook/Documents/cassava-navigation-ai/data/extracted/data/images/train/GOPR7723_JPG.rf.1d449600f5eebeb5ac39de3ce7f552e7.jpg,train,32,0.018080983645638468,0.13589731853256223,83.5
/Users/macbook/Documents/cassava-navigation-ai/data/extracted/data/images/train/GOPR7725_JPG.rf.8b6bd442a9ca948df98274757acad95d.jpg,train,49,0.012507610794918113,0.12380345658264152,75.89795918367346
/Users/macbook/Documents/cassava-navigation-ai/data/extracted/data/images/train/GOPR7726_JPG.rf.7fa466d89d09b55cb75cbaa57cb40111.jpg,train,38,0.014141076608563046,0.13661193844985958,84.78947368421052
/Users/macbook/Documents/cassava-navigation-ai/data/extracted/data/images/train/GOPR7728_JPG.rf.e5f283de5acf9106c9f9caf6be85ca7a.jpg,train,35,0.016637871557776757,0.19371541344528198,88.42857142857143
/Users/macbook/Documents/cassava-navigation-ai/data/extracted/data/images/train/GOPR7729_JPG.rf.2701a99e921089855746ea3e19136453.jpg,train,48,0.011243742333135616,0.12128229177636722,73.83333333333333
/Users/macbook/Documents/cassava-navigation-ai/data/extracted/data/images/train/GOPR7730_JPG.rf.ab472241f741245afe27e3d0fab88ea2.jpg,train,50,0.01175085811408873,0.24603780108489987,65.66
/Users/macbook/Documents/cassava-navigation-ai/data/extracted/data/images/train/GOPR7732_JPG.rf.4e5647ca5fe8964817f30c6bb5aba83a.jpg,train,42,0.016546942765806656,0.16917037964859,83.83333333333333
/Users/macbook/Documents/cassava-navigation-ai/data/extracted/data/images/train/GOPR7737_JPG.rf.3bde8e07cf15b3c4710c90a1de5e4c37.jpg,train,45,0.011618267804912654,0.17575836181716925,74.4888888888889
/Users/macbook/Documents/cassava-navigation-ai/data/extracted/data/images/train/GOPR7744_JPG.rf.81414e5201170a943786e19485e87468.jpg,train,32,0.015552319283315673,0.0940885417675781,89.625
/Users/macbook/Documents/cassava-navigation-ai/data/extracted/data/images/train/GOPR7745_JPG.rf.41b80ccbacaa5d55d72e1f8b5ea48e89.jpg,train,44,0.013820673214679368,0.1362902323265075,86.25
/Users/macbook/Documents/cassava-navigation-ai/data/extracted/data/images/train/GOPR7746_JPG.rf.52c0b5b567b599b2f2e22f8d86a3c3aa.jpg,train,45,0.014108194442588987,0.13801193240585313,76.06666666666666
/Users/macbook/Documents/cassava-navigation-ai/data/extracted/data/images/train/GOPR7747_JPG.rf.78e4d187484478dcce3fd53742484c0c.jpg,train,30,0.02242069078220523,0.21903610223236092,112.1
/Users/macbook/Documents/cassava-navigation-ai/data/extracted/data/images/train/GOPR7748_JPG.rf.161c0144653bae216e6c9c179d303931.jpg,train,27,0.019407017696808998,0.12243333352832028,91.66666666666667
/Users/macbook/Documents/cassava-navigation-ai/data/extracted/data/images/train/GOPR7749_JPG.rf.56ca9c353427f11aa2e77dbcf49bb8f5.jpg,train,38,0.013038986311453568,0.1227020832099609,75.10526315789474
/Users/macbook/Documents/cassava-navigation-ai/data/extracted/data/images/train/GOPR7750_JPG.rf.239166fbc6dc345d884dddb02266a9bd.jpg,train,34,0.01687699884277431,0.12879816693496693,84.6470588235294
/Users/macbook/Documents/cassava-navigation-ai/data/extracted/data/images/train/GOPR7752_JPG.rf.dbb4598ba0b2b08f7dfbff8ff3b0545e.jpg,train,35,0.016357685320042198,0.1627324421913146,79.28571428571429
/Users/macbook/Documents/cassava-navigation-ai/data/extracted/data/images/train/GOPR7753_JPG.rf.98b2b1f38201072df97ae04d14b77cb6.jpg,train,39,0.02155182653457955,0.2850774128929138,91.76923076923077
/Users/macbook/Documents/cassava-navigation-ai/data/extracted/data/images/train/GOPR7755_JPG.rf.3f132f9e804592e0addf1c001fc1e19a.jpg,train,31,0.018987240121147875,0.11202083348730472,81.2258064516129
/Users/macbook/Documents/cassava-navigation-ai/data/extracted/data/images/train/GOPR7756_JPG.rf.299dfe983ebfed4fc2cd515af13397f0.jpg,train,25,0.02117814266226563,0.14505513510818482,110.72
/Users/macbook/Documents/cassava-navigation-ai/data/extracted/data/images/train/GOPR7757_JPG.rf.81290de30af88bf57b3f72e6c1e665fc.jpg,train,28,0.0216000875563093,0.2648111979461669,95.21428571428571
/Users/macbook/Documents/cassava-navigation-ai/data/extracted/data/images/train/GOPR7758_JPG.rf.54b03be64b69a20576f563a25f91b2c4.jpg,train,32,0.019097425326990172,0.11521041656640615,105.84375
/Users/macbook/Documents/cassava-navigation-ai/data/extracted/data/images/train/GOPR7759_JPG.rf.7a209d18d9074dcb823361896e962f1d.jpg,train,32,0.016939677563117032,0.1783269245407104,77.125
/Users/macbook/Documents/cassava-navigation-ai/data/extracted/data/images/train/GOPR7762_JPG.rf.dc2e7bef18f75818a480dbbd32edba93.jpg,train,41,0.01247829604964391,0.16978200274429317,84.70731707317073
/Users/macbook/Documents/cassava-navigation-ai/data/extracted/data/images/train/GOPR7765_JPG.rf.af6cb80c0dc4c7051c3c675460e8bed6.jpg,train,40,0.016282862245075996,0.34082794192123433,81.35
/Users/macbook/Documents/cassava-navigation-ai/data/extracted/data/images/train/GOPR7766_JPG.rf.bdc8d16a6ec51492b9f98ed3e56686c2.jpg,train,37,0.016015767010989616,0.2220001220458983,74.05405405405405
/Users/macbook/Documents/cassava-navigation-ai/data/extracted/data/images/train/GOPR7767_JPG.rf.e0febab5a6986cd8e187259c5820ea46.jpg,train,27,0.016521974397120727,0.130880874859375,62.81481481481482
/Users/macbook/Documents/cassava-navigation-ai/data/extracted/data/images/train/GOPR7769_JPG.rf.abbbb99b5830c4515ac6848ca7835d14.jpg,train,35,0.014854996046266415,0.10429687497265622,78.94285714285714
/Users/macbook/Documents/cassava-navigation-ai/data/extracted/data/images/train/GOPR7770_JPG.rf.c782cb5ec34c3798632e2888537f2246.jpg,train,35,0.01598430768765085,0.1429395832666016,79.48571428571428
/Users/macbook/Documents/cassava-navigation-ai/data/extracted/data/images/train/GOPR7773_JPG.rf.47d6b27d8ad2d1d839be7d0d24bb1fea.jpg,train,27,0.021722897910020605,0.3066914876091002,85.33333333333333
/Users/macbook/Documents/cassava-navigation-ai/data/extracted/data/images/train/GOPR7776_JPG.rf.1b4af79b21811d3b348da4e6ee1ce0ed.jpg,train,41,0.015175043120644926,0.21492640181045533,82.29268292682927
/Users/macbook/Documents/cassava-navigation-ai/data/extracted/data/images/train/GOPR7780_JPG.rf.726f668bba9e84318e34158b025dc419.jpg,train,15,0.021550772749153624,0.13054784145278925,113.46666666666667
/Users/macbook/Documents/cassava-navigation-ai/data/extracted/data/images/train/GOPR7921_JPG.rf.ff4807306505bc296c7d10cb0c967999.jpg,train,25,0.022942073070789805,0.1247343749296875,131.72
/Users/macbook/Documents/cassava-navigation-ai/data/extracted/data/images/train/GOPR7922_JPG.rf.209917196a5034eef5aea798ffd4c5a1.jpg,train,26,0.02127689574566414,0.2155838012649539,97.65384615384616
/Users/macbook/Documents/cassava-navigation-ai/data/extracted/data/images/train/GOPR7923_JPG.rf.98cc815a6272fa4639b3784e5beba05f.jpg,train,28,0.017152053721670953,0.17020161950454699,77.14285714285714
/Users/macbook/Documents/cassava-navigation-ai/data/extracted/data/images/train/GOPR7924_JPG.rf.27d65609d10ad5b5c7a65da2a0cc15cd.jpg,train,30,0.013832809303799461,0.14301427203292835,77.9
/Users/macbook/Documents/cassava-navigation-ai/data/extracted/data/images/train/GOPR7926_JPG.rf.c8d590d8ce4840f0743da1a99aae0f7b.jpg,train,31,0.013165965413399,0.0845985412811279,77.19354838709677
/Users/macbook/Documents/cassava-navigation-ai/data/extracted/data/images/train/GOPR7929_JPG.rf.0dfcdc8817b53391dc1d5ea58312fe9a.jpg,train,30,0.019880494124276706,0.1635945638206482,101.26666666666667
/Users/macbook/Documents/cassava-navigation-ai/data/extracted/data/images/train/GOPR7930_JPG.rf.33cc3141acb79ae3afeed3bc5d43557c.jpg,train,27,0.017904788699046964,0.09660520838769535,94.88888888888889
/Users/macbook/Documents/cassava-navigation-ai/data/extracted/data/images/train/GOPR7936_JPG.rf.903386484d858235b5c31da0dde0f94c.jpg,train,23,0.021630103416939085,0.151140848777008,134.43478260869566
/Users/macbook/Documents/cassava-navigation-ai/data/extracted/data/images/train/GOPR7939_JPG.rf.878850204339e054026d797188c421d3.jpg,train,18,0.022113162121164986,0.10508982341003424,107.22222222222223
/Users/macbook/Documents/cassava-navigation-ai/data/extracted/data/images/train/GOPR7940_JPG.rf.4d4a109b3aa644d1c052cf64be4cbfae.jpg,train,25,0.01791799471093869,0.09559122717361429,89.92
/Users/macbook/Documents/cassava-navigation-ai/data/extracted/data/images/train/GOPR7942_JPG.rf.968d0da65860ac73d39828bf0f0a3cf8.jpg,train,20,0.016483315880567905,0.0570348104171752,137.95
/Users/macbook/Documents/cassava-navigation-ai/data/extracted/data/images/train/GOPR7943_JPG.rf.6658a39ed7d9fd10c0128ff3ee7bdca8.jpg,train,24,0.0206040981718966,0.17176310219268803,78.83333333333333
/Users/macbook/Documents/cassava-navigation-ai/data/extracted/data/images/train/GOPR7945_JPG.rf.3b7b3dcded9dc68f9cc86527dd586a4d.jpg,train,23,0.027576583277778944,0.274964650389862,102.82608695652173
/Users/macbook/Documents/cassava-navigation-ai/data/extracted/data/images/train/GOPR7946_JPG.rf.243d73e1652eb613891dbfea537c8f6e.jpg,train,25,0.023711682614520276,0.25733184801940934,118.24
/Users/macbook/Documents/cassava-navigation-ai/data/extracted/data/images/train/GOPR7947_JPG.rf.4cd65199c3fbcc5f7b417e1d905aa4d7.jpg,train,26,0.02042514507482674,0.19569524130096425,96.07692307692308
/Users/macbook/Documents/cassava-navigation-ai/data/extracted/data/images/train/GOPR7948_JPG.rf.1a85ef55b25686c5553893a080db131e.jpg,train,18,0.018685989942516763,0.14111963906097405,82.94444444444444
/Users/macbook/Documents/cassava-navigation-ai/data/extracted/data/images/train/GOPR7950_JPG.rf.c34d74e96eb4289f76bd4d53daedd843.jpg,train,26,0.021195956419082642,0.16195551548385595,113.3076923076923
/Users/macbook/Documents/cassava-navigation-ai/data/extracted/data/images/train/GOPR7952_JPG.rf.0358dcbd7db773e61c18f637f0cda823.jpg,train,29,0.022510259298063082,0.19142405185623185,96.82758620689656
/Users/macbook/Documents/cassava-navigation-ai/data/extracted/data/images/train/GOPR7953_JPG.rf.c884785c08fd531f94a0043e9aa41388.jpg,train,35,0.015740346325200535,0.11852137247772221,75.62857142857143
/Users/macbook/Documents/cassava-navigation-ai/data/extracted/data/images/train/GOPR7955_JPG.rf.e539a0049c3f70467d7c96fcf914243c.jpg,train,24,0.02641190421673457,0.22520446777572647,125.625
/Users/macbook/Documents/cassava-navigation-ai/data/extracted/data/images/train/GOPR7956_JPG.rf.755a97a19ec59d28d369508e7f1cdf1e.jpg,train,39,0.019313963750845885,0.3267733256683351,98.15384615384616
/Users/macbook/Documents/cassava-navigation-ai/data/extracted/data/images/train/GOPR7957_JPG.rf.41f103c81b44134e5286dce07d36812e.jpg,train,33,0.01886108080356547,0.2601153056343078,81.03030303030303
/Users/macbook/Documents/cassava-navigation-ai/data/extracted/data/images/train/GOPR7958_JPG.rf.b1b9018308730f2cad301159bef63a15.jpg,train,34,0.01499817845362225,0.11017608645401,94.58823529411765
/Users/macbook/Documents/cassava-navigation-ai/data/extracted/data/images/train/GOPR7959_JPG.rf.b69e7529ed1d7df34aa4f8396b3242e4.jpg,train,19,0.02408428472987283,0.17528661089935305,121.15789473684211
/Users/macbook/Documents/cassava-navigation-ai/data/extracted/data/images/train/GOPR7960_JPG.rf.c7118146d41059b51236c531c8405ae1.jpg,train,38,0.015568173909365195,0.2707964579193116,80.0
/Users/macbook/Documents/cassava-navigation-ai/data/extracted/data/images/train/GOPR7961_JPG.rf.ea707e2b3b2fb62ac034e5354933f200.jpg,train,37,0.013956213450571409,0.10769780475463864,81.10810810810811
/Users/macbook/Documents/cassava-navigation-ai/data/extracted/data/images/train/GOPR7962_JPG.rf.c5733e943b89fb20c975ed3f79cc12d5.jpg,train,54,0.009624311886919944,0.1172166666035155,68.27777777777777
/Users/macbook/Documents/cassava-navigation-ai/data/extracted/data/images/train/GOPR7963_JPG.rf.25d43c5fddef125551d0a0f9d08052dc.jpg,train,38,0.01526417027029339,0.12289375014746091,78.84210526315789
/Users/macbook/Documents/cassava-navigation-ai/data/extracted/data/images/train/GOPR7964_JPG.rf.c197cfa5d529d6f0f9b366f26687e944.jpg,train,40,0.013546548558325197,0.18070093786010719,95.725
/Users/macbook/Documents/cassava-navigation-ai/data/extracted/data/images/train/GOPR7965_JPG.rf.566eaef648ea21e727c07fb7a3d600b3.jpg,train,40,0.012976638238406385,0.12381235755844108,86.35
/Users/macbook/Documents/cassava-navigation-ai/data/extracted/data/images/train/GOPR7968_JPG.rf.d44f4c7a8864697cc93856317e506d6e.jpg,train,49,0.011824255075633155,0.22355524701080304,73.0204081632653
/Users/macbook/Documents/cassava-navigation-ai/data/extracted/data/images/train/GOPR7970_JPG.rf.e26deb087eea0d7290e26369f4d14328.jpg,train,40,0.014968289739733881,0.24396260578002907,87.875
/Users/macbook/Documents/cassava-navigation-ai/data/extracted/data/images/train/GOPR7972_JPG.rf.f9bcd8f70ea8f1337d777875f1759bf8.jpg,train,39,0.011019252215264723,0.09912872324371336,92.58974358974359
/Users/macbook/Documents/cassava-navigation-ai/data/extracted/data/images/train/GOPR7973_JPG.rf.c2b17d49d63b2a66289cfdadcb420c23.jpg,train,36,0.013867164894928806,0.07974243161697388,86.5
/Users/macbook/Documents/cassava-navigation-ai/data/extracted/data/images/train/GOPR7974_JPG.rf.cf2e76524b2b456c030ab0b0ffd2da04.jpg,train,31,0.013889567422949022,0.1027143747939454,81.25806451612904
/Users/macbook/Documents/cassava-navigation-ai/data/extracted/data/images/train/GOPR7975_JPG.rf.4d9273c3802b894186218b1f23e1ff29.jpg,train,49,0.010072366852317341,0.12030312511621094,76.63265306122449
/Users/macbook/Documents/cassava-navigation-ai/data/extracted/data/images/train/GOPR7976_JPG.rf.ec34166bda36f95321bbe2a1c1bc694c.jpg,train,36,0.015018310539695743,0.2702560425354006,79.97222222222223
/Users/macbook/Documents/cassava-navigation-ai/data/extracted/data/images/train/GOPR7977_JPG.rf.6cda0dec28edc4cb4ca5832a9ea6867f.jpg,train,45,0.012414663804609526,0.17605717980423014,108.33333333333333
/Users/macbook/Documents/cassava-navigation-ai/data/extracted/data/images/train/GOPR7979_JPG.rf.3c432954a43540f758d5a90132de94e7.jpg,train,25,0.021054962959992683,0.20352554316482505,95.8
/Users/macbook/Documents/cassava-navigation-ai/data/extracted/data/images/train/GOPR7980_JPG.rf.c1f119288c40be9614af0f79f419ebfa.jpg,train,30,0.023062030374522924,0.2324104308959963,89.86666666666666
/Users/macbook/Documents/cassava-navigation-ai/data/extracted/data/images/train/GOPR7981_JPG.rf.3475cd86328489594057ea37d497516b.jpg,train,38,0.015823740903857603,0.3316599528114325,83.63157894736842
/Users/macbook/Documents/cassava-navigation-ai/data/extracted/data/images/train/GOPR7982_JPG.rf.6063388a89c6fa2a16562c767ed67eac.jpg,train,59,0.011051180256832842,0.17748260493850715,68.79661016949153
/Users/macbook/Documents/cassava-navigation-ai/data/extracted/data/images/train/GOPR7983_JPG.rf.0ab34bd710b8e33ce2d09044e0ee498c.jpg,train,44,0.014245358226875988,0.19017283128891002,82.25
/Users/macbook/Documents/cassava-navigation-ai/data/extracted/data/images/train/GOPR7984_JPG.rf.d8aacf0c296965e42712d0e23b2d34ac.jpg,train,25,0.020280756265233162,0.22842152909774763,72.28
/Users/macbook/Documents/cassava-navigation-ai/data/extracted/data/images/train/GOPR7985_JPG.rf.1ccad0b81172de1e6157e7e7e94e88c0.jpg,train,39,0.013700341267673591,0.17025629681167598,67.3076923076923
/Users/macbook/Documents/cassava-navigation-ai/data/extracted/data/images/train/GOPR7986_JPG.rf.75e559cb760fa056bd23e819475780d0.jpg,train,32,0.014047340448305124,0.12229652094335941,102.34375
/Users/macbook/Documents/cassava-navigation-ai/data/extracted/data/images/train/GOPR7987_JPG.rf.7ae8cfbabdb58cc86b43b68f1364e7d5.jpg,train,25,0.019052643801400152,0.15945943192977913,98.24
/Users/macbook/Documents/cassava-navigation-ai/data/extracted/data/images/train/GOPR7988_JPG.rf.09d07a1fbe48e74c7df5856af28496ee.jpg,train,27,0.019828635889700425,0.12479999990820312,95.33333333333333
/Users/macbook/Documents/cassava-navigation-ai/data/extracted/data/images/train/GOPR7989_JPG.rf.78c0b11610114be711584aaa77e46f11.jpg,train,37,0.012185893069782978,0.10225416671679687,82.91891891891892
/Users/macbook/Documents/cassava-navigation-ai/data/extracted/data/images/train/GOPR7991_JPG.rf.152c97e4e8ce4f863183c8d7af5fe4c1.jpg,train,32,0.011806593041367537,0.124749875209961,72.0
/Users/macbook/Documents/cassava-navigation-ai/data/extracted/data/images/train/GOPR7992_JPG.rf.0826eadc7514e12edfe4f9656569c27b.jpg,train,39,0.01839113941556568,0.25008646642761245,83.71794871794872
/Users/macbook/Documents/cassava-navigation-ai/data/extracted/data/images/train/GOPR7993_JPG.rf.8664173798a44191acba33c13b26e1a9.jpg,train,40,0.014436195774832924,0.19039408356857304,75.65
/Users/macbook/Documents/cassava-navigation-ai/data/extracted/data/images/train/GOPR7995_JPG.rf.2d5267b598ec74927854f4f588fa5dda.jpg,train,38,0.012625238641520464,0.11599687534765622,83.5
/Users/macbook/Documents/cassava-navigation-ai/data/extracted/data/images/train/GOPR7996_JPG.rf.599197cf96bbe71ff15f1fcf809e458c.jpg,train,19,0.027465835517626293,0.13091659547271722,109.36842105263158
/Users/macbook/Documents/cassava-navigation-ai/data/extracted/data/images/train/GOPR7998_JPG.rf.20d7d6ebd4595ce944e141fee516b1df.jpg,train,21,0.023163365052770696,0.15098698934707638,93.23809523809524
/Users/macbook/Documents/cassava-navigation-ai/data/extracted/data/images/train/GOPR7999_JPG.rf.0a0a46313db23845baf9b278eafc47dc.jpg,train,30,0.013537721565229302,0.14053341674218744,59.1
/Users/macbook/Documents/cassava-navigation-ai/data/extracted/data/images/train/GOPR8000_JPG.rf.002a022ba3e70c4971e435c26795ce2f.jpg,train,20,0.02928773954917297,0.1763865153320312,97.3
/Users/macbook/Documents/cassava-navigation-ai/data/extracted/data/images/train/GOPR8001_JPG.rf.38e66e745dbf182aa0ea0edb38651dd5.jpg,train,22,0.02541576352749495,0.12364479174316406,127.63636363636364
/Users/macbook/Documents/cassava-navigation-ai/data/extracted/data/images/train/GOPR8002_JPG.rf.18502be00963f614729d1e8267dac4c8.jpg,train,32,0.015806001593125358,0.1307106017242431,72.65625
/Users/macbook/Documents/cassava-navigation-ai/data/extracted/data/images/train/GOPR8003_JPG.rf.8111fa13ef84ee09abc9ce259bc540c5.jpg,train,25,0.02143314981503541,0.1918843586853028,79.2
/Users/macbook/Documents/cassava-navigation-ai/data/extracted/data/images/train/GOPR8005_JPG.rf.540480471a2d0f369a017b8c0805882f.jpg,train,34,0.015986617382345778,0.11264673866958629,80.73529411764706
/Users/macbook/Documents/cassava-navigation-ai/data/extracted/data/images/train/GOPR8006_JPG.rf.506882cea3d10cb2e67eece82b706c67.jpg,train,33,0.017277513296166617,0.2105191549102783,67.72727272727273
/Users/macbook/Documents/cassava-navigation-ai/data/extracted/data/images/train/GOPR8008_JPG.rf.1bf1744471fa5e2a0c8a15cd60c044f0.jpg,train,31,0.017437363929273066,0.14351724985449218,70.41935483870968
/Users/macbook/Documents/cassava-navigation-ai/data/extracted/data/images/train/GOPR8010_JPG.rf.c1f2291007c2c6cc1025dec3bda856dd.jpg,train,28,0.020943869662285956,0.20903015131301875,113.53571428571429
/Users/macbook/Documents/cassava-navigation-ai/data/extracted/data/images/train/GOPR8011_JPG.rf.234e8339e2ad5943ae13a242b34a10dc.jpg,train,28,0.02209439632173484,0.20789591479644776,94.5
/Users/macbook/Documents/cassava-navigation-ai/data/extracted/data/images/train/GOPR8012_JPG.rf.1d9a1caba6854ad284efbb66a24133b4.jpg,train,33,0.01555544938412383,0.14864062482421886,77.06060606060606
/Users/macbook/Documents/cassava-navigation-ai/data/extracted/data/images/train/GOPR8013_JPG.rf.c3ba3307d998e31a140d6182e3180cd1.jpg,train,33,0.01160322140877463,0.09407141674804687,74.66666666666667
/Users/macbook/Documents/cassava-navigation-ai/data/extracted/data/images/train/GOPR8014_JPG.rf.43c2d3c3dea04548febc3b2e9cf176eb.jpg,train,22,0.02025603063895348,0.17470677694625858,98.68181818181819
/Users/macbook/Documents/cassava-navigation-ai/data/extracted/data/images/train/GOPR8015_JPG.rf.c817bf276b5d7aca0e1cf2b2e3589092.jpg,train,39,0.008777285320458053,0.10754267375106807,56.46153846153846
/Users/macbook/Documents/cassava-navigation-ai/data/extracted/data/images/train/GOPR8016_JPG.rf.80078aa814258298219d958ecd7076ed.jpg,train,39,0.012204939733056459,0.24040730800094598,71.74358974358974
/Users/macbook/Documents/cassava-navigation-ai/data/extracted/data/images/train/GOPR8017_JPG.rf.42c4600e5d1f406b35d50dc7b549378a.jpg,train,25,0.019958794088820786,0.10176467893753083,124.6
/Users/macbook/Documents/cassava-navigation-ai/data/extracted/data/images/train/GOPR8018_JPG.rf.ccd238594b00dc32d7189c1c6b9434e1.jpg,train,47,0.012072284846794594,0.13380813599777197,83.65957446808511
/Users/macbook/Documents/cassava-navigation-ai/data/extracted/data/images/train/GOPR8019_JPG.rf.af25613a1cef42abaa4e683ea8a75195.jpg,train,39,0.009904195247888044,0.07647187495996095,57.53846153846154
/Users/macbook/Documents/cassava-navigation-ai/data/extracted/data/images/train/GOPR8020_JPG.rf.6aee4a10797ea5eb7aa84817ad647691.jpg,train,38,0.01423832407822861,0.2579892476776125,95.42105263157895
/Users/macbook/Documents/cassava-navigation-ai/data/extracted/data/images/train/GOPR8021_JPG.rf.e4abeea4aea20215ec37e4b99c5ce8b4.jpg,train,44,0.010574777682572787,0.10407002770156862,86.52272727272727
/Users/macbook/Documents/cassava-navigation-ai/data/extracted/data/images/train/GOPR8022_JPG.rf.7d6aed37c4aee7e2ac7285307edf5260.jpg,train,43,0.011059418387614397,0.09345499676208498,67.30232558139535
/Users/macbook/Documents/cassava-navigation-ai/data/extracted/data/images/train/GOPR8023_JPG.rf.3c375e704980a1adc676d51229f2710f.jpg,train,47,0.010277394994754862,0.12184778853836047,67.59574468085107
/Users/macbook/Documents/cassava-navigation-ai/data/extracted/data/images/train/GOPR8024_JPG.rf.df50d54ff051c37af2cc748816777a5b.jpg,train,38,0.012613356149508826,0.207735697393036,76.86842105263158
/Users/macbook/Documents/cassava-navigation-ai/data/extracted/data/images/train/GOPR8026_JPG.rf.db6f52dea8ccd06b6cf3f2a1f73b6a48.jpg,train,48,0.009912421244277953,0.0882085164016724,70.66666666666667
/Users/macbook/Documents/cassava-navigation-ai/data/extracted/data/images/train/GOPR8028_JPG.rf.9319816854d40e204ffb1bb03173c895.jpg,train,26,0.02299756437878419,0.19021352132415761,135.1153846153846
/Users/macbook/Documents/cassava-navigation-ai/data/extracted/data/images/train/GOPR8029_JPG.rf.c2b47c1f18a157dc812de94451ea2d29.jpg,train,38,0.016259524739980612,0.2491264342834472,104.89473684210526
/Users/macbook/Documents/cassava-navigation-ai/data/extracted/data/images/train/GOPR8030_JPG.rf.2371c741d3f9e88b677840bd6ad9a220.jpg,train,52,0.010497514496237538,0.10465520824902343,71.38461538461539
/Users/macbook/Documents/cassava-navigation-ai/data/extracted/data/images/train/GOPR8031_JPG.rf.380ca466c3d82577455fb9ab259f3871.jpg,train,42,0.01416515600986664,0.16783014932632442,102.92857142857143
/Users/macbook/Documents/cassava-navigation-ai/data/extracted/data/images/train/GOPR8032_JPG.rf.80ea3711dff82da781de7257ed545cee.jpg,train,41,0.013559725231070175,0.10937604160839844,82.53658536585365
/Users/macbook/Documents/cassava-navigation-ai/data/extracted/data/images/train/GOPR8033_JPG.rf.56a9f8b0f3e02afcbb923d42e0268383.jpg,train,39,0.013731532905694422,0.1236562499462891,77.94871794871794
/Users/macbook/Documents/cassava-navigation-ai/data/extracted/data/images/train/GOPR8034_JPG.rf.f583b8df320029bee85a348b02ac6e51.jpg,train,38,0.01369106041992509,0.1678479512290954,82.34210526315789
/Users/macbook/Documents/cassava-navigation-ai/data/extracted/data/images/train/GOPR8035_JPG.rf.071d15dff9a37bc8f8ed34dfc05f4b84.jpg,train,41,0.011615455144184383,0.11469895821191411,79.07317073170732
/Users/macbook/Documents/cassava-navigation-ai/data/extracted/data/images/train/GOPR8036_JPG.rf.61fc29be66cc9bdd50cac99e76c27611.jpg,train,16,0.023838996881389598,0.17363484700469978,125.6875
/Users/macbook/Documents/cassava-navigation-ai/data/extracted/data/images/train/GOPR8037_JPG.rf.9256258c1d86868ecc79c0ed9a32e615.jpg,train,23,0.01742172240650341,0.20754623405914296,105.8695652173913
/Users/macbook/Documents/cassava-navigation-ai/data/extracted/data/images/train/GOPR8038_JPG.rf.186fe56b20ddb56988e077f2ebc2b6b5.jpg,train,24,0.006971518198108677,0.06795374544372566,91.375
/Users/macbook/Documents/cassava-navigation-ai/data/extracted/data/images/train/GOPR8039_JPG.rf.807771b3072d4690b27bdd5484447ed6.jpg,train,17,0.020345800048962775,0.14156468706588762,123.76470588235294
/Users/macbook/Documents/cassava-navigation-ai/data/extracted/data/images/train/GOPR8040_JPG.rf.67940a19316d2a822585cde40fa3fc74.jpg,train,30,0.012487496266403183,0.2307561238723756,80.73333333333333
/Users/macbook/Documents/cassava-navigation-ai/data/extracted/data/images/train/GOPR8043_JPG.rf.1d73fcd7a5e5afddd1a02337bd9160d7.jpg,train,22,0.016240924075784827,0.06741714482421807,148.72727272727272
/Users/macbook/Documents/cassava-navigation-ai/data/extracted/data/images/train/GOPR8044_JPG.rf.0d541923f1fe30b1072904dda26af8e8.jpg,train,7,0.04718684866169524,0.1137173970619202,145.14285714285714
/Users/macbook/Documents/cassava-navigation-ai/data/extracted/data/images/train/GOPR8045_JPG.rf.3549822cfe4f0a92048b2e4188d9babd.jpg,train,8,0.03501033782691961,0.1842536925621033,223.875
/Users/macbook/Documents/cassava-navigation-ai/data/extracted/data/images/train/GOPR8048_JPG.rf.dafbcb929f9e3df16ea8b3e4a9f6f134.jpg,train,24,0.012659122299255358,0.12456458341992191,72.95833333333333
/Users/macbook/Documents/cassava-navigation-ai/data/extracted/data/images/train/GOPR8049_JPG.rf.b61cedb3b4a4a2b43c669dec1cd0943e.jpg,train,20,0.020945007019914245,0.10823440558319103,115.05
/Users/macbook/Documents/cassava-navigation-ai/data/extracted/data/images/train/GOPR8052_JPG.rf.9dd4ceae96f2e34f257b6d8b3faf86b0.jpg,train,19,0.007527870043744519,0.06544240314636228,107.0
/Users/macbook/Documents/cassava-navigation-ai/data/extracted/data/images/train/GOPR8054_JPG.rf.d165d5dee16dcb34c5bfd528e3bcd7cd.jpg,train,29,0.009708833122078726,0.0700499999453125,66.20689655172414
/Users/macbook/Documents/cassava-navigation-ai/data/extracted/data/images/train/GOPR8057_JPG.rf.964ab49fe135d2f766bc1f41bc788472.jpg,train,25,0.010521582525936284,0.098662500006836,72.84
/Users/macbook/Documents/cassava-navigation-ai/data/extracted/data/images/train/GOPR8058_JPG.rf.63e6e0b572c2f8f6dac4402097b22a51.jpg,train,21,0.014577035271176311,0.08497604145507809,86.0
/Users/macbook/Documents/cassava-navigation-ai/data/extracted/data/images/train/GOPR8059_JPG.rf.68ecf427efed64db0edb866be8551614.jpg,train,18,0.014730558398167936,0.08605000020507811,94.77777777777777
/Users/macbook/Documents/cassava-navigation-ai/data/extracted/data/images/train/GOPR8061_JPG.rf.9e062f52eae99cf2be90f28bcde1ee0d.jpg,train,27,0.004847491223907493,0.0322443643623352,82.33333333333333
/Users/macbook/Documents/cassava-navigation-ai/data/extracted/data/images/train/GOPR8062_JPG.rf.0e39e2df4206646fe21d7cd079000575.jpg,train,20,0.014544378715666172,0.07810941660742188,107.75
/Users/macbook/Documents/cassava-navigation-ai/data/extracted/data/images/train/GOPR8066_JPG.rf.8258dae5ea836f5ec66801d36caee3d6.jpg,train,30,0.008735388246654242,0.08906555152664189,80.7
/Users/macbook/Documents/cassava-navigation-ai/data/extracted/data/images/train/GOPR8068_JPG.rf.af3403da4482a1f57299bfe36e8553c8.jpg,train,16,0.014050849651357649,0.06657083325488272,91.0
/Users/macbook/Documents/cassava-navigation-ai/data/extracted/data/images/train/GOPR8070_JPG.rf.c04532ed5f2130999dfaebd7a3bb4e75.jpg,train,14,0.028377851367562445,0.2386245727912909,159.78571428571428
/Users/macbook/Documents/cassava-navigation-ai/data/extracted/data/images/train/GOPR8072_JPG.rf.d29cacc1805fd2c88c4d7eba60b5dcbe.jpg,train,27,0.005940594477432825,0.08077187494921878,54.666666666666664
/Users/macbook/Documents/cassava-navigation-ai/data/extracted/data/images/train/GOPR8073_JPG.rf.2dde1f43000bed70338f833256abe220.jpg,train,37,0.011789188305452912,0.1609573363975526,72.24324324324324
/Users/macbook/Documents/cassava-navigation-ai/data/extracted/data/images/train/GOPR8074_JPG.rf.265de0aada7b00e675e8e1e048ece65e.jpg,train,31,0.011124105109098384,0.10300945844042969,59.83870967741935
/Users/macbook/Documents/cassava-navigation-ai/data/extracted/data/images/train/GOPR8076_JPG.rf.77094930164f976f897637a8af27020f.jpg,train,37,0.015467238978672334,0.2612864176521301,89.02702702702703
/Users/macbook/Documents/cassava-navigation-ai/data/extracted/data/images/train/GOPR8077_JPG.rf.35b3d642fc2c130191a8d5f0da20ae1d.jpg,train,30,0.015991132090638224,0.1478487650398255,80.86666666666666
/Users/macbook/Documents/cassava-navigation-ai/data/extracted/data/images/train/GOPR8079_JPG.rf.f8be387884d453eba5ccc77847d80066.jpg,train,47,0.010997947137087564,0.18952814734039303,96.2127659574468
/Users/macbook/Documents/cassava-navigation-ai/data/extracted/data/images/train/GOPR8080_JPG.rf.b70ffa4ebec0af5d397930a0ba09aa6b.jpg,train,36,0.007848280442767667,0.09098307293090827,71.27777777777777
/Users/macbook/Documents/cassava-navigation-ai/data/extracted/data/images/train/GOPR8081_JPG.rf.dea4f1bd4b6831b1b1a247c9a0e0e84c.jpg,train,24,0.013940066863283807,0.09685729171484372,67.29166666666667
/Users/macbook/Documents/cassava-navigation-ai/data/extracted/data/images/train/GOPR8083_JPG.rf.873e653579ab0b5771e1198d190fea5e.jpg,train,28,0.008036281265429896,0.0927062502265625,50.607142857142854
/Users/macbook/Documents/cassava-navigation-ai/data/extracted/data/images/train/GOPR8084_JPG.rf.08d18f88194558ed511b957f1eb93fd0.jpg,train,19,0.006292388807443756,0.0629656249238281,64.73684210526316
/Users/macbook/Documents/cassava-navigation-ai/data/extracted/data/images/train/GOPR8085_JPG.rf.f054c2753e46b7febf8782f0bd2fe32c.jpg,train,29,0.005377583118622883,0.032566070565795954,70.41379310344827
/Users/macbook/Documents/cassava-navigation-ai/data/extracted/data/images/train/GOPR8086_JPG.rf.f51f3054868ef2c3ce771d5f58e007da.jpg,train,28,0.011507159795762192,0.09852683323925776,74.14285714285714
/Users/macbook/Documents/cassava-navigation-ai/data/extracted/data/images/train/GOPR8088_JPG.rf.d0bf3c5a6fd30f9a4662d35e1500d659.jpg,train,44,0.008447479725737143,0.07928085331726073,63.5
/Users/macbook/Documents/cassava-navigation-ai/data/extracted/data/images/train/GOPR8089_JPG.rf.c87cd0de62d6dd99e296c3dcda0bc932.jpg,train,53,0.00828464397516734,0.10039427086621093,59.54716981132076
/Users/macbook/Documents/cassava-navigation-ai/data/extracted/data/images/train/GOPR8092_JPG.rf.e51ca50733269ce7e43fc105829b4a0a.jpg,train,37,0.013773007449866224,0.19380823773498518,85.24324324324324
/Users/macbook/Documents/cassava-navigation-ai/data/extracted/data/images/train/GOPR8093_JPG.rf.892866d3ff238cf7572a5998ead413de.jpg,train,24,0.022906363854170494,0.1969718932418824,117.75
/Users/macbook/Documents/cassava-navigation-ai/data/extracted/data/images/train/GOPR8094_JPG.rf.51fd06caf08d893217d3ef2c82a105a9.jpg,train,36,0.01495671769500225,0.10375650002246098,105.61111111111111
/Users/macbook/Documents/cassava-navigation-ai/data/extracted/data/images/valid/G0207738_JPG.rf.f3a8a29d0ce23629480f0d5c2de54f97.jpg,valid,33,0.015498006402933152,0.12104161579055792,93.42424242424242
/Users/macbook/Documents/cassava-navigation-ai/data/extracted/data/images/valid/GOPR6954_JPG.rf.d3f661e7aaaea40e9339b39c502d4b2a.jpg,valid,37,0.012326775105961162,0.21064691666992189,58.270270270270274
/Users/macbook/Documents/cassava-navigation-ai/data/extracted/data/images/valid/GOPR6960_JPG.rf.e3709843cbdcc58fdaf87cfec8260077.jpg,valid,31,0.012669532107932788,0.124678125118164,60.58064516129032
/Users/macbook/Documents/cassava-navigation-ai/data/extracted/data/images/valid/GOPR6968_JPG.rf.809fa064f18606faa6c8ea6661d99baa.jpg,valid,33,0.017274856042956713,0.12475729156445299,109.57575757575758
/Users/macbook/Documents/cassava-navigation-ai/data/extracted/data/images/valid/GOPR6997_JPG.rf.d14407a05f4ed2c33349bc5dac343326.jpg,valid,34,0.016010657573436966,0.11092122397232056,88.08823529411765
/Users/macbook/Documents/cassava-navigation-ai/data/extracted/data/images/valid/GOPR6998_JPG.rf.8ef13cb91ae62ba3ab7eaafa524cd6b3.jpg,valid,38,0.010322073855549858,0.09098229177539063,88.47368421052632
/Users/macbook/Documents/cassava-navigation-ai/data/extracted/data/images/valid/GOPR6999_JPG.rf.51c35bc5c0f51e6c5f5eff088af57204.jpg,valid,70,0.007808765605198891,0.09008854176660153,67.75714285714285
/Users/macbook/Documents/cassava-navigation-ai/data/extracted/data/images/valid/GOPR7008_JPG.rf.f30f30ca3bb1b80477dc206189bf40b2.jpg,valid,39,0.015186888709466415,0.12215296423721318,80.02564102564102
/Users/macbook/Documents/cassava-navigation-ai/data/extracted/data/images/valid/GOPR7020_JPG.rf.97f82b8d62e9bbef3ed47af7711ee215.jpg,valid,44,0.014460865410661182,0.09233474731216432,92.86363636363636
/Users/macbook/Documents/cassava-navigation-ai/data/extracted/data/images/valid/GOPR7023_JPG.rf.7ab6795e9d17b61728214eb1f226bfdc.jpg,valid,43,0.011631603997759438,0.07719166656250007,83.13953488372093
/Users/macbook/Documents/cassava-navigation-ai/data/extracted/data/images/valid/GOPR7024_JPG.rf.786282aaa3bf9f2f8682572f2cf55989.jpg,valid,53,0.010820999200596659,0.09433020826562491,60.20754716981132
/Users/macbook/Documents/cassava-navigation-ai/data/extracted/data/images/valid/GOPR7040_JPG.rf.af0f0b05c90a042cecbd5060669f18f9.jpg,valid,36,0.016523634006211166,0.2324574788299561,104.30555555555556
/Users/macbook/Documents/cassava-navigation-ai/data/extracted/data/images/valid/GOPR7051_JPG.rf.ed6933b0d9bddc92c9431b823d79b512.jpg,valid,28,0.01740563398730578,0.12102291669433587,80.17857142857143
/Users/macbook/Documents/cassava-navigation-ai/data/extracted/data/images/valid/GOPR7055_JPG.rf.c10dd2ec3ea1749685ff989f58f9f266.jpg,valid,52,0.01140615175361458,0.11559895828808592,66.96153846153847
/Users/macbook/Documents/cassava-navigation-ai/data/extracted/data/images/valid/GOPR7059_JPG.rf.947979f1cd47df11c9a74fc9a8d72c16.jpg,valid,29,0.012386179749342297,0.10740937506054685,57.03448275862069
/Users/macbook/Documents/cassava-navigation-ai/data/extracted/data/images/valid/GOPR7068_JPG.rf.493419d19099260a4290e3ebf9fe6b78.jpg,valid,40,0.01342793471414871,0.1912778218894958,65.375
/Users/macbook/Documents/cassava-navigation-ai/data/extracted/data/images/valid/GOPR7071_JPG.rf.2f185dab1014858f2d104b7584a6b8c7.jpg,valid,27,0.02301368846232774,0.20012029012756344,91.0
/Users/macbook/Documents/cassava-navigation-ai/data/extracted/data/images/valid/GOPR7095_JPG.rf.65617fd67a3a270197edd7692a524c82.jpg,valid,39,0.014505677055359682,0.1336911519165039,85.74358974358974
/Users/macbook/Documents/cassava-navigation-ai/data/extracted/data/images/valid/GOPR7109_JPG.rf.87f2681192cb55536bc4afd8719b0cd5.jpg,valid,41,0.010208502043821772,0.1035334267715454,74.09756097560975
/Users/macbook/Documents/cassava-navigation-ai/data/extracted/data/images/valid/GOPR7114_JPG.rf.e44c92b4c2719e773237c7b0c1c7fe5f.jpg,valid,25,0.02030299803590455,0.10343933103485108,102.48
/Users/macbook/Documents/cassava-navigation-ai/data/extracted/data/images/valid/GOPR7129_JPG.rf.4c37480546fca37bd1c7506f3edd46db.jpg,valid,30,0.01401541537210016,0.10688409308232508,78.06666666666666
/Users/macbook/Documents/cassava-navigation-ai/data/extracted/data/images/valid/GOPR7138_JPG.rf.488879b32c4da68b4f36880c5ba8e480.jpg,valid,41,0.015099872416141429,0.17199198402938842,75.3170731707317
/Users/macbook/Documents/cassava-navigation-ai/data/extracted/data/images/valid/GOPR7144_JPG.rf.1839174f19eaabb73dffba9e7da10cb3.jpg,valid,37,0.011640829873769395,0.14890797929840086,69.67567567567568
/Users/macbook/Documents/cassava-navigation-ai/data/extracted/data/images/valid/GOPR7147_JPG.rf.70140209828fe3ad8ab3a5d530138691.jpg,valid,48,0.012472415461821892,0.11351562503613286,75.70833333333333
/Users/macbook/Documents/cassava-navigation-ai/data/extracted/data/images/valid/GOPR7148_JPG.rf.de5b334ffa4b26bb008cc2b8a075088d.jpg,valid,45,0.013306168251719153,0.20668792715759293,87.64444444444445
/Users/macbook/Documents/cassava-navigation-ai/data/extracted/data/images/valid/GOPR7161_JPG.rf.acbaee8f4206e9d6384452c95c290fde.jpg,valid,26,0.022935720567879323,0.2672373454322815,115.34615384615384
/Users/macbook/Documents/cassava-navigation-ai/data/extracted/data/images/valid/GOPR7163_JPG.rf.500163bd2a937e471d03538792737f2a.jpg,valid,28,0.014005524756676779,0.10786819460220318,108.75
/Users/macbook/Documents/cassava-navigation-ai/data/extracted/data/images/valid/GOPR7184_JPG.rf.e7ed47657d0f7470001ded244c3a00a3.jpg,valid,42,0.012500339075905944,0.12548319467086794,100.45238095238095
/Users/macbook/Documents/cassava-navigation-ai/data/extracted/data/images/valid/GOPR7187_JPG.rf.387fca46999f093dd84bc014c234238b.jpg,valid,30,0.021832589986634343,0.17973073324279815,110.86666666666666
/Users/macbook/Documents/cassava-navigation-ai/data/extracted/data/images/valid/GOPR7207_JPG.rf.5351c2f5ab8c117e9e091f8bdcace745.jpg,valid,48,0.013120465804862973,0.10503896078643794,98.27083333333333
/Users/macbook/Documents/cassava-navigation-ai/data/extracted/data/images/valid/GOPR7217_JPG.rf.cef6f20653b07b97951950e51746d7d8.jpg,valid,39,0.011106963848798687,0.1443430582458497,89.53846153846153
/Users/macbook/Documents/cassava-navigation-ai/data/extracted/data/images/valid/GOPR7221_JPG.rf.739ab26ca4812ab4b9ebe601fd41a10b.jpg,valid,46,0.014843125274940139,0.11277643841400146,106.47826086956522
/Users/macbook/Documents/cassava-navigation-ai/data/extracted/data/images/valid/GOPR7225_JPG.rf.a6c0a50900d9167df4a5bd169b8fa36e.jpg,valid,48,0.012588898333915077,0.11754226681823728,84.5625
/Users/macbook/Documents/cassava-navigation-ai/data/extracted/data/images/valid/GOPR7234_JPG.rf.9cc6710558f6616c21a722cf9f21e939.jpg,valid,34,0.008460213144638958,0.06617482498779305,88.02941176470588
/Users/macbook/Documents/cassava-navigation-ai/data/extracted/data/images/valid/GOPR7399_JPG.rf.313a42cdd4a7b1b734254a70004f269c.jpg,valid,54,0.009644002088899964,0.14890925091171245,75.51851851851852
/Users/macbook/Documents/cassava-navigation-ai/data/extracted/data/images/valid/GOPR7401_JPG.rf.c4fed245acbf77da986a407a53ac0ee0.jpg,valid,47,0.011716315089611292,0.12020365401916504,92.7872340425532
/Users/macbook/Documents/cassava-navigation-ai/data/extracted/data/images/valid/GOPR7403_JPG.rf.4db58e2479df02d467d5e765cfe643bf.jpg,valid,28,0.017880121870531368,0.15717569991683966,132.0
/Users/macbook/Documents/cassava-navigation-ai/data/extracted/data/images/valid/GOPR7408_JPG.rf.eb4e68a6fad2187da1d671256d1c5a8f.jpg,valid,34,0.01946049109887516,0.23982493086624157,106.20588235294117
/Users/macbook/Documents/cassava-navigation-ai/data/extracted/data/images/valid/GOPR7411_JPG.rf.bd86467e276d7c366ee126354947bfe8.jpg,valid,40,0.013489818564510345,0.1762123106246949,90.95
/Users/macbook/Documents/cassava-navigation-ai/data/extracted/data/images/valid/GOPR7424_JPG.rf.84c37e532ac2613dda58e838def9bd6a.jpg,valid,38,0.017563589085906176,0.3226585388053893,84.26315789473684
/Users/macbook/Documents/cassava-navigation-ai/data/extracted/data/images/valid/GOPR7427_JPG.rf.1192bd4c09b4ef0b90efa85fe11ac481.jpg,valid,26,0.017917849102785537,0.1406160990249633,106.0
/Users/macbook/Documents/cassava-navigation-ai/data/extracted/data/images/valid/GOPR7446_JPG.rf.2e433ca112a53a0a2d1781c5e3f6f348.jpg,valid,36,0.013932448715276944,0.15456008910369873,87.11111111111111
/Users/macbook/Documents/cassava-navigation-ai/data/extracted/data/images/valid/GOPR7458_JPG.rf.4cf113a9694e881ee76c2ee99ffb4747.jpg,valid,45,0.011065171132929142,0.12753645851562506,59.644444444444446
/Users/macbook/Documents/cassava-navigation-ai/data/extracted/data/images/valid/GOPR7461_JPG.rf.b0e2f2212d3b7f640d044e42a37a8b12.jpg,valid,46,0.012183075708183609,0.1388020834980468,83.52173913043478
/Users/macbook/Documents/cassava-navigation-ai/data/extracted/data/images/valid/GOPR7465_JPG.rf.353ef4dada848207ee848c4bf6cb870b.jpg,valid,36,0.02263308636259631,0.403619130419159,85.27777777777777
/Users/macbook/Documents/cassava-navigation-ai/data/extracted/data/images/valid/GOPR7474_JPG.rf.ac4cdb52a7375f082df448f37005589e.jpg,valid,30,0.02248861522521974,0.3438123066101075,111.96666666666667
/Users/macbook/Documents/cassava-navigation-ai/data/extracted/data/images/valid/GOPR7485_JPG.rf.adb2d85086ab4ad3c0b319267c78fed5.jpg,valid,21,0.03097540233946297,0.4346758525115965,173.85714285714286
/Users/macbook/Documents/cassava-navigation-ai/data/extracted/data/images/valid/GOPR7487_JPG.rf.d777789350f4355d1a28702c4bfd7d53.jpg,valid,33,0.021781431306583273,0.18995625009374992,99.3030303030303
/Users/macbook/Documents/cassava-navigation-ai/data/extracted/data/images/valid/GOPR7488_JPG.rf.58978572cf0fb5b8f6a2bbc1adbe0f2d.jpg,valid,35,0.020342692042050557,0.24602508547668445,73.65714285714286
/Users/macbook/Documents/cassava-navigation-ai/data/extracted/data/images/valid/GOPR7490_JPG.rf.9bdc17bc272840e78f5c41ac8ff94688.jpg,valid,31,0.016706938372039803,0.3168093363029481,117.29032258064517
/Users/macbook/Documents/cassava-navigation-ai/data/extracted/data/images/valid/GOPR7495_JPG.rf.d16dfcf8d7f176e9b2401a3c6ef3c597.jpg,valid,28,0.019119308101381582,0.16978708904342646,110.03571428571429
/Users/macbook/Documents/cassava-navigation-ai/data/extracted/data/images/valid/GOPR7496_JPG.rf.f12db2048e24be455d902861cafe2438.jpg,valid,37,0.01612965588277126,0.11782916679394534,97.8108108108108
/Users/macbook/Documents/cassava-navigation-ai/data/extracted/data/images/valid/GOPR7503_JPG.rf.c414a85332918bbd44b9fac33b5a049d.jpg,valid,42,0.013629501000378548,0.12521107990798935,71.16666666666667
/Users/macbook/Documents/cassava-navigation-ai/data/extracted/data/images/valid/GOPR7505_JPG.rf.bdbb723333d98c4c1df7f96540030758.jpg,valid,34,0.01709162681065009,0.24653752643051124,102.61764705882354
/Users/macbook/Documents/cassava-navigation-ai/data/extracted/data/images/valid/GOPR7506_JPG.rf.9df55e73f5cbd64b3265fb3c3bf75c7c.jpg,valid,38,0.012460629742820344,0.09841770848632814,72.42105263157895
/Users/macbook/Documents/cassava-navigation-ai/data/extracted/data/images/valid/GOPR7509_JPG.rf.e74e20ffc203ee42f7fc705c95d0ace2.jpg,valid,61,0.009047656517978347,0.13978703813934326,67.52459016393442
/Users/macbook/Documents/cassava-navigation-ai/data/extracted/data/images/valid/GOPR7512_JPG.rf.c3de78d1bfaac13659264523498d7e54.jpg,valid,32,0.013571784084407807,0.11489166683789068,59.625
/Users/macbook/Documents/cassava-navigation-ai/data/extracted/data/images/valid/GOPR7524_JPG.rf.8ec45178f03dfb231fc9a40922831f03.jpg,valid,34,0.016094664990161697,0.1651293435775758,87.0
/Users/macbook/Documents/cassava-navigation-ai/data/extracted/data/images/valid/GOPR7526_JPG.rf.fed1c1481433146ef30d814586b538a3.jpg,valid,55,0.01135616589656206,0.18297195432052624,73.18181818181819
/Users/macbook/Documents/cassava-navigation-ai/data/extracted/data/images/valid/GOPR7543_JPG.rf.3d72eb5b1ee655b7076786951e3266ec.jpg,valid,34,0.015242445698592252,0.19106801354064953,100.70588235294117
/Users/macbook/Documents/cassava-navigation-ai/data/extracted/data/images/valid/GOPR7544_JPG.rf.17fb5df437080ff357a74721b722bcca.jpg,valid,46,0.011641129198489008,0.09035237634887706,99.69565217391305
/Users/macbook/Documents/cassava-navigation-ai/data/extracted/data/images/valid/GOPR7548_JPG.rf.d969bde128b086d9e622d2c776794900.jpg,valid,34,0.019992362495453775,0.1885299682304382,92.1470588235294
/Users/macbook/Documents/cassava-navigation-ai/data/extracted/data/images/valid/GOPR7550_JPG.rf.22db42081287f9b0f98e586138574ccd.jpg,valid,36,0.015584415858925707,0.15796407067871077,97.30555555555556
/Users/macbook/Documents/cassava-navigation-ai/data/extracted/data/images/valid/GOPR7553_JPG.rf.6b3ceaa496bd7ee56f9ea3e5e4245692.jpg,valid,41,0.012695583342756313,0.17157491045455933,62.048780487804876
/Users/macbook/Documents/cassava-navigation-ai/data/extracted/data/images/valid/GOPR7555_JPG.rf.be92f0b95a525d9e9a99e787c68794d3.jpg,valid,61,0.005867692288895911,0.19258880609741194,65.77049180327869
/Users/macbook/Documents/cassava-navigation-ai/data/extracted/data/images/valid/GOPR7564_JPG.rf.e44f4d70319457d8d0cd4cd7fde997f3.jpg,valid,46,0.012185941397521325,0.11326458311230472,81.6304347826087
/Users/macbook/Documents/cassava-navigation-ai/data/extracted/data/images/valid/GOPR7565_JPG.rf.81435b349cf1a715e7cdf4744e67516d.jpg,valid,38,0.013865755300562011,0.23182169597854613,95.02631578947368
/Users/macbook/Documents/cassava-navigation-ai/data/extracted/data/images/valid/GOPR7568_JPG.rf.8e988fff70e1ded5ee9b3256270ce99d.jpg,valid,45,0.010963050498529728,0.10763437497265621,66.0
/Users/macbook/Documents/cassava-navigation-ai/data/extracted/data/images/valid/GOPR7569_JPG.rf.6715e5f78680beb5ece996ce16b1061c.jpg,valid,28,0.02237760935062083,0.20405451456909182,114.78571428571429
/Users/macbook/Documents/cassava-navigation-ai/data/extracted/data/images/valid/GOPR7586_JPG.rf.1bb8c2d0cb84be2a98acf58a1c1d2ff8.jpg,valid,47,0.014410465311415674,0.42491785689544664,85.19148936170212
/Users/macbook/Documents/cassava-navigation-ai/data/extracted/data/images/valid/GOPR7588_JPG.rf.8897fd5f2d2f14cd14ebffbf46519ce6.jpg,valid,47,0.013461255006635956,0.41201146446685794,82.44680851063829
/Users/macbook/Documents/cassava-navigation-ai/data/extracted/data/images/valid/GOPR7598_JPG.rf.bc3528b07ca4d8cf5036444877fa7b4a.jpg,valid,36,0.0159584770409495,0.16618728636016844,102.11111111111111
/Users/macbook/Documents/cassava-navigation-ai/data/extracted/data/images/valid/GOPR7601_JPG.rf.6d5a2b8de0a38aa37382c85ad9311965.jpg,valid,25,0.026134215160440705,0.29463577272415203,139.6
/Users/macbook/Documents/cassava-navigation-ai/data/extracted/data/images/valid/GOPR7615_JPG.rf.2a66770d7a9d2d390d911d4592d5eed4.jpg,valid,17,0.028910917378279777,0.2826716104499818,159.2941176470588
/Users/macbook/Documents/cassava-navigation-ai/data/extracted/data/images/valid/GOPR7617_JPG.rf.29efaaca321c8e3b19113886766b3f24.jpg,valid,39,0.012843172766113287,0.2882626851081848,85.43589743589743
/Users/macbook/Documents/cassava-navigation-ai/data/extracted/data/images/valid/GOPR7621_JPG.rf.8c2377990baa611585ae0fbaed719d6a.jpg,valid,32,0.01429547213568402,0.15121459960556044,95.875
/Users/macbook/Documents/cassava-navigation-ai/data/extracted/data/images/valid/GOPR7628_JPG.rf.8928616ab6819650c0574026c9b90991.jpg,valid,45,0.01056745876795044,0.11801041672753908,67.4
/Users/macbook/Documents/cassava-navigation-ai/data/extracted/data/images/valid/GOPR7629_JPG.rf.40bdde2836b15aebcdffcd5f451ac921.jpg,valid,40,0.012465508768043525,0.14001337680129983,90.175
/Users/macbook/Documents/cassava-navigation-ai/data/extracted/data/images/valid/GOPR7635_JPG.rf.39a121584b019653783fe030406c7583.jpg,valid,25,0.026057009102532974,0.251986185684204,112.8
/Users/macbook/Documents/cassava-navigation-ai/data/extracted/data/images/valid/GOPR7636_JPG.rf.6137cf2d97bfc6dd22677ad972343788.jpg,valid,24,0.02134647567646028,0.11746851611785888,157.25
/Users/macbook/Documents/cassava-navigation-ai/data/extracted/data/images/valid/GOPR7646_JPG.rf.596e16904a9092df3acd1603030d62ae.jpg,valid,27,0.01840845268265226,0.2126490274780274,96.77777777777777
/Users/macbook/Documents/cassava-navigation-ai/data/extracted/data/images/valid/GOPR7659_JPG.rf.1302c6941146a4cebecc151f2712dfca.jpg,valid,22,0.029820586680603004,0.47573598216934193,132.72727272727272
/Users/macbook/Documents/cassava-navigation-ai/data/extracted/data/images/valid/GOPR7676_JPG.rf.04f15aed16563cac65e27d2ec46612bb.jpg,valid,35,0.013196659058391466,0.11497624713668823,79.57142857142857
/Users/macbook/Documents/cassava-navigation-ai/data/extracted/data/images/valid/GOPR7677_JPG.rf.bc564f99d96c34be06726f447c382e06.jpg,valid,30,0.017748544992230216,0.19481913250808702,99.9
/Users/macbook/Documents/cassava-navigation-ai/data/extracted/data/images/valid/GOPR7687_JPG.rf.877650e48109894b9d0ec09846ab033f.jpg,valid,37,0.011192206680612927,0.153828938585663,65.27027027027027
/Users/macbook/Documents/cassava-navigation-ai/data/extracted/data/images/valid/GOPR7689_JPG.rf.8b54cc2fa0629f671a55507a8c467a55.jpg,valid,46,0.009350079605572917,0.08736145831933592,70.91304347826087
/Users/macbook/Documents/cassava-navigation-ai/data/extracted/data/images/valid/GOPR7714_JPG.rf.8bee06fc086bd43326017d8aeacc2782.jpg,valid,39,0.012095168134431494,0.1402590416093751,62.84615384615385
/Users/macbook/Documents/cassava-navigation-ai/data/extracted/data/images/valid/GOPR7724_JPG.rf.5ce1c34a9895a8bc2dd82c888923223e.jpg,valid,35,0.015748180928063953,0.1582641600967405,89.0
/Users/macbook/Documents/cassava-navigation-ai/data/extracted/data/images/valid/GOPR7727_JPG.rf.d94cd24f80f734a647ecbf59e0d79014.jpg,valid,43,0.013362999733065583,0.13619270854785157,78.65116279069767
/Users/macbook/Documents/cassava-navigation-ai/data/extracted/data/images/valid/GOPR7731_JPG.rf.3f7c92e2f53dda85095b88b82e969dcc.jpg,valid,52,0.010958591897173962,0.11818645844042966,65.23076923076923
/Users/macbook/Documents/cassava-navigation-ai/data/extracted/data/images/valid/GOPR7735_JPG.rf.46198bce38600a2e11d76cd5719ca39c.jpg,valid,51,0.010157362073243399,0.11712604156738277,68.76470588235294
/Users/macbook/Documents/cassava-navigation-ai/data/extracted/data/images/valid/GOPR7740_JPG.rf.194994488efee4c9a0e0c8199ae2581b.jpg,valid,42,0.013199834522475478,0.24654642749862662,64.57142857142857
/Users/macbook/Documents/cassava-navigation-ai/data/extracted/data/images/valid/GOPR7742_JPG.rf.676f5a6251f9d0d219a9946c593790d4.jpg,valid,40,0.013400946297749317,0.24099858602752686,75.55
/Users/macbook/Documents/cassava-navigation-ai/data/extracted/data/images/valid/GOPR7760_JPG.rf.73277d819cb54a9871af42849872e219.jpg,valid,26,0.009244674288353575,0.11093393958358762,83.8076923076923
/Users/macbook/Documents/cassava-navigation-ai/data/extracted/data/images/valid/GOPR7761_JPG.rf.eaf4f5a1505f172d6a7db00baece6d19.jpg,valid,36,0.014333471171540142,0.12088267010421752,69.25
/Users/macbook/Documents/cassava-navigation-ai/data/extracted/data/images/valid/GOPR7764_JPG.rf.d2f02eb54e30e4f3c7fe8a1046a37746.jpg,valid,33,0.018321119214691133,0.15314610797882083,109.45454545454545
/Users/macbook/Documents/cassava-navigation-ai/data/extracted/data/images/valid/GOPR7768_JPG.rf.e4b334cf384e6e0dab5aa24bb420d7c0.jpg,valid,37,0.01411924499739116,0.17868550617141737,80.78378378378379
/Users/macbook/Documents/cassava-navigation-ai/data/extracted/data/images/valid/GOPR7775_JPG.rf.777c689ef1920b19631991338669d5be.jpg,valid,36,0.015618127718526213,0.09394999982128908,90.66666666666667
/Users/macbook/Documents/cassava-navigation-ai/data/extracted/data/images/valid/GOPR7777_JPG.rf.d35d55c4289408333cef174e04959475.jpg,valid,51,0.008717846635319146,0.10273854149999989,54.411764705882355
/Users/macbook/Documents/cassava-navigation-ai/data/extracted/data/images/valid/GOPR7781_JPG.rf.1d5a1bbf7edd6fd4ed48c3ac7f36f0d4.jpg,valid,28,0.01872941777839445,0.14510599771194482,81.10714285714286
/Users/macbook/Documents/cassava-navigation-ai/data/extracted/data/images/valid/GOPR7925_JPG.rf.ebee5a56c3525376a2e9798135f3b03a.jpg,valid,33,0.013125346663141425,0.21527608237152104,52.60606060606061
/Users/macbook/Documents/cassava-navigation-ai/data/extracted/data/images/valid/GOPR7937_JPG.rf.d71e3ee54111498d38368296a404ae0f.jpg,valid,27,0.01900273448775114,0.1086304167167968,84.4074074074074
/Users/macbook/Documents/cassava-navigation-ai/data/extracted/data/images/valid/GOPR7938_JPG.rf.4349f25a24b6a533ed20d8267a177838.jpg,valid,20,0.028674735918070998,0.14889653525161745,150.1
/Users/macbook/Documents/cassava-navigation-ai/data/extracted/data/images/valid/GOPR7941_JPG.rf.f5c8dcd71ecbe7550fb6f7a6cca4006a.jpg,valid,26,0.01502531488418111,0.07485834758758535,95.57692307692308
/Users/macbook/Documents/cassava-navigation-ai/data/extracted/data/images/valid/GOPR7951_JPG.rf.b4c7a95bdf3ea30987ec9e7b3e12eb92.jpg,valid,32,0.017361811327487937,0.17887624105834965,81.21875
/Users/macbook/Documents/cassava-navigation-ai/data/extracted/data/images/valid/GOPR7971_JPG.rf.1d21bf5a72fc5114c4f7f501b20ada53.jpg,valid,42,0.011435929167402718,0.09866460157318115,86.5
/Users/macbook/Documents/cassava-navigation-ai/data/extracted/data/images/valid/GOPR7978_JPG.rf.f531fd606de183c3893416c8e98145ed.jpg,valid,31,0.012177683048851745,0.1052385966087343,81.7741935483871
/Users/macbook/Documents/cassava-navigation-ai/data/extracted/data/images/valid/GOPR8009_JPG.rf.f21fe2403968dc22cf2ca41590f58808.jpg,valid,41,0.012095437403959696,0.15730158499603272,58.707317073170735
/Users/macbook/Documents/cassava-navigation-ai/data/extracted/data/images/valid/GOPR8027_JPG.rf.aa48623c26dad21f0361fb2237bb6033.jpg,valid,31,0.01934046092987454,0.1950632731086731,109.70967741935483
/Users/macbook/Documents/cassava-navigation-ai/data/extracted/data/images/valid/GOPR8051_JPG.rf.a09aca8d5aedb0c3cdc802066f957b02.jpg,valid,25,0.011275931386870133,0.11310104155078116,68.8
/Users/macbook/Documents/cassava-navigation-ai/data/extracted/data/images/valid/GOPR8056_JPG.rf.dbe18133286fec17c41d97aea6fab561.jpg,valid,24,0.009057264795015956,0.10850416670605466,78.16666666666667
/Users/macbook/Documents/cassava-navigation-ai/data/extracted/data/images/valid/GOPR8063_JPG.rf.2b5ed0135cc1652b6e7c70527cb30da9.jpg,valid,27,0.010958078419026705,0.09273854156542968,81.62962962962963
/Users/macbook/Documents/cassava-navigation-ai/data/extracted/data/images/valid/GOPR8064_JPG.rf.b36cdb7a6315aeee7268998ef6073b2a.jpg,valid,27,0.009987835701458945,0.0693656251347656,99.11111111111111
/Users/macbook/Documents/cassava-navigation-ai/data/extracted/data/images/valid/GOPR8067_JPG.rf.68a591062615e4207d3af53398a52f59.jpg,valid,21,0.01662472544403801,0.09187812501464848,64.47619047619048
/Users/macbook/Documents/cassava-navigation-ai/data/extracted/data/images/valid/GOPR8075_JPG.rf.0ea559da7f39a1171489465b9ed0f2f0.jpg,valid,26,0.016253878240385804,0.1827837627044677,101.42307692307692
/Users/macbook/Documents/cassava-navigation-ai/data/extracted/data/images/valid/GOPR8078_JPG.rf.eb23581aaab767e957504f0334098608.jpg,valid,54,0.008524276970226714,0.10238647463531508,69.64814814814815
/Users/macbook/Documents/cassava-navigation-ai/data/extracted/data/images/valid/GOPR8082_JPG.rf.b37d6f18bc10c8fa8baf83663583b244.jpg,valid,18,0.011830153286997507,0.08438110339965817,102.55555555555556
/Users/macbook/Documents/cassava-navigation-ai/data/extracted/data/images/valid/GOPR8087_JPG.rf.3e7f4ca415f6518a99928fdec39b3aef.jpg,valid,35,0.012131273432904934,0.09124062507617192,85.82857142857142
/Users/macbook/Documents/cassava-navigation-ai/data/extracted/data/images/valid/GOPR8090_JPG.rf.809f494d76e16d6caff800386fd94e5b.jpg,valid,34,0.013564177923470885,0.11512120562667844,78.0
/Users/macbook/Documents/cassava-navigation-ai/data/extracted/data/images/valid/GOPR8091_JPG.rf.a5fd016dc9311ebc04eb25afaf769742.jpg,valid,47,0.009025812848028301,0.071248958321289,81.53191489361703
