image_path,filename,split,width,height,aspect_ratio,format,file_size_bytes,colour_channels,mode,md5,duplicate_filename_count
/Users/macbook/Documents/cassava-navigation-ai/data/extracted/data/images/test/GOPR6990_JPG.rf.981d492fda6882d609385a301391b63f.jpg,GOPR6990_JPG.rf.981d492fda6882d609385a301391b63f.jpg,test,640,640,1.0,JPEG,112103,3,RGB,a3d1a4a1e279aeb0b1a839b39003aed1,1
/Users/macbook/Documents/cassava-navigation-ai/data/extracted/data/images/test/GOPR6991_JPG.rf.cb59b0e11e00ab6f2eb7dd2054ec6da4.jpg,GOPR6991_JPG.rf.cb59b0e11e00ab6f2eb7dd2054ec6da4.jpg,test,640,640,1.0,JPEG,114783,3,RGB,57019239cbaef484da982875f4054d80,1
/Users/macbook/Documents/cassava-navigation-ai/data/extracted/data/images/test/GOPR7003_JPG.rf.43bdcfeab63e1882f5cb3727ccc02748.jpg,GOPR7003_JPG.rf.43bdcfeab63e1882f5cb3727ccc02748.jpg,test,640,640,1.0,JPEG,134450,3,RGB,3396874b209e3508bd18cde1045ecb5b,1
/Users/macbook/Documents/cassava-navigation-ai/data/extracted/data/images/test/GOPR7027_JPG.rf.1df481618d254f05e42beadf1c757a8a.jpg,GOPR7027_JPG.rf.1df481618d254f05e42beadf1c757a8a.jpg,test,640,640,1.0,JPEG,123861,3,RGB,5615f48e833f3aa672e24cc4fd00773e,1
/Users/macbook/Documents/cassava-navigation-ai/data/extracted/data/images/test/GOPR7038_JPG.rf.6d574775ba9dace74383d2e30ac92c2e.jpg,GOPR7038_JPG.rf.6d574775ba9dace74383d2e30ac92c2e.jpg,test,640,640,1.0,JPEG,127604,3,RGB,1260414676391094c871d8e7cfbe0d22,1
/Users/macbook/Documents/cassava-navigation-ai/data/extracted/data/images/test/GOPR7047_JPG.rf.22e2c11645eea3412a64c44e96aa402c.jpg,GOPR7047_JPG.rf.22e2c11645eea3412a64c44e96aa402c.jpg,test,640,640,1.0,JPEG,118205,3,RGB,26e9f0fcf89107a16e76cf91cff59201,1
/Users/macbook/Documents/cassava-navigation-ai/data/extracted/data/images/test/GOPR7065_JPG.rf.65102403959d3c6a78490a220a21eec3.jpg,GOPR7065_JPG.rf.65102403959d3c6a78490a220a21eec3.jpg,test,640,640,1.0,JPEG,78777,3,RGB,61cc2a3b2868292d378cc889493f185d,1
/Users/macbook/Documents/cassava-navigation-ai/data/extracted/data/images/test/GOPR7076_JPG.rf.f5d7743a2fcb0d40d380ea72c58111f1.jpg,GOPR7076_JPG.rf.f5d7743a2fcb0d40d380ea72c58111f1.jpg,test,640,640,1.0,JPEG,115698,3,RGB,45916899da7d4444d86994afb3eef111,1
/Users/macbook/Documents/cassava-navigation-ai/data/extracted/data/images/test/GOPR7079_JPG.rf.747086eb07c0052b68a7da5227fa8cd8.jpg,GOPR7079_JPG.rf.747086eb07c0052b68a7da5227fa8cd8.jpg,test,640,640,1.0,JPEG,116653,3,RGB,6234416ccb1d0c7baaa390e91f2c7805,1
/Users/macbook/Documents/cassava-navigation-ai/data/extracted/data/images/test/GOPR7103_JPG.rf.8f18c01a3d31f4816845143a7b6e7b0f.jpg,GOPR7103_JPG.rf.8f18c01a3d31f4816845143a7b6e7b0f.jpg,test,640,640,1.0,JPEG,96980,3,RGB,e783ca4685089d381e33b3b6e8133d88,1
/Users/macbook/Documents/cassava-navigation-ai/data/extracted/data/images/test/GOPR7105_JPG.rf.4ec0bd3fd3b02bee57050f8055aa2350.jpg,GOPR7105_JPG.rf.4ec0bd3fd3b02bee57050f8055aa2350.jpg,test,640,640,1.0,JPEG,77424,3,RGB,4853b696bca79575fdc86b8fa89a88c2,1
/Users/macbook/Documents/cassava-navigation-ai/data/extracted/data/images/test/GOPR7106_JPG.rf.ef541873670cce948b81f5ecfabfbbab.jpg,GOPR7106_JPG.rf.ef541873670cce948b81f5ecfabfbbab.jpg,test,640,640,1.0,JPEG,91110,3,RGB,8d6249845f4626be67158ba4fd055ab3,1
/Users/macbook/Documents/cassava-navigation-ai/data/extracted/data/images/test/GOPR7107_JPG.rf.837dede8b85fa42c64c46407b379a4b3.jpg,GOPR7107_JPG.rf.837dede8b85fa42c64c46407b379a4b3.jpg,test,640,640,1.0,JPEG,122085,3,RGB,91fccc582208615cdd49f6aefd12f114,1
/Users/macbook/Documents/cassava-navigation-ai/data/extracted/data/images/test/GOPR7110_JPG.rf.5bff09629f25632f2953b2f2d781ee55.jpg,GOPR7110_JPG.rf.5bff09629f25632f2953b2f2d781ee55.jpg,test,640,640,1.0,JPEG,95576,3,RGB,e42dbedfd8a6e61eb145392a46424fb2,1
/Users/macbook/Documents/cassava-navigation-ai/data/extracted/data/images/test/GOPR7111_JPG.rf.f81e1a53315c53cfa2b7a4d7a3142ef9.jpg,GOPR7111_JPG.rf.f81e1a53315c53cfa2b7a4d7a3142ef9.jpg,test,640,640,1.0,JPEG,77115,3,RGB,ca02c245d97b41cf49b175d2cd16ee0c,1
/Users/macbook/Documents/cassava-navigation-ai/data/extracted/data/images/test/GOPR7121_JPG.rf.157fcd071b2b71551742b672c6823bb1.jpg,GOPR7121_JPG.rf.157fcd071b2b71551742b672c6823bb1.jpg,test,640,640,1.0,JPEG,126970,3,RGB,30a95472f4639e49125be441c877a831,1
/Users/macbook/Documents/cassava-navigation-ai/data/extracted/data/images/test/GOPR7131_JPG.rf.48326f9d972c6805fdc664d6c50fa7c7.jpg,GOPR7131_JPG.rf.48326f9d972c6805fdc664d6c50fa7c7.jpg,test,640,640,1.0,JPEG,97728,3,RGB,2a99b0af5159281e681270a2989f5b5a,1
/Users/macbook/Documents/cassava-navigation-ai/data/extracted/data/images/test/GOPR7150_JPG.rf.3c40207fb2543352203e9d6b69569757.jpg,GOPR7150_JPG.rf.3c40207fb2543352203e9d6b69569757.jpg,test,640,640,1.0,JPEG,104042,3,RGB,98d4c71ba615f100345011b773f3df7a,1
/Users/macbook/Documents/cassava-navigation-ai/data/extracted/data/images/test/GOPR7157_JPG.rf.1a41e514f4aacd2281fe747d2dc500d3.jpg,GOPR7157_JPG.rf.1a41e514f4aacd2281fe747d2dc500d3.jpg,test,640,640,1.0,JPEG,107380,3,RGB,e29e1212602a6f90107b63a3e0a3cdd3,1
/Users/macbook/Documents/cassava-navigation-ai/data/extracted/data/images/test/GOPR7171_JPG.rf.9878e5685b1c664556548d33e67702a2.jpg,GOPR7171_JPG.rf.9878e5685b1c664556548d33e67702a2.jpg,test,640,640,1.0,JPEG,139010,3,RGB,a4dfb90f97930257a54864e3bf956778,1
/Users/macbook/Documents/cassava-navigation-ai/data/extracted/data/images/test/GOPR7198_JPG.rf.f5b041032a4df1375ece55a5bda5f2a6.jpg,GOPR7198_JPG.rf.f5b041032a4df1375ece55a5bda5f2a6.jpg,test,640,640,1.0,JPEG,105195,3,RGB,844a7be9ac97f39a822149df5ed852c3,1
/Users/macbook/Documents/cassava-navigation-ai/data/extracted/data/images/test/GOPR7199_JPG.rf.b5a017ca32af35ebf45902454d357c8a.jpg,GOPR7199_JPG.rf.b5a017ca32af35ebf45902454d357c8a.jpg,test,640,640,1.0,JPEG,100157,3,RGB,ccc010a69eb51569903545c26e701cc0,1
/Users/macbook/Documents/cassava-navigation-ai/data/extracted/data/images/test/GOPR7201_JPG.rf.7810cd85a8ef07c67614929cd76ba8eb.jpg,GOPR7201_JPG.rf.7810cd85a8ef07c67614929cd76ba8eb.jpg,test,640,640,1.0,JPEG,136931,3,RGB,34e9ca4a28e3a665e98cc62da6645ffb,1
/Users/macbook/Documents/cassava-navigation-ai/data/extracted/data/images/test/GOPR7203_JPG.rf.4e250e1aea496a840cb6e456b54990c5.jpg,GOPR7203_JPG.rf.4e250e1aea496a840cb6e456b54990c5.jpg,test,640,640,1.0,JPEG,133095,3,RGB,00b4ff5294c156e82a06003a2c54b3d1,1
/Users/macbook/Documents/cassava-navigation-ai/data/extracted/data/images/test/GOPR7204_JPG.rf.6e9cc08153b47ad8e1e18b5c0e986283.jpg,GOPR7204_JPG.rf.6e9cc08153b47ad8e1e18b5c0e986283.jpg,test,640,640,1.0,JPEG,125480,3,RGB,e9cdb010fd01be53b3da016b4e5e41a7,1
/Users/macbook/Documents/cassava-navigation-ai/data/extracted/data/images/test/GOPR7222_JPG.rf.38efe68353f02d75b0a35bb00323f082.jpg,GOPR7222_JPG.rf.38efe68353f02d75b0a35bb00323f082.jpg,test,640,640,1.0,JPEG,108569,3,RGB,ab855c423056f2817254c4c90e955b81,1
/Users/macbook/Documents/cassava-navigation-ai/data/extracted/data/images/test/GOPR7236_JPG.rf.8901996bd6bafe025236dfe0958236c4.jpg,GOPR7236_JPG.rf.8901996bd6bafe025236dfe0958236c4.jpg,test,640,640,1.0,JPEG,83163,3,RGB,e8319d033a8f08c3ec49022cc58af69b,1
/Users/macbook/Documents/cassava-navigation-ai/data/extracted/data/images/test/GOPR7404_JPG.rf.f4e028cbe257d08cbcf91d74c53c340c.jpg,GOPR7404_JPG.rf.f4e028cbe257d08cbcf91d74c53c340c.jpg,test,640,640,1.0,JPEG,76489,3,RGB,059c6c795b18e9eedea1248cb8b7153f,1
/Users/macbook/Documents/cassava-navigation-ai/data/extracted/data/images/test/GOPR7433_JPG.rf.923b78ecd3dfdaeb6a74c0293245151b.jpg,GOPR7433_JPG.rf.923b78ecd3dfdaeb6a74c0293245151b.jpg,test,640,640,1.0,JPEG,118009,3,RGB,639960c0908451cc6d867e7eb472c325,1
/Users/macbook/Documents/cassava-navigation-ai/data/extracted/data/images/test/GOPR7435_JPG.rf.368e99207eadc2c6a59ed53776d67efa.jpg,GOPR7435_JPG.rf.368e99207eadc2c6a59ed53776d67efa.jpg,test,640,640,1.0,JPEG,118929,3,RGB,285324f997d9de6e262e0056ac8df08d,1
/Users/macbook/Documents/cassava-navigation-ai/data/extracted/data/images/test/GOPR7442_JPG.rf.21352063a977b496286acff68a3115f4.jpg,GOPR7442_JPG.rf.21352063a977b496286acff68a3115f4.jpg,test,640,640,1.0,JPEG,97436,3,RGB,96b4dcfa91fb894986926b1a0d58f206,1
/Users/macbook/Documents/cassava-navigation-ai/data/extracted/data/images/test/GOPR7445_JPG.rf.3448955b3f9a3c2c0860f8bc201d69ae.jpg,GOPR7445_JPG.rf.3448955b3f9a3c2c0860f8bc201d69ae.jpg,test,640,640,1.0,JPEG,143533,3,RGB,65b15af08a2d61bfc169b5bd2bde9560,1
/Users/macbook/Documents/cassava-navigation-ai/data/extracted/data/images/test/GOPR7467_JPG.rf.94a74d8267ac3a9a8864c36390fb3bc8.jpg,GOPR7467_JPG.rf.94a74d8267ac3a9a8864c36390fb3bc8.jpg,test,640,640,1.0,JPEG,124939,3,RGB,34346faa1db77a0c1e0c4b0a83be4a54,1
/Users/macbook/Documents/cassava-navigation-ai/data/extracted/data/images/test/GOPR7473_JPG.rf.d1167269b83c9b0a82786c3c16b2e45a.jpg,GOPR7473_JPG.rf.d1167269b83c9b0a82786c3c16b2e45a.jpg,test,640,640,1.0,JPEG,134544,3,RGB,5967d20cb60ba0e1b802156b3f1ce832,1
/Users/macbook/Documents/cassava-navigation-ai/data/extracted/data/images/test/GOPR7480_JPG.rf.accf1d4c556f2d5f0e98775b51b0b393.jpg,GOPR7480_JPG.rf.accf1d4c556f2d5f0e98775b51b0b393.jpg,test,640,640,1.0,JPEG,125782,3,RGB,38e76a037769bc92f03426dac14e54d0,1
/Users/macbook/Documents/cassava-navigation-ai/data/extracted/data/images/test/GOPR7513_JPG.rf.cedf4429a869c0413e08df7849a48daa.jpg,GOPR7513_JPG.rf.cedf4429a869c0413e08df7849a48daa.jpg,test,640,640,1.0,JPEG,118275,3,RGB,d0f7ea80854830f9d43c548174b0cee3,1
/Users/macbook/Documents/cassava-navigation-ai/data/extracted/data/images/test/GOPR7522_JPG.rf.c952162e49a551a0ffb4c22fb62936a4.jpg,GOPR7522_JPG.rf.c952162e49a551a0ffb4c22fb62936a4.jpg,test,640,640,1.0,JPEG,94648,3,RGB,8134e5ced53adac7e10f93b5d1d510c5,1
/Users/macbook/Documents/cassava-navigation-ai/data/extracted/data/images/test/GOPR7575_JPG.rf.d73ee11d0d309e0c77640b63c71ddd10.jpg,GOPR7575_JPG.rf.d73ee11d0d309e0c77640b63c71ddd10.jpg,test,640,640,1.0,JPEG,129654,3,RGB,0b32ce50f6b2a1d8836082d539f93834,1
/Users/macbook/Documents/cassava-navigation-ai/data/extracted/data/images/test/GOPR7584_JPG.rf.10425f8f083abad0dd9f99f814b48aa6.jpg,GOPR7584_JPG.rf.10425f8f083abad0dd9f99f814b48aa6.jpg,test,640,640,1.0,JPEG,127337,3,RGB,67e902f436ba63aaecd971e7ace58646,1
/Users/macbook/Documents/cassava-navigation-ai/data/extracted/data/images/test/GOPR7589_JPG.rf.9a1d3a8aedb1e1e2d89728e70f20bd57.jpg,GOPR7589_JPG.rf.9a1d3a8aedb1e1e2d89728e70f20bd57.jpg,test,640,640,1.0,JPEG,138542,3,RGB,1c5e51f24fe05fc546e8b1ddfc4f7a41,1
/Users/macbook/Documents/cassava-navigation-ai/data/extracted/data/images/test/GOPR7591_JPG.rf.be7f037035d6670f71399684ea72540a.jpg,GOPR7591_JPG.rf.be7f037035d6670f71399684ea72540a.jpg,test,640,640,1.0,JPEG,133131,3,RGB,4ed291523cc557c15490373ee65389b6,1
/Users/macbook/Documents/cassava-navigation-ai/data/extracted/data/images/test/GOPR7592_JPG.rf.c93ee7e40a2e7242a38625aba2c5fc1a.jpg,GOPR7592_JPG.rf.c93ee7e40a2e7242a38625aba2c5fc1a.jpg,test,640,640,1.0,JPEG,133213,3,RGB,0a117a5fb83fc7a24f610837ff3d8c5e,1
/Users/macbook/Documents/cassava-navigation-ai/data/extracted/data/images/test/GOPR7609_JPG.rf.974807910736fd35a6937b58087389f2.jpg,GOPR7609_JPG.rf.974807910736fd35a6937b58087389f2.jpg,test,640,640,1.0,JPEG,127023,3,RGB,f9c7440689115c6b61b780fa1268f03c,1
/Users/macbook/Documents/cassava-navigation-ai/data/extracted/data/images/test/GOPR7618_JPG.rf.2372dd50bfa69895bcb89df08b6b930e.jpg,GOPR7618_JPG.rf.2372dd50bfa69895bcb89df08b6b930e.jpg,test,640,640,1.0,JPEG,118509,3,RGB,4687de321072097c7ccbb6c6269bf3f7,1
/Users/macbook/Documents/cassava-navigation-ai/data/extracted/data/images/test/GOPR7658_JPG.rf.3ce41393255e2cb6e86579df63e62b2f.jpg,GOPR7658_JPG.rf.3ce41393255e2cb6e86579df63e62b2f.jpg,test,640,640,1.0,JPEG,139905,3,RGB,564f4dea28af574c095cd0a8a61c2cff,1
/Users/macbook/Documents/cassava-navigation-ai/data/extracted/data/images/test/GOPR7667_JPG.rf.70b30e77dd058b57656758359900c7ce.jpg,GOPR7667_JPG.rf.70b30e77dd058b57656758359900c7ce.jpg,test,640,640,1.0,JPEG,133741,3,RGB,2f8bec2eb850562b9fdc62d159c813ca,1
/Users/macbook/Documents/cassava-navigation-ai/data/extracted/data/images/test/GOPR7697_JPG.rf.1fe581f38ca88a6bed8eeaf4f6949e39.jpg,GOPR7697_JPG.rf.1fe581f38ca88a6bed8eeaf4f6949e39.jpg,test,640,640,1.0,JPEG,121455,3,RGB,fd1e3d150bff477b467a900514cf8808,1
/Users/macbook/Documents/cassava-navigation-ai/data/extracted/data/images/test/GOPR7717_JPG.rf.9a1a2860b68a775770f68b4b73a98920.jpg,GOPR7717_JPG.rf.9a1a2860b68a775770f68b4b73a98920.jpg,test,640,640,1.0,JPEG,133876,3,RGB,70074e786e3d9f313b78e642066fd034,1
/Users/macbook/Documents/cassava-navigation-ai/data/extracted/data/images/test/GOPR7733_JPG.rf.fbd947e34c38ab7c8aec8eee7212ea68.jpg,GOPR7733_JPG.rf.fbd947e34c38ab7c8aec8eee7212ea68.jpg,test,640,640,1.0,JPEG,138786,3,RGB,27bc36ab7c63f5abcfe36940f4ec9a51,1
/Users/macbook/Documents/cassava-navigation-ai/data/extracted/data/images/test/GOPR7734_JPG.rf.ecf5fd182735410b118ae20bae18f83a.jpg,GOPR7734_JPG.rf.ecf5fd182735410b118ae20bae18f83a.jpg,test,640,640,1.0,JPEG,119370,3,RGB,34b20b88d336646b14cccb795b4bf99d,1
/Users/macbook/Documents/cassava-navigation-ai/data/extracted/data/images/test/GOPR7736_JPG.rf.c22263a5ddc1598a6853b28779f4f79c.jpg,GOPR7736_JPG.rf.c22263a5ddc1598a6853b28779f4f79c.jpg,test,640,640,1.0,JPEG,116032,3,RGB,02fc2263ce1d0ec14af11ed18f514c09,1
/Users/macbook/Documents/cassava-navigation-ai/data/extracted/data/images/test/GOPR7741_JPG.rf.e1a86d9d5e37669ff29f0aaca483b986.jpg,GOPR7741_JPG.rf.e1a86d9d5e37669ff29f0aaca483b986.jpg,test,640,640,1.0,JPEG,118747,3,RGB,82f2d6f63be2686aaeb03dad40b9461d,1
/Users/macbook/Documents/cassava-navigation-ai/data/extracted/data/images/test/GOPR7743_JPG.rf.7a47d9b259ff6e87304cb39769b3dd6f.jpg,GOPR7743_JPG.rf.7a47d9b259ff6e87304cb39769b3dd6f.jpg,test,640,640,1.0,JPEG,121815,3,RGB,d0b0cb7f93b45d27c7b8413429861793,1
/Users/macbook/Documents/cassava-navigation-ai/data/extracted/data/images/test/GOPR7751_JPG.rf.a3712f56ed5a3aade3a01ebd8ca48ddb.jpg,GOPR7751_JPG.rf.a3712f56ed5a3aade3a01ebd8ca48ddb.jpg,test,640,640,1.0,JPEG,131846,3,RGB,484668013903423197bbc1edea35ec82,1
/Users/macbook/Documents/cassava-navigation-ai/data/extracted/data/images/test/GOPR7754_JPG.rf.8f80749e5b2bee700b92b52b90d4ff7b.jpg,GOPR7754_JPG.rf.8f80749e5b2bee700b92b52b90d4ff7b.jpg,test,640,640,1.0,JPEG,136020,3,RGB,0cb0cb87647ee5028375993f53e906f8,1
/Users/macbook/Documents/cassava-navigation-ai/data/extracted/data/images/test/GOPR7763_JPG.rf.7252cc97ff7a8e8e92ddbd9be7c67ae3.jpg,GOPR7763_JPG.rf.7252cc97ff7a8e8e92ddbd9be7c67ae3.jpg,test,640,640,1.0,JPEG,130325,3,RGB,5c75608c4dc9072aa340c6490c5958c8,1
/Users/macbook/Documents/cassava-navigation-ai/data/extracted/data/images/test/GOPR7772_JPG.rf.0dd57c34e4aaa85f96121d4030ebca69.jpg,GOPR7772_JPG.rf.0dd57c34e4aaa85f96121d4030ebca69.jpg,test,640,640,1.0,JPEG,136498,3,RGB,999d131d21765af93e32be6cfa71bcca,1
/Users/macbook/Documents/cassava-navigation-ai/data/extracted/data/images/test/GOPR7779_JPG.rf.a92e675e31caba5a70976cc2efd03acc.jpg,GOPR7779_JPG.rf.a92e675e31caba5a70976cc2efd03acc.jpg,test,640,640,1.0,JPEG,119388,3,RGB,7eec473fa340c046caabd61249eb27e1,1
/Users/macbook/Documents/cassava-navigation-ai/data/extracted/data/images/test/GOPR7782_JPG.rf.111fde41cafcfddc07fdac19ac0e06eb.jpg,GOPR7782_JPG.rf.111fde41cafcfddc07fdac19ac0e06eb.jpg,test,640,640,1.0,JPEG,131694,3,RGB,a94f92a0efe58074f49ebaf4496a626f,1
/Users/macbook/Documents/cassava-navigation-ai/data/extracted/data/images/test/GOPR7928_JPG.rf.1e60543514c743316d7c780d6dce837a.jpg,GOPR7928_JPG.rf.1e60543514c743316d7c780d6dce837a.jpg,test,640,640,1.0,JPEG,119458,3,RGB,8922137cbd6a2bc4f213d303b37ba9c9,1
/Users/macbook/Documents/cassava-navigation-ai/data/extracted/data/images/test/GOPR7949_JPG.rf.17a7470b9b42ba19d413b34da1b491c4.jpg,GOPR7949_JPG.rf.17a7470b9b42ba19d413b34da1b491c4.jpg,test,640,640,1.0,JPEG,126461,3,RGB,7a8ebdf3abc9a39f523105f77c538bee,1
/Users/macbook/Documents/cassava-navigation-ai/data/extracted/data/images/test/GOPR7954_JPG.rf.732562e8614bdd0b2fbe60c01cbb8cb6.jpg,GOPR7954_JPG.rf.732562e8614bdd0b2fbe60c01cbb8cb6.jpg,test,640,640,1.0,JPEG,118034,3,RGB,89a9e85f90ef2884a5860b25ed64c337,1
/Users/macbook/Documents/cassava-navigation-ai/data/extracted/data/images/test/GOPR7966_JPG.rf.732349384a1fef3177264c5c6915ee2a.jpg,GOPR7966_JPG.rf.732349384a1fef3177264c5c6915ee2a.jpg,test,640,640,1.0,JPEG,127974,3,RGB,1b130f2583f1f48eb46e6ee6ad23aec3,1
/Users/macbook/Documents/cassava-navigation-ai/data/extracted/data/images/test/GOPR7967_JPG.rf.2ac708c35b8fc8792575a6fbf0fba1a5.jpg,GOPR7967_JPG.rf.2ac708c35b8fc8792575a6fbf0fba1a5.jpg,test,640,640,1.0,JPEG,128405,3,RGB,28cc3aca81ba295e94ea2d75c2788092,1
/Users/macbook/Documents/cassava-navigation-ai/data/extracted/data/images/test/GOPR7969_JPG.rf.a9afa80277bb89b1724e0513695e4a4d.jpg,GOPR7969_JPG.rf.a9afa80277bb89b1724e0513695e4a4d.jpg,test,640,640,1.0,JPEG,105417,3,RGB,ffb16b18664cb8a8f9476cca24834410,1
/Users/macbook/Documents/cassava-navigation-ai/data/extracted/data/images/test/GOPR7990_JPG.rf.3afc2d47c4c82094041ca941c4e86d81.jpg,GOPR7990_JPG.rf.3afc2d47c4c82094041ca941c4e86d81.jpg,test,640,640,1.0,JPEG,106461,3,RGB,9851ddd8da886b155e7e03bb091637d4,1
/Users/macbook/Documents/cassava-navigation-ai/data/extracted/data/images/test/GOPR7994_JPG.rf.aae781adb7fec0c42a253a53203488aa.jpg,GOPR7994_JPG.rf.aae781adb7fec0c42a253a53203488aa.jpg,test,640,640,1.0,JPEG,108748,3,RGB,21cf7d5250aed829b3573208b094b06b,1
/Users/macbook/Documents/cassava-navigation-ai/data/extracted/data/images/test/GOPR7997_JPG.rf.2475f19c7a23fd56bed0b9163847a80d.jpg,GOPR7997_JPG.rf.2475f19c7a23fd56bed0b9163847a80d.jpg,test,640,640,1.0,JPEG,119661,3,RGB,a4d77be5ce0168443f3d8ca0a5a3e879,1
/Users/macbook/Documents/cassava-navigation-ai/data/extracted/data/images/test/GOPR8007_JPG.rf.d71c78b68e5cfe53b2b2103c0f611313.jpg,GOPR8007_JPG.rf.d71c78b68e5cfe53b2b2103c0f611313.jpg,test,640,640,1.0,JPEG,111077,3,RGB,10bcd01e3209871d9645dd58c5d6266c,1
/Users/macbook/Documents/cassava-navigation-ai/data/extracted/data/images/test/GOPR8025_JPG.rf.0de1da651f1ce651e1bc9ba5640862d9.jpg,GOPR8025_JPG.rf.0de1da651f1ce651e1bc9ba5640862d9.jpg,test,640,640,1.0,JPEG,141187,3,RGB,f51aafc34f68128c44baca3104842e5e,1
/Users/macbook/Documents/cassava-navigation-ai/data/extracted/data/images/test/GOPR8041_JPG.rf.b0542356347ee3464162f7ab3134fead.jpg,GOPR8041_JPG.rf.b0542356347ee3464162f7ab3134fead.jpg,test,640,640,1.0,JPEG,80966,3,RGB,c118d59c56e6f0617815c9add0650991,1
/Users/macbook/Documents/cassava-navigation-ai/data/extracted/data/images/test/GOPR8042_JPG.rf.8d3c7e37919d8b8fe4d098342a90c643.jpg,GOPR8042_JPG.rf.8d3c7e37919d8b8fe4d098342a90c643.jpg,test,640,640,1.0,JPEG,74091,3,RGB,75281311ab766290280ab8ac18bf026b,1
/Users/macbook/Documents/cassava-navigation-ai/data/extracted/data/images/test/GOPR8046_JPG.rf.bb22a88a3800c344b40ac23c34be335d.jpg,GOPR8046_JPG.rf.bb22a88a3800c344b40ac23c34be335d.jpg,test,640,640,1.0,JPEG,91178,3,RGB,d4bca4556c9cc0ed31abcc9529c509f4,1
/Users/macbook/Documents/cassava-navigation-ai/data/extracted/data/images/test/GOPR8047_JPG.rf.b2bf55e16f3c4fb8aaa13c08e9344419.jpg,GOPR8047_JPG.rf.b2bf55e16f3c4fb8aaa13c08e9344419.jpg,test,640,640,1.0,JPEG,102701,3,RGB,1dffd03e1fff52a645f781e74f1996c2,1
/Users/macbook/Documents/cassava-navigation-ai/data/extracted/data/images/test/GOPR8050_JPG.rf.53db4dd6b19860b63351cf84e687f2d0.jpg,GOPR8050_JPG.rf.53db4dd6b19860b63351cf84e687f2d0.jpg,test,640,640,1.0,JPEG,94856,3,RGB,77b6d5c96b1fc797a3695d1861b46088,1
/Users/macbook/Documents/cassava-navigation-ai/data/extracted/data/images/test/GOPR8053_JPG.rf.0e1a7b0957e00250feadf65cbbeca561.jpg,GOPR8053_JPG.rf.0e1a7b0957e00250feadf65cbbeca561.jpg,test,640,640,1.0,JPEG,72945,3,RGB,455825c9bbcc9837d1b3b67a8c97ab4e,1
/Users/macbook/Documents/cassava-navigation-ai/data/extracted/data/images/test/GOPR8055_JPG.rf.8f74dc129abeabec91c1b822aee4ceff.jpg,GOPR8055_JPG.rf.8f74dc129abeabec91c1b822aee4ceff.jpg,test,640,640,1.0,JPEG,99738,3,RGB,e2c045c343a678ef665431b86eadfbbe,1
/Users/macbook/Documents/cassava-navigation-ai/data/extracted/data/images/test/GOPR8060_JPG.rf.5eda558c9a1445d46c42bedf50417102.jpg,GOPR8060_JPG.rf.5eda558c9a1445d46c42bedf50417102.jpg,test,640,640,1.0,JPEG,87882,3,RGB,f7ea3a77441aae12106397b42a560265,1
/Users/macbook/Documents/cassava-navigation-ai/data/extracted/data/images/test/GOPR8069_JPG.rf.3b57df910df586e99297f69125731f51.jpg,GOPR8069_JPG.rf.3b57df910df586e99297f69125731f51.jpg,test,640,640,1.0,JPEG,75638,3,RGB,b5efecbca17d0c87e27e6d8d50a00ba7,1
/Users/macbook/Documents/cassava-navigation-ai/data/extracted/data/images/test/GOPR8071_JPG.rf.23cc4acdb86d2494a164a5d248efa73d.jpg,GOPR8071_JPG.rf.23cc4acdb86d2494a164a5d248efa73d.jpg,test,640,640,1.0,JPEG,83076,3,RGB,6016bd67cba5483e42c7ea75c80c1529,1
/Users/macbook/Documents/cassava-navigation-ai/data/extracted/data/images/train/.ipynb_checkpoints/G0217783_JPG.rf.9e12c20e7d137399b032d8da66ad7426-checkpoint.jpg,G0217783_JPG.rf.9e12c20e7d137399b032d8da66ad7426-checkpoint.jpg,train,640,640,1.0,JPEG,116112,3,RGB,ed2b0d696eb04c4d574ddcb0d48c100e,1
/Users/macbook/Documents/cassava-navigation-ai/data/extracted/data/images/train/G0216860_JPG.rf.8d8b00fcc87e497d0c220abd6ebb0026.jpg,G0216860_JPG.rf.8d8b00fcc87e497d0c220abd6ebb0026.jpg,train,640,640,1.0,JPEG,106482,3,RGB,0a57b1a5ced5a4f469cb7813e43144e1,1
/Users/macbook/Documents/cassava-navigation-ai/data/extracted/data/images/train/G0217783_JPG.rf.9e12c20e7d137399b032d8da66ad7426.jpg,G0217783_JPG.rf.9e12c20e7d137399b032d8da66ad7426.jpg,train,640,640,1.0,JPEG,116112,3,RGB,ed2b0d696eb04c4d574ddcb0d48c100e,1
/Users/macbook/Documents/cassava-navigation-ai/data/extracted/data/images/train/G0217910_JPG.rf.4a810acfebc8d5be5e8e129eb728c749.jpg,G0217910_JPG.rf.4a810acfebc8d5be5e8e129eb728c749.jpg,train,640,640,1.0,JPEG,61960,3,RGB,8e104777cad2cdac2e184c26edff2875,1
/Users/macbook/Documents/cassava-navigation-ai/data/extracted/data/images/train/G0226861_JPG.rf.93a12b09076f81b4efb3d27f2c47e501.jpg,G0226861_JPG.rf.93a12b09076f81b4efb3d27f2c47e501.jpg,train,640,640,1.0,JPEG,109661,3,RGB,26a15e90b3061731131de04d44102b40,1
/Users/macbook/Documents/cassava-navigation-ai/data/extracted/data/images/train/G0226881_JPG.rf.b66b7c18c2db50c8037425cb690305e3.jpg,G0226881_JPG.rf.b66b7c18c2db50c8037425cb690305e3.jpg,train,640,640,1.0,JPEG,117003,3,RGB,c0e4df48a4dacd170c17387353c33473,1
/Users/macbook/Documents/cassava-navigation-ai/data/extracted/data/images/train/G0226882_JPG.rf.fbf6f36e2818fc429ba87592e593c50f.jpg,G0226882_JPG.rf.fbf6f36e2818fc429ba87592e593c50f.jpg,train,640,640,1.0,JPEG,110812,3,RGB,07f9fdaf7b48e9f141d34d48ae6c567a,1
/Users/macbook/Documents/cassava-navigation-ai/data/extracted/data/images/train/G0257240_JPG.rf.24dc9730b3c02287669dc53fa50535a7.jpg,G0257240_JPG.rf.24dc9730b3c02287669dc53fa50535a7.jpg,train,640,640,1.0,JPEG,109515,3,RGB,1d7080d1036dda45a821cf266b94d1c9,1
/Users/macbook/Documents/cassava-navigation-ai/data/extracted/data/images/train/G0267268_JPG.rf.5af525d4a7c61c363367b927121d5de6.jpg,G0267268_JPG.rf.5af525d4a7c61c363367b927121d5de6.jpg,train,640,640,1.0,JPEG,129329,3,RGB,029543744396cbc6e08b9008f9561dca,1
/Users/macbook/Documents/cassava-navigation-ai/data/extracted/data/images/train/G0307388_JPG.rf.ac47238bae84927a867c8e3b1c332589.jpg,G0307388_JPG.rf.ac47238bae84927a867c8e3b1c332589.jpg,train,640,640,1.0,JPEG,124378,3,RGB,d4b6bd20af5783aec13b23633f596b20,1
/Users/macbook/Documents/cassava-navigation-ai/data/extracted/data/images/train/GOPR6951_JPG.rf.1d0e8c3588b97459a90993362e552523.jpg,GOPR6951_JPG.rf.1d0e8c3588b97459a90993362e552523.jpg,train,640,640,1.0,JPEG,119906,3,RGB,ccd7dc06b299cdb4564bfdbd8337703c,1
/Users/macbook/Documents/cassava-navigation-ai/data/extracted/data/images/train/GOPR6952_JPG.rf.44ae913ae976f6fae8f9273c4d7675d0.jpg,GOPR6952_JPG.rf.44ae913ae976f6fae8f9273c4d7675d0.jpg,train,640,640,1.0,JPEG,123078,3,RGB,1e0659abeedefaa1d615d8fa7295f353,1
/Users/macbook/Documents/cassava-navigation-ai/data/extracted/data/images/train/GOPR6953_JPG.rf.30e6c7ce339226caae823979ce6edb23.jpg,GOPR6953_JPG.rf.30e6c7ce339226caae823979ce6edb23.jpg,train,640,640,1.0,JPEG,122464,3,RGB,e3d8d5549412a8af37ef28430cbd5fb1,1
/Users/macbook/Documents/cassava-navigation-ai/data/extracted/data/images/train/GOPR6956_JPG.rf.984fc9d73497367f16cca84d6ec6841f.jpg,GOPR6956_JPG.rf.984fc9d73497367f16cca84d6ec6841f.jpg,train,640,640,1.0,JPEG,119805,3,RGB,0b6d04054c66c86981df705df379098f,1
/Users/macbook/Documents/cassava-navigation-ai/data/extracted/data/images/train/GOPR6957_JPG.rf.28190dae94a271f9ae38f5d5a83114e2.jpg,GOPR6957_JPG.rf.28190dae94a271f9ae38f5d5a83114e2.jpg,train,640,640,1.0,JPEG,114017,3,RGB,c5709e54d19f6286199210389679d402,1
/Users/macbook/Documents/cassava-navigation-ai/data/extracted/data/images/train/GOPR6958_JPG.rf.d3e627012967a908d4c34f6882dc35c1.jpg,GOPR6958_JPG.rf.d3e627012967a908d4c34f6882dc35c1.jpg,train,640,640,1.0,JPEG,124991,3,RGB,f532da0ab76cba0cbf26f3df36af3b9c,1
/Users/macbook/Documents/cassava-navigation-ai/data/extracted/data/images/train/GOPR6959_JPG.rf.7becd467cca6a08a56049157123965b4.jpg,GOPR6959_JPG.rf.7becd467cca6a08a56049157123965b4.jpg,train,640,640,1.0,JPEG,126662,3,RGB,0a0983acb3136bc55db8145e680a6626,1
/Users/macbook/Documents/cassava-navigation-ai/data/extracted/data/images/train/GOPR6961_JPG.rf.c6df1e0602a8c2fd64e014c3facd4a2c.jpg,GOPR6961_JPG.rf.c6df1e0602a8c2fd64e014c3facd4a2c.jpg,train,640,640,1.0,JPEG,132706,3,RGB,e6bd948fb9f1b3abe3ade07e868d8e5e,1
/Users/macbook/Documents/cassava-navigation-ai/data/extracted/data/images/train/GOPR6962_JPG.rf.6b5bc3fa1515878b6a83fc1719e7177e.jpg,GOPR6962_JPG.rf.6b5bc3fa1515878b6a83fc1719e7177e.jpg,train,640,640,1.0,JPEG,138770,3,RGB,a7a6d2af09294c050e5ba582a7fcecf4,1
/Users/macbook/Documents/cassava-navigation-ai/data/extracted/data/images/train/GOPR6963_JPG.rf.3a59fb26b1335c88445bcf6dcec2ae56.jpg,GOPR6963_JPG.rf.3a59fb26b1335c88445bcf6dcec2ae56.jpg,train,640,640,1.0,JPEG,130257,3,RGB,51b9ed77358961eb5df6a565c8c9aa3b,1
/Users/macbook/Documents/cassava-navigation-ai/data/extracted/data/images/train/GOPR6964_JPG.rf.fad5d0ac52ebca6253dfb0269d2e9ff7.jpg,GOPR6964_JPG.rf.fad5d0ac52ebca6253dfb0269d2e9ff7.jpg,train,640,640,1.0,JPEG,129573,3,RGB,b350adc88357cde077f166de95e7fd3c,1
/Users/macbook/Documents/cassava-navigation-ai/data/extracted/data/images/train/GOPR6965_JPG.rf.c4266913f8d15608f8bcf34b552c2936.jpg,GOPR6965_JPG.rf.c4266913f8d15608f8bcf34b552c2936.jpg,train,640,640,1.0,JPEG,136341,3,RGB,496e6e9c2a90af75fe23e76bb7d50533,1
/Users/macbook/Documents/cassava-navigation-ai/data/extracted/data/images/train/GOPR6966_JPG.rf.a5c73b681a01389033694016e8e0f3a4.jpg,GOPR6966_JPG.rf.a5c73b681a01389033694016e8e0f3a4.jpg,train,640,640,1.0,JPEG,146560,3,RGB,0404493561bddb71fc73a160ff74bccb,1
/Users/macbook/Documents/cassava-navigation-ai/data/extracted/data/images/train/GOPR6967_JPG.rf.3603097bfef88cfc75b78de744fbb4ac.jpg,GOPR6967_JPG.rf.3603097bfef88cfc75b78de744fbb4ac.jpg,train,640,640,1.0,JPEG,139142,3,RGB,d6e130be96a782d789dcc76feebdf3ce,1
/Users/macbook/Documents/cassava-navigation-ai/data/extracted/data/images/train/GOPR6969_JPG.rf.c63ddb2af9fa3333cb30536915e6fc08.jpg,GOPR6969_JPG.rf.c63ddb2af9fa3333cb30536915e6fc08.jpg,train,640,640,1.0,JPEG,123743,3,RGB,8177e42ee65af1a73be70b743e101896,1
/Users/macbook/Documents/cassava-navigation-ai/data/extracted/data/images/train/GOPR6970_JPG.rf.21e8d67c55124b56e94bf8d6f4d823e1.jpg,GOPR6970_JPG.rf.21e8d67c55124b56e94bf8d6f4d823e1.jpg,train,640,640,1.0,JPEG,122692,3,RGB,2b4bed0b98b2bc497a0e19cc8ca975fd,1
/Users/macbook/Documents/cassava-navigation-ai/data/extracted/data/images/train/GOPR6971_JPG.rf.4224c988473f6ee9fc43cc60f6442769.jpg,GOPR6971_JPG.rf.4224c988473f6ee9fc43cc60f6442769.jpg,train,640,640,1.0,JPEG,113699,3,RGB,98bf437f5aa3a8d6a798d7fd73eaa744,1
/Users/macbook/Documents/cassava-navigation-ai/data/extracted/data/images/train/GOPR6972_JPG.rf.d44ee918696b388d2a82c183ac2d51b7.jpg,GOPR6972_JPG.rf.d44ee918696b388d2a82c183ac2d51b7.jpg,train,640,640,1.0,JPEG,129893,3,RGB,c1f674277e446b5eb7866dac5222ee2d,1
/Users/macbook/Documents/cassava-navigation-ai/data/extracted/data/images/train/GOPR6973_JPG.rf.c4911f22ccb3474671035d4949f137a7.jpg,GOPR6973_JPG.rf.c4911f22ccb3474671035d4949f137a7.jpg,train,640,640,1.0,JPEG,107834,3,RGB,8129f03b2e6799f196b2ba745416cb0d,1
/Users/macbook/Documents/cassava-navigation-ai/data/extracted/data/images/train/GOPR6974_JPG.rf.6b2917175702bda70da1606ff001eff0.jpg,GOPR6974_JPG.rf.6b2917175702bda70da1606ff001eff0.jpg,train,640,640,1.0,JPEG,115419,3,RGB,dbcb389e5d978a8aa91d3bb91e4eac39,1
/Users/macbook/Documents/cassava-navigation-ai/data/extracted/data/images/train/GOPR6975_JPG.rf.d6b3bdebf1532cd14e8213905ad0a116.jpg,GOPR6975_JPG.rf.d6b3bdebf1532cd14e8213905ad0a116.jpg,train,640,640,1.0,JPEG,127722,3,RGB,e0109dce2ed260057a51e4fa45f9cb92,1
/Users/macbook/Documents/cassava-navigation-ai/data/extracted/data/images/train/GOPR6977_JPG.rf.e4c83d726ebb41d972b791d965dd23fd.jpg,GOPR6977_JPG.rf.e4c83d726ebb41d972b791d965dd23fd.jpg,train,640,640,1.0,JPEG,117635,3,RGB,119a69c14e3f71b8ee724b53024fdd64,1
/Users/macbook/Documents/cassava-navigation-ai/data/extracted/data/images/train/GOPR6978_JPG.rf.726c51933ea10398a3cf9936008bfc1a.jpg,GOPR6978_JPG.rf.726c51933ea10398a3cf9936008bfc1a.jpg,train,640,640,1.0,JPEG,113195,3,RGB,a551d67d56e7bee7b4c2f1c33e24355f,1
/Users/macbook/Documents/cassava-navigation-ai/data/extracted/data/images/train/GOPR6979_JPG.rf.b8d9076885e72d654ef628136f626345.jpg,GOPR6979_JPG.rf.b8d9076885e72d654ef628136f626345.jpg,train,640,640,1.0,JPEG,117221,3,RGB,a14abbb82c363a1147b42821c5e3d9ff,1
/Users/macbook/Documents/cassava-navigation-ai/data/extracted/data/images/train/GOPR6980_JPG.rf.3e48f5a0fdd96e7206adc07b3698c19a.jpg,GOPR6980_JPG.rf.3e48f5a0fdd96e7206adc07b3698c19a.jpg,train,640,640,1.0,JPEG,110498,3,RGB,42b972e922f518a84078a89d2faa9751,1
/Users/macbook/Documents/cassava-navigation-ai/data/extracted/data/images/train/GOPR6981_JPG.rf.0349d8eef69da6631163f5956562bef0.jpg,GOPR6981_JPG.rf.0349d8eef69da6631163f5956562bef0.jpg,train,640,640,1.0,JPEG,109240,3,RGB,395fcb97e9c195064be395c48707fcfa,1
/Users/macbook/Documents/cassava-navigation-ai/data/extracted/data/images/train/GOPR6982_JPG.rf.eeb30c2966d650ca32909617b839f3ff.jpg,GOPR6982_JPG.rf.eeb30c2966d650ca32909617b839f3ff.jpg,train,640,640,1.0,JPEG,102307,3,RGB,af8a74bd3ae87d84f3559822ffc494f3,1
/Users/macbook/Documents/cassava-navigation-ai/data/extracted/data/images/train/GOPR6983_JPG.rf.0dfa775780f34edbfe9820c80df67ee7.jpg,GOPR6983_JPG.rf.0dfa775780f34edbfe9820c80df67ee7.jpg,train,640,640,1.0,JPEG,106148,3,RGB,9b2e23874844ae15131da46c28500534,1
/Users/macbook/Documents/cassava-navigation-ai/data/extracted/data/images/train/GOPR6984_JPG.rf.4a69e2642278c59069b0c15b0d9be31d.jpg,GOPR6984_JPG.rf.4a69e2642278c59069b0c15b0d9be31d.jpg,train,640,640,1.0,JPEG,113767,3,RGB,8691a5a52363d14f5863445df8540002,1
/Users/macbook/Documents/cassava-navigation-ai/data/extracted/data/images/train/GOPR6985_JPG.rf.b8cc100fadb4c6c7ab3eeb637e6e651b.jpg,GOPR6985_JPG.rf.b8cc100fadb4c6c7ab3eeb637e6e651b.jpg,train,640,640,1.0,JPEG,96116,3,RGB,aed738d88be7bf1dd2cda41da2caabaf,1
/Users/macbook/Documents/cassava-navigation-ai/data/extracted/data/images/train/GOPR6986_JPG.rf.5d99b5e86c70054add315ebd6c878e09.jpg,GOPR6986_JPG.rf.5d99b5e86c70054add315ebd6c878e09.jpg,train,640,640,1.0,JPEG,123913,3,RGB,7f83fe36ba7e7ea2e01ebc00d5cf1dca,1
/Users/macbook/Documents/cassava-navigation-ai/data/extracted/data/images/train/GOPR6987_JPG.rf.5be947fe8e9f59b7ea74738dfa342975.jpg,GOPR6987_JPG.rf.5be947fe8e9f59b7ea74738dfa342975.jpg,train,640,640,1.0,JPEG,131995,3,RGB,93b77e3c940dd2e9ece4775bca3a13f5,1
/Users/macbook/Documents/cassava-navigation-ai/data/extracted/data/images/train/GOPR6988_JPG.rf.2d40ce23fd33c62fd5f3fac97d999e9f.jpg,GOPR6988_JPG.rf.2d40ce23fd33c62fd5f3fac97d999e9f.jpg,train,640,640,1.0,JPEG,129639,3,RGB,529e05f76c4f07be77f344fb3ba77fd9,1
/Users/macbook/Documents/cassava-navigation-ai/data/extracted/data/images/train/GOPR6989_JPG.rf.955e4c864664d94c50040e4fe2cad60e.jpg,GOPR6989_JPG.rf.955e4c864664d94c50040e4fe2cad60e.jpg,train,640,640,1.0,JPEG,110747,3,RGB,ee8e232682c9a6c7e50d97e74c10dd09,1
/Users/macbook/Documents/cassava-navigation-ai/data/extracted/data/images/train/GOPR6992_JPG.rf.30329cccafb3dd84ebcc8235ec51e828.jpg,GOPR6992_JPG.rf.30329cccafb3dd84ebcc8235ec51e828.jpg,train,640,640,1.0,JPEG,97996,3,RGB,da93682c38fe8da9e0282ddaf09a82ba,1
/Users/macbook/Documents/cassava-navigation-ai/data/extracted/data/images/train/GOPR6993_JPG.rf.fedf7429d1a8134450db180228d8c040.jpg,GOPR6993_JPG.rf.fedf7429d1a8134450db180228d8c040.jpg,train,640,640,1.0,JPEG,116933,3,RGB,c5947356a014a510ac6649da84b8f38c,1
/Users/macbook/Documents/cassava-navigation-ai/data/extracted/data/images/train/GOPR6994_JPG.rf.0f4ca9b7b0414fbe0168af011641bae8.jpg,GOPR6994_JPG.rf.0f4ca9b7b0414fbe0168af011641bae8.jpg,train,640,640,1.0,JPEG,127936,3,RGB,82dc3e85245bad8cd7f9088fc929520c,1
/Users/macbook/Documents/cassava-navigation-ai/data/extracted/data/images/train/GOPR6995_JPG.rf.75e400f3581b13cb13a2c3622db7145a.jpg,GOPR6995_JPG.rf.75e400f3581b13cb13a2c3622db7145a.jpg,train,640,640,1.0,JPEG,111634,3,RGB,e88fd52eb65214ee0522e2a984a4248d,1
/Users/macbook/Documents/cassava-navigation-ai/data/extracted/data/images/train/GOPR6996_JPG.rf.2a90b8830f0388aa855cd7639230e40b.jpg,GOPR6996_JPG.rf.2a90b8830f0388aa855cd7639230e40b.jpg,train,640,640,1.0,JPEG,100612,3,RGB,fd1ee6be86782daa35bf18255cc6f1df,1
/Users/macbook/Documents/cassava-navigation-ai/data/extracted/data/images/train/GOPR7000_JPG.rf.92614340fac3d443ee62f3ec16e31fbd.jpg,GOPR7000_JPG.rf.92614340fac3d443ee62f3ec16e31fbd.jpg,train,640,640,1.0,JPEG,97640,3,RGB,62737a6db3d56c927c7468df222863fa,1
/Users/macbook/Documents/cassava-navigation-ai/data/extracted/data/images/train/GOPR7001_JPG.rf.0e87616090e86d7fdd9db33d2bf0d9cc.jpg,GOPR7001_JPG.rf.0e87616090e86d7fdd9db33d2bf0d9cc.jpg,train,640,640,1.0,JPEG,134337,3,RGB,d743d61f493c6e661453740ff9cfdb9c,1
/Users/macbook/Documents/cassava-navigation-ai/data/extracted/data/images/train/GOPR7002_JPG.rf.78d61f86e504390a4b646c6c29d1f7b5.jpg,GOPR7002_JPG.rf.78d61f86e504390a4b646c6c29d1f7b5.jpg,train,640,640,1.0,JPEG,140402,3,RGB,b6896916e778c382d8b2ff37de27faf2,1
/Users/macbook/Documents/cassava-navigation-ai/data/extracted/data/images/train/GOPR7005_JPG.rf.9407d35c5f412119412d7fbf9d1b7d70.jpg,GOPR7005_JPG.rf.9407d35c5f412119412d7fbf9d1b7d70.jpg,train,640,640,1.0,JPEG,123436,3,RGB,88be2b4bdf19bd3dd07ea0b8850cc093,1
/Users/macbook/Documents/cassava-navigation-ai/data/extracted/data/images/train/GOPR7006_JPG.rf.0a49e35bfe73ba391b98e4be2482bc2e.jpg,GOPR7006_JPG.rf.0a49e35bfe73ba391b98e4be2482bc2e.jpg,train,640,640,1.0,JPEG,110201,3,RGB,7f51c793bbec313d29937b7b0ebd46f5,1
/Users/macbook/Documents/cassava-navigation-ai/data/extracted/data/images/train/GOPR7007_JPG.rf.87f2fdde7d95db271fac501656c35c26.jpg,GOPR7007_JPG.rf.87f2fdde7d95db271fac501656c35c26.jpg,train,640,640,1.0,JPEG,125532,3,RGB,0fd2825fa4eeb872a53bbfdba9137c77,1
/Users/macbook/Documents/cassava-navigation-ai/data/extracted/data/images/train/GOPR7009_JPG.rf.6671d36d2e4fc38457bb851d64d8b183.jpg,GOPR7009_JPG.rf.6671d36d2e4fc38457bb851d64d8b183.jpg,train,640,640,1.0,JPEG,121981,3,RGB,d701fe4131ce723e86d876e872befe5c,1
/Users/macbook/Documents/cassava-navigation-ai/data/extracted/data/images/train/GOPR7010_JPG.rf.51fec8f9edcdf7555e225588a9b40a55.jpg,GOPR7010_JPG.rf.51fec8f9edcdf7555e225588a9b40a55.jpg,train,640,640,1.0,JPEG,137307,3,RGB,6a61228da28e5b55330cecbd2ebfb851,1
/Users/macbook/Documents/cassava-navigation-ai/data/extracted/data/images/train/GOPR7011_JPG.rf.a699d1747e8e481c227bb524f56d90a1.jpg,GOPR7011_JPG.rf.a699d1747e8e481c227bb524f56d90a1.jpg,train,640,640,1.0,JPEG,138386,3,RGB,f87f5e5338447880663f1bd8c3113bec,1
/Users/macbook/Documents/cassava-navigation-ai/data/extracted/data/images/train/GOPR7012_JPG.rf.863e4e9f1657fc9643488bdbb17b7446.jpg,GOPR7012_JPG.rf.863e4e9f1657fc9643488bdbb17b7446.jpg,train,640,640,1.0,JPEG,130455,3,RGB,b9f9e33edc34490bebbab93b7bb0c854,1
/Users/macbook/Documents/cassava-navigation-ai/data/extracted/data/images/train/GOPR7016_JPG.rf.4ccab17c6b84914ec7edc752bdc3a888.jpg,GOPR7016_JPG.rf.4ccab17c6b84914ec7edc752bdc3a888.jpg,train,640,640,1.0,JPEG,121697,3,RGB,af82833a0155b11f6b8ea209e0fc1ff7,1
/Users/macbook/Documents/cassava-navigation-ai/data/extracted/data/images/train/GOPR7017_JPG.rf.2485fe083c30f60bbdda856bbf2a4125.jpg,GOPR7017_JPG.rf.2485fe083c30f60bbdda856bbf2a4125.jpg,train,640,640,1.0,JPEG,124682,3,RGB,8cc7d54c7112d227bbe3087ed2b7b4d0,1
/Users/macbook/Documents/cassava-navigation-ai/data/extracted/data/images/train/GOPR7018_JPG.rf.df048b6d7d298fd98c7c213176d27ffa.jpg,GOPR7018_JPG.rf.df048b6d7d298fd98c7c213176d27ffa.jpg,train,640,640,1.0,JPEG,127420,3,RGB,e3a47d590fb16671fd7d9616d86642ea,1
/Users/macbook/Documents/cassava-navigation-ai/data/extracted/data/images/train/GOPR7019_JPG.rf.1b70651f7208cefd8e426345b8d92359.jpg,GOPR7019_JPG.rf.1b70651f7208cefd8e426345b8d92359.jpg,train,640,640,1.0,JPEG,115750,3,RGB,a76af56a42f3afb965287d96755528bf,1
/Users/macbook/Documents/cassava-navigation-ai/data/extracted/data/images/train/GOPR7021_JPG.rf.b505d95b21020840d3f4d4701c83d49e.jpg,GOPR7021_JPG.rf.b505d95b21020840d3f4d4701c83d49e.jpg,train,640,640,1.0,JPEG,120385,3,RGB,5cc922ac794720c71012cecb56402724,1
/Users/macbook/Documents/cassava-navigation-ai/data/extracted/data/images/train/GOPR7022_JPG.rf.6cc4e6305e47b0391e456c2cd60c628c.jpg,GOPR7022_JPG.rf.6cc4e6305e47b0391e456c2cd60c628c.jpg,train,640,640,1.0,JPEG,114115,3,RGB,16812196e03b65e088f87a26f8202721,1
/Users/macbook/Documents/cassava-navigation-ai/data/extracted/data/images/train/GOPR7025_JPG.rf.1e4f09c0bcd97ad17b47cfcdcac96e8a.jpg,GOPR7025_JPG.rf.1e4f09c0bcd97ad17b47cfcdcac96e8a.jpg,train,640,640,1.0,JPEG,125294,3,RGB,477c4614d848e62d7e07c05518c4436b,1
/Users/macbook/Documents/cassava-navigation-ai/data/extracted/data/images/train/GOPR7026_JPG.rf.faffa7c0dbf2ca82b7dec5e49e8f069d.jpg,GOPR7026_JPG.rf.faffa7c0dbf2ca82b7dec5e49e8f069d.jpg,train,640,640,1.0,JPEG,103588,3,RGB,b8afc4edf87a80591f12dc054c7ce116,1
/Users/macbook/Documents/cassava-navigation-ai/data/extracted/data/images/train/GOPR7028_JPG.rf.0a6b1fbab60b3e5ab89bed4d1b4f1b75.jpg,GOPR7028_JPG.rf.0a6b1fbab60b3e5ab89bed4d1b4f1b75.jpg,train,640,640,1.0,JPEG,91286,3,RGB,d7aab5a67d59c90cd348efd60bb79a71,1
/Users/macbook/Documents/cassava-navigation-ai/data/extracted/data/images/train/GOPR7029_JPG.rf.57dc251f53bff7a625b1866891eee5ec.jpg,GOPR7029_JPG.rf.57dc251f53bff7a625b1866891eee5ec.jpg,train,640,640,1.0,JPEG,115771,3,RGB,3c7e85c1cc6d1cf9365b0a484c3f5f63,1
/Users/macbook/Documents/cassava-navigation-ai/data/extracted/data/images/train/GOPR7030_JPG.rf.067a8a3d613d30991bd0db5638c69ef0.jpg,GOPR7030_JPG.rf.067a8a3d613d30991bd0db5638c69ef0.jpg,train,640,640,1.0,JPEG,109503,3,RGB,bafe59af95ae555ab64937523283f69a,1
/Users/macbook/Documents/cassava-navigation-ai/data/extracted/data/images/train/GOPR7031_JPG.rf.43bc7fbc5e560223d4e826d239a8b3c2.jpg,GOPR7031_JPG.rf.43bc7fbc5e560223d4e826d239a8b3c2.jpg,train,640,640,1.0,JPEG,134966,3,RGB,4160b756df1dde10fb8b051fe6155a8a,1
/Users/macbook/Documents/cassava-navigation-ai/data/extracted/data/images/train/GOPR7032_JPG.rf.abe0fb2a21f227d8c00c93827ed8d8c7.jpg,GOPR7032_JPG.rf.abe0fb2a21f227d8c00c93827ed8d8c7.jpg,train,640,640,1.0,JPEG,135883,3,RGB,3566b0fbb31ebd9711c141e371bf7647,1
/Users/macbook/Documents/cassava-navigation-ai/data/extracted/data/images/train/GOPR7033_JPG.rf.532434b6e7a335c170c6f97cb141b669.jpg,GOPR7033_JPG.rf.532434b6e7a335c170c6f97cb141b669.jpg,train,640,640,1.0,JPEG,138196,3,RGB,32dcaf3b9cc4202828e8c3abccb9c2b9,1
/Users/macbook/Documents/cassava-navigation-ai/data/extracted/data/images/train/GOPR7034_JPG.rf.4370a6ba6a65cc097a2978d8474cb739.jpg,GOPR7034_JPG.rf.4370a6ba6a65cc097a2978d8474cb739.jpg,train,640,640,1.0,JPEG,137765,3,RGB,2d512eb637c15441a5aca65f49090dd3,1
/Users/macbook/Documents/cassava-navigation-ai/data/extracted/data/images/train/GOPR7035_JPG.rf.d24840abb95d9ba3d32b6d9ee2484ec3.jpg,GOPR7035_JPG.rf.d24840abb95d9ba3d32b6d9ee2484ec3.jpg,train,640,640,1.0,JPEG,102973,3,RGB,8fbf7fbaf94477acaf5d3da5183d6531,1
/Users/macbook/Documents/cassava-navigation-ai/data/extracted/data/images/train/GOPR7036_JPG.rf.1653bd44006752f8856d034eeff3c512.jpg,GOPR7036_JPG.rf.1653bd44006752f8856d034eeff3c512.jpg,train,640,640,1.0,JPEG,96673,3,RGB,83719588ecb5db54a2b41e37f752cf18,1
/Users/macbook/Documents/cassava-navigation-ai/data/extracted/data/images/train/GOPR7037_JPG.rf.30a76ab802b5fa60fb3fa020352d9b79.jpg,GOPR7037_JPG.rf.30a76ab802b5fa60fb3fa020352d9b79.jpg,train,640,640,1.0,JPEG,99386,3,RGB,d7bbffaff6bd2ea5ef4e134212d168b3,1
/Users/macbook/Documents/cassava-navigation-ai/data/extracted/data/images/train/GOPR7039_JPG.rf.b07015fb41ac6fd1f2e51bf2d26b8af1.jpg,GOPR7039_JPG.rf.b07015fb41ac6fd1f2e51bf2d26b8af1.jpg,train,640,640,1.0,JPEG,129004,3,RGB,46dcd4581713a8d1b060d41b547f9f25,1
/Users/macbook/Documents/cassava-navigation-ai/data/extracted/data/images/train/GOPR7041_JPG.rf.233e553f405fd4f9cc142342ca847e9f.jpg,GOPR7041_JPG.rf.233e553f405fd4f9cc142342ca847e9f.jpg,train,640,640,1.0,JPEG,104980,3,RGB,45d14f2c50d2692827ade35580e8d5c3,1
/Users/macbook/Documents/cassava-navigation-ai/data/extracted/data/images/train/GOPR7042_JPG.rf.d767f82d9f10358e00bf1954dd94d017.jpg,GOPR7042_JPG.rf.d767f82d9f10358e00bf1954dd94d017.jpg,train,640,640,1.0,JPEG,102665,3,RGB,58fbdc7b30f1eb7b9ceacea502716385,1
/Users/macbook/Documents/cassava-navigation-ai/data/extracted/data/images/train/GOPR7043_JPG.rf.66b928738936255661662df153afa5ca.jpg,GOPR7043_JPG.rf.66b928738936255661662df153afa5ca.jpg,train,640,640,1.0,JPEG,98906,3,RGB,69f78b34e733a2ab3c39e80377fede14,1
/Users/macbook/Documents/cassava-navigation-ai/data/extracted/data/images/train/GOPR7044_JPG.rf.f72bf572b389df1c0572ac248b5ec1e1.jpg,GOPR7044_JPG.rf.f72bf572b389df1c0572ac248b5ec1e1.jpg,train,640,640,1.0,JPEG,129102,3,RGB,6f88030d9521d0aab1b46ac2a058d5f6,1
/Users/macbook/Documents/cassava-navigation-ai/data/extracted/data/images/train/GOPR7045_JPG.rf.fd36704a2f5a19028f26a8c5a44adbe0.jpg,GOPR7045_JPG.rf.fd36704a2f5a19028f26a8c5a44adbe0.jpg,train,640,640,1.0,JPEG,121638,3,RGB,91f9abf3dc8202566d41d56770c6fd90,1
/Users/macbook/Documents/cassava-navigation-ai/data/extracted/data/images/train/GOPR7046_JPG.rf.36fc2ac385544a4932eeac3c2229497c.jpg,GOPR7046_JPG.rf.36fc2ac385544a4932eeac3c2229497c.jpg,train,640,640,1.0,JPEG,142630,3,RGB,087e038ccbfe6ccc9f3bbe726b461628,1
/Users/macbook/Documents/cassava-navigation-ai/data/extracted/data/images/train/GOPR7048_JPG.rf.d365b1981fb8a65ea078d75d664f4d96.jpg,GOPR7048_JPG.rf.d365b1981fb8a65ea078d75d664f4d96.jpg,train,640,640,1.0,JPEG,119049,3,RGB,35abe32fed8664b76f88754165625772,1
/Users/macbook/Documents/cassava-navigation-ai/data/extracted/data/images/train/GOPR7049_JPG.rf.d8a3e833789bf8f5acce70ae32906d3f.jpg,GOPR7049_JPG.rf.d8a3e833789bf8f5acce70ae32906d3f.jpg,train,640,640,1.0,JPEG,104096,3,RGB,5171afdc296bee31e7da9025c5687fcc,1
/Users/macbook/Documents/cassava-navigation-ai/data/extracted/data/images/train/GOPR7050_JPG.rf.03a5bdfb223ba08c77b2e91017a8a010.jpg,GOPR7050_JPG.rf.03a5bdfb223ba08c77b2e91017a8a010.jpg,train,640,640,1.0,JPEG,86774,3,RGB,9de0f9b5f135b4c1a14f9fcb69b042f3,1
/Users/macbook/Documents/cassava-navigation-ai/data/extracted/data/images/train/GOPR7052_JPG.rf.a8a830c07061897aa493f7e71816cbfa.jpg,GOPR7052_JPG.rf.a8a830c07061897aa493f7e71816cbfa.jpg,train,640,640,1.0,JPEG,106485,3,RGB,5bc017be7e840010d0efb827bc6d073d,1
/Users/macbook/Documents/cassava-navigation-ai/data/extracted/data/images/train/GOPR7053_JPG.rf.d3059fb827e9fee5cf06722252c506b1.jpg,GOPR7053_JPG.rf.d3059fb827e9fee5cf06722252c506b1.jpg,train,640,640,1.0,JPEG,120260,3,RGB,a19a164f47c75f18313e86983b93186e,1
/Users/macbook/Documents/cassava-navigation-ai/data/extracted/data/images/train/GOPR7054_JPG.rf.da2e975af02c5f0025f68bcfe5f8cf28.jpg,GOPR7054_JPG.rf.da2e975af02c5f0025f68bcfe5f8cf28.jpg,train,640,640,1.0,JPEG,100563,3,RGB,ca4ca38af73b3bafe62609e3d4b02773,1
/Users/macbook/Documents/cassava-navigation-ai/data/extracted/data/images/train/GOPR7056_JPG.rf.7871ab63e83f1047f4f76de9513f0b0b.jpg,GOPR7056_JPG.rf.7871ab63e83f1047f4f76de9513f0b0b.jpg,train,640,640,1.0,JPEG,120915,3,RGB,4c3a3e83dc7278ca70e3cdcace6502c9,1
/Users/macbook/Documents/cassava-navigation-ai/data/extracted/data/images/train/GOPR7057_JPG.rf.875cb8d655e24c3d195b8f936017a30d.jpg,GOPR7057_JPG.rf.875cb8d655e24c3d195b8f936017a30d.jpg,train,640,640,1.0,JPEG,94694,3,RGB,2afd62770177e1f50625868781fe88ef,1
/Users/macbook/Documents/cassava-navigation-ai/data/extracted/data/images/train/GOPR7058_JPG.rf.800b667a112b86093d798deeb6efc2c3.jpg,GOPR7058_JPG.rf.800b667a112b86093d798deeb6efc2c3.jpg,train,640,640,1.0,JPEG,80588,3,RGB,aa95e346ce4450ad4b0a6febbfb609df,1
/Users/macbook/Documents/cassava-navigation-ai/data/extracted/data/images/train/GOPR7060_JPG.rf.93a13ecf095c0a4c1ed10297d748e032.jpg,GOPR7060_JPG.rf.93a13ecf095c0a4c1ed10297d748e032.jpg,train,640,640,1.0,JPEG,92280,3,RGB,ca640593fdefe3f38daa209451a44939,1
/Users/macbook/Documents/cassava-navigation-ai/data/extracted/data/images/train/GOPR7061_JPG.rf.83a584c0cf033b38407ab34a37abb1bf.jpg,GOPR7061_JPG.rf.83a584c0cf033b38407ab34a37abb1bf.jpg,train,640,640,1.0,JPEG,115344,3,RGB,dbde98b125add46d9a8afe7f598abb2d,1
/Users/macbook/Documents/cassava-navigation-ai/data/extracted/data/images/train/GOPR7062_JPG.rf.728af26df6dcaf5156ac48b04b0f9803.jpg,GOPR7062_JPG.rf.728af26df6dcaf5156ac48b04b0f9803.jpg,train,640,640,1.0,JPEG,112515,3,RGB,0d27fa9eac6a8a49edbe8474159ff541,1
/Users/macbook/Documents/cassava-navigation-ai/data/extracted/data/images/train/GOPR7063_JPG.rf.b23e835c71ee5fda8d6af283b2831b38.jpg,GOPR7063_JPG.rf.b23e835c71ee5fda8d6af283b2831b38.jpg,train,640,640,1.0,JPEG,113562,3,RGB,ec4116a6b650d69c37af2db0f37eed80,1
/Users/macbook/Documents/cassava-navigation-ai/data/extracted/data/images/train/GOPR7064_JPG.rf.9506c9163ecccb37e09ec48e9986912c.jpg,GOPR7064_JPG.rf.9506c9163ecccb37e09ec48e9986912c.jpg,train,640,640,1.0,JPEG,79488,3,RGB,0de4540ed82c31af58972c93f7544beb,1
/Users/macbook/Documents/cassava-navigation-ai/data/extracted/data/images/train/GOPR7066_JPG.rf.f2bb1397a0ffddbc10e673c9d5c719d4.jpg,GOPR7066_JPG.rf.f2bb1397a0ffddbc10e673c9d5c719d4.jpg,train,640,640,1.0,JPEG,109992,3,RGB,2ea91f69e4a71807e99d1cf3ad16a2e0,1
/Users/macbook/Documents/cassava-navigation-ai/data/extracted/data/images/train/GOPR7067_JPG.rf.608aed295149b41b822411db851277d0.jpg,GOPR7067_JPG.rf.608aed295149b41b822411db851277d0.jpg,train,640,640,1.0,JPEG,102952,3,RGB,b1123f5c31be5f62784e7f223ac8073a,1
/Users/macbook/Documents/cassava-navigation-ai/data/extracted/data/images/train/GOPR7069_JPG.rf.ed930506bc294f5df346f5e026ebc2db.jpg,GOPR7069_JPG.rf.ed930506bc294f5df346f5e026ebc2db.jpg,train,640,640,1.0,JPEG,100711,3,RGB,ddcfb13a585ac6b0ce1d3a5c315969e2,1
/Users/macbook/Documents/cassava-navigation-ai/data/extracted/data/images/train/GOPR7070_JPG.rf.67bde9159d06a0b8b28a64e0844efd5d.jpg,GOPR7070_JPG.rf.67bde9159d06a0b8b28a64e0844efd5d.jpg,train,640,640,1.0,JPEG,103034,3,RGB,0e5ade5209347ced461753e99db3ef22,1
/Users/macbook/Documents/cassava-navigation-ai/data/extracted/data/images/train/GOPR7073_JPG.rf.1c77d1e29fc3d59e06700ce0fa74e04e.jpg,GOPR7073_JPG.rf.1c77d1e29fc3d59e06700ce0fa74e04e.jpg,train,640,640,1.0,JPEG,109189,3,RGB,5e3da7bc18acb67365ffca94986eec01,1
/Users/macbook/Documents/cassava-navigation-ai/data/extracted/data/images/train/GOPR7074_JPG.rf.e8335d07a82db77a1d8cfdc865243b4f.jpg,GOPR7074_JPG.rf.e8335d07a82db77a1d8cfdc865243b4f.jpg,train,640,640,1.0,JPEG,127870,3,RGB,3bd829cca418b4a4ad89fe8bece8221a,1
/Users/macbook/Documents/cassava-navigation-ai/data/extracted/data/images/train/GOPR7075_JPG.rf.53c23b496c401b857179551cfd38b811.jpg,GOPR7075_JPG.rf.53c23b496c401b857179551cfd38b811.jpg,train,640,640,1.0,JPEG,99663,3,RGB,5181b18db510afa5398f77add23e5dc0,1
/Users/macbook/Documents/cassava-navigation-ai/data/extracted/data/images/train/GOPR7077_JPG.rf.8c8d1b7d3dfbfb0727048b6e3cbdb89a.jpg,GOPR7077_JPG.rf.8c8d1b7d3dfbfb0727048b6e3cbdb89a.jpg,train,640,640,1.0,JPEG,127852,3,RGB,21879840787911949f9bb5c1c88530ce,1
/Users/macbook/Documents/cassava-navigation-ai/data/extracted/data/images/train/GOPR7078_JPG.rf.f19238851be8fca3a3bfaa131c03dc08.jpg,GOPR7078_JPG.rf.f19238851be8fca3a3bfaa131c03dc08.jpg,train,640,640,1.0,JPEG,116628,3,RGB,bc2c2cdc56d680ae3ee0bfa4a31d31c8,1
/Users/macbook/Documents/cassava-navigation-ai/data/extracted/data/images/train/GOPR7080_JPG.rf.efb3841908d3b024e5c591f020d28e3b.jpg,GOPR7080_JPG.rf.efb3841908d3b024e5c591f020d28e3b.jpg,train,640,640,1.0,JPEG,94556,3,RGB,eff44be2485439a8373ffcf8ea49888e,1
/Users/macbook/Documents/cassava-navigation-ai/data/extracted/data/images/train/GOPR7082_JPG.rf.bfdb556f227aed0b228c1200b7c79ff9.jpg,GOPR7082_JPG.rf.bfdb556f227aed0b228c1200b7c79ff9.jpg,train,640,640,1.0,JPEG,89372,3,RGB,6ebe2240defcc7cf4ec5575b5c59e88e,1
/Users/macbook/Documents/cassava-navigation-ai/data/extracted/data/images/train/GOPR7083_JPG.rf.dfa637d3f23c7d60d4098f6f8520f4f2.jpg,GOPR7083_JPG.rf.dfa637d3f23c7d60d4098f6f8520f4f2.jpg,train,640,640,1.0,JPEG,124541,3,RGB,7d94680f0b697f2fe1f20e231c016e26,1
/Users/macbook/Documents/cassava-navigation-ai/data/extracted/data/images/train/GOPR7084_JPG.rf.28ae4009db71bc3ee3e965fba4091da6.jpg,GOPR7084_JPG.rf.28ae4009db71bc3ee3e965fba4091da6.jpg,train,640,640,1.0,JPEG,136078,3,RGB,3701bb37f8d628f6b0040ab6eaa81ed6,1
/Users/macbook/Documents/cassava-navigation-ai/data/extracted/data/images/train/GOPR7085_JPG.rf.bba53ca798f894373dc55f8ef40ea9c9.jpg,GOPR7085_JPG.rf.bba53ca798f894373dc55f8ef40ea9c9.jpg,train,640,640,1.0,JPEG,90874,3,RGB,e69d49a432fae2af96b8552da2db9c4c,1
/Users/macbook/Documents/cassava-navigation-ai/data/extracted/data/images/train/GOPR7086_JPG.rf.6e9ed81370c18b1b5e3421292aff43e2.jpg,GOPR7086_JPG.rf.6e9ed81370c18b1b5e3421292aff43e2.jpg,train,640,640,1.0,JPEG,90787,3,RGB,7ac083eeb30f4b57b3a4623afad63709,1
/Users/macbook/Documents/cassava-navigation-ai/data/extracted/data/images/train/GOPR7087_JPG.rf.499898bfcf9c86b6e307fec07aa11f91.jpg,GOPR7087_JPG.rf.499898bfcf9c86b6e307fec07aa11f91.jpg,train,640,640,1.0,JPEG,84618,3,RGB,115d4f3b78e51a24f2672a9b3fc2d38c,1
/Users/macbook/Documents/cassava-navigation-ai/data/extracted/data/images/train/GOPR7088_JPG.rf.0499daf25f2e1c63395560422c8c6869.jpg,GOPR7088_JPG.rf.0499daf25f2e1c63395560422c8c6869.jpg,train,640,640,1.0,JPEG,74938,3,RGB,fbbd79150c3fd13eb5867195a50c099d,1
/Users/macbook/Documents/cassava-navigation-ai/data/extracted/data/images/train/GOPR7089_JPG.rf.e8d1bfc52fd218fc1e5f36da47446618.jpg,GOPR7089_JPG.rf.e8d1bfc52fd218fc1e5f36da47446618.jpg,train,640,640,1.0,JPEG,94882,3,RGB,95b7567d1d7fcff45feb118235fc6af4,1
/Users/macbook/Documents/cassava-navigation-ai/data/extracted/data/images/train/GOPR7090_JPG.rf.3dd381e1a4649534e61007d2fbed884f.jpg,GOPR7090_JPG.rf.3dd381e1a4649534e61007d2fbed884f.jpg,train,640,640,1.0,JPEG,92724,3,RGB,c7faf04dbec75cedb0252fd75a060d1d,1
/Users/macbook/Documents/cassava-navigation-ai/data/extracted/data/images/train/GOPR7091_JPG.rf.b91f774175d0f4e6935773f5139675a3.jpg,GOPR7091_JPG.rf.b91f774175d0f4e6935773f5139675a3.jpg,train,640,640,1.0,JPEG,101767,3,RGB,43b355f6435b659815ee89673b7cadc8,1
/Users/macbook/Documents/cassava-navigation-ai/data/extracted/data/images/train/GOPR7092_JPG.rf.d9962e693f61938a6970f43eceb6238f.jpg,GOPR7092_JPG.rf.d9962e693f61938a6970f43eceb6238f.jpg,train,640,640,1.0,JPEG,89405,3,RGB,fbf8928fba22096ae94ee71663daf34c,1
/Users/macbook/Documents/cassava-navigation-ai/data/extracted/data/images/train/GOPR7093_JPG.rf.0778df930789e4c835f83d0e54aaa3db.jpg,GOPR7093_JPG.rf.0778df930789e4c835f83d0e54aaa3db.jpg,train,640,640,1.0,JPEG,109566,3,RGB,715142c282a17eaf2d3464ac95885b59,1
/Users/macbook/Documents/cassava-navigation-ai/data/extracted/data/images/train/GOPR7094_JPG.rf.99860ed41180ab4b093208a2ef1b6e4b.jpg,GOPR7094_JPG.rf.99860ed41180ab4b093208a2ef1b6e4b.jpg,train,640,640,1.0,JPEG,121888,3,RGB,99fe57c40334012038e6d91bed2b6c14,1
/Users/macbook/Documents/cassava-navigation-ai/data/extracted/data/images/train/GOPR7096_JPG.rf.98e52af4782895ffd816e94d27743e88.jpg,GOPR7096_JPG.rf.98e52af4782895ffd816e94d27743e88.jpg,train,640,640,1.0,JPEG,83938,3,RGB,eb76cc20a81394ac6998dab5e1cb4b6f,1
/Users/macbook/Documents/cassava-navigation-ai/data/extracted/data/images/train/GOPR7097_JPG.rf.0e3f38df04857e42e483e601ff23a43a.jpg,GOPR7097_JPG.rf.0e3f38df04857e42e483e601ff23a43a.jpg,train,640,640,1.0,JPEG,97817,3,RGB,aa15967da5b23e9f15c301b3f5a4c36e,1
/Users/macbook/Documents/cassava-navigation-ai/data/extracted/data/images/train/GOPR7098_JPG.rf.07ceed6570d6f636b9142b2a142d7741.jpg,GOPR7098_JPG.rf.07ceed6570d6f636b9142b2a142d7741.jpg,train,640,640,1.0,JPEG,106817,3,RGB,333466681f5ef8494cc2c6475077bd02,1
/Users/macbook/Documents/cassava-navigation-ai/data/extracted/data/images/train/GOPR7099_JPG.rf.6d433e72db8475f456016a43e7f5f95c.jpg,GOPR7099_JPG.rf.6d433e72db8475f456016a43e7f5f95c.jpg,train,640,640,1.0,JPEG,89732,3,RGB,0f69d5a3da7135e810e728aaf45ee609,1
/Users/macbook/Documents/cassava-navigation-ai/data/extracted/data/images/train/GOPR7100_JPG.rf.20c7cf289f09cad1d5e2281b93e0f4ae.jpg,GOPR7100_JPG.rf.20c7cf289f09cad1d5e2281b93e0f4ae.jpg,train,640,640,1.0,JPEG,91589,3,RGB,e0ddf09ab10b5370cbbd88547993f81e,1
/Users/macbook/Documents/cassava-navigation-ai/data/extracted/data/images/train/GOPR7101_JPG.rf.93f86fd38cb818ed5a9c227fc115b674.jpg,GOPR7101_JPG.rf.93f86fd38cb818ed5a9c227fc115b674.jpg,train,640,640,1.0,JPEG,99057,3,RGB,28fcd89ee3ad1b0152728920c83f6152,1
/Users/macbook/Documents/cassava-navigation-ai/data/extracted/data/images/train/GOPR7102_JPG.rf.3e2d73a31a3ba6d51cf3d301df21b15b.jpg,GOPR7102_JPG.rf.3e2d73a31a3ba6d51cf3d301df21b15b.jpg,train,640,640,1.0,JPEG,88214,3,RGB,fad4a4d25b697a75d745b48a5bdbc83e,1
/Users/macbook/Documents/cassava-navigation-ai/data/extracted/data/images/train/GOPR7104_JPG.rf.dd79ecda03cc16d00c0d6f12337a6d55.jpg,GOPR7104_JPG.rf.dd79ecda03cc16d00c0d6f12337a6d55.jpg,train,640,640,1.0,JPEG,77024,3,RGB,b4179a4d5784e86f431c75d8bb47b4d6,1
/Users/macbook/Documents/cassava-navigation-ai/data/extracted/data/images/train/GOPR7108_JPG.rf.43f73fd7df8e482c0dfefa22656a1acf.jpg,GOPR7108_JPG.rf.43f73fd7df8e482c0dfefa22656a1acf.jpg,train,640,640,1.0,JPEG,114321,3,RGB,86cd941c29804875a1d6a781004b9b4b,1
/Users/macbook/Documents/cassava-navigation-ai/data/extracted/data/images/train/GOPR7112_JPG.rf.40f7e43f5d24025fa743cf5b0485ddf4.jpg,GOPR7112_JPG.rf.40f7e43f5d24025fa743cf5b0485ddf4.jpg,train,640,640,1.0,JPEG,118086,3,RGB,e1091d8193ac9d049704ce00d1ce6812,1
/Users/macbook/Documents/cassava-navigation-ai/data/extracted/data/images/train/GOPR7113_JPG.rf.8e6e53ac3497a0d338d171a77f8edbe5.jpg,GOPR7113_JPG.rf.8e6e53ac3497a0d338d171a77f8edbe5.jpg,train,640,640,1.0,JPEG,90891,3,RGB,73065206ff6b83ba2508f8bb2f064e2a,1
/Users/macbook/Documents/cassava-navigation-ai/data/extracted/data/images/train/GOPR7115_JPG.rf.4bf3bbfb67f10716d35f3b38c1a20b41.jpg,GOPR7115_JPG.rf.4bf3bbfb67f10716d35f3b38c1a20b41.jpg,train,640,640,1.0,JPEG,118422,3,RGB,65c9324796cf2189e3f0a6605ea6862e,1
/Users/macbook/Documents/cassava-navigation-ai/data/extracted/data/images/train/GOPR7116_JPG.rf.2f665114a5817506cdde60d372b303c5.jpg,GOPR7116_JPG.rf.2f665114a5817506cdde60d372b303c5.jpg,train,640,640,1.0,JPEG,104258,3,RGB,a066e6d6e339941d4eb5bf53b69192ef,1
/Users/macbook/Documents/cassava-navigation-ai/data/extracted/data/images/train/GOPR7117_JPG.rf.662f33469bcbe4ae9dfa72c4c7f681bc.jpg,GOPR7117_JPG.rf.662f33469bcbe4ae9dfa72c4c7f681bc.jpg,train,640,640,1.0,JPEG,108494,3,RGB,3abcc96ff81061b18d49dd2f49e81468,1
/Users/macbook/Documents/cassava-navigation-ai/data/extracted/data/images/train/GOPR7118_JPG.rf.3a14fb0655699cc5d5405942fc4bc861.jpg,GOPR7118_JPG.rf.3a14fb0655699cc5d5405942fc4bc861.jpg,train,640,640,1.0,JPEG,94653,3,RGB,86759233d2ebc251a530cc8abf88dad7,1
/Users/macbook/Documents/cassava-navigation-ai/data/extracted/data/images/train/GOPR7119_JPG.rf.64ff510c8f616b6fa5bed61639de9f48.jpg,GOPR7119_JPG.rf.64ff510c8f616b6fa5bed61639de9f48.jpg,train,640,640,1.0,JPEG,105697,3,RGB,7c77fe0e5560859e7bce9e0a66285148,1
/Users/macbook/Documents/cassava-navigation-ai/data/extracted/data/images/train/GOPR7120_JPG.rf.deeebba2f7c71619cda15540416276d6.jpg,GOPR7120_JPG.rf.deeebba2f7c71619cda15540416276d6.jpg,train,640,640,1.0,JPEG,110949,3,RGB,73b38d747cb645645bbedabf4fb030de,1
/Users/macbook/Documents/cassava-navigation-ai/data/extracted/data/images/train/GOPR7122_JPG.rf.52d415c308a5a1b2b89d09cd328535ac.jpg,GOPR7122_JPG.rf.52d415c308a5a1b2b89d09cd328535ac.jpg,train,640,640,1.0,JPEG,128349,3,RGB,c6382df77c018749f601154768ac6ccb,1
/Users/macbook/Documents/cassava-navigation-ai/data/extracted/data/images/train/GOPR7123_JPG.rf.bca0f6180dea8cc8c2feb5c6a3fd5abd.jpg,GOPR7123_JPG.rf.bca0f6180dea8cc8c2feb5c6a3fd5abd.jpg,train,640,640,1.0,JPEG,115768,3,RGB,abcbb47f6b229df12ad5e6b71696db13,1
/Users/macbook/Documents/cassava-navigation-ai/data/extracted/data/images/train/GOPR7124_JPG.rf.638a9616a6c44153d204b10f79e9e2c9.jpg,GOPR7124_JPG.rf.638a9616a6c44153d204b10f79e9e2c9.jpg,train,640,640,1.0,JPEG,88299,3,RGB,a78256107ab083c3c5b749e47b4e6fdb,1
/Users/macbook/Documents/cassava-navigation-ai/data/extracted/data/images/train/GOPR7125_JPG.rf.ff723274557b99626740fba7e03ef920.jpg,GOPR7125_JPG.rf.ff723274557b99626740fba7e03ef920.jpg,train,640,640,1.0,JPEG,85160,3,RGB,c8b70d132b69b27f2127627fe26c5217,1
/Users/macbook/Documents/cassava-navigation-ai/data/extracted/data/images/train/GOPR7126_JPG.rf.dc143cd9764080d3487517b1a389b38f.jpg,GOPR7126_JPG.rf.dc143cd9764080d3487517b1a389b38f.jpg,train,640,640,1.0,JPEG,95120,3,RGB,295b635ebb4e1d62ee0c368c6420cc17,1
/Users/macbook/Documents/cassava-navigation-ai/data/extracted/data/images/train/GOPR7127_JPG.rf.0d479dce5105052ec28c91ef90a8fc1a.jpg,GOPR7127_JPG.rf.0d479dce5105052ec28c91ef90a8fc1a.jpg,train,640,640,1.0,JPEG,96741,3,RGB,3e6d2608d79344b9e1ac484bd8df8622,1
/Users/macbook/Documents/cassava-navigation-ai/data/extracted/data/images/train/GOPR7128_JPG.rf.87f12dd654b2596df66b5d5c15c7702f.jpg,GOPR7128_JPG.rf.87f12dd654b2596df66b5d5c15c7702f.jpg,train,640,640,1.0,JPEG,100058,3,RGB,1449e881a2cc81bc8a68d02fe336c940,1
/Users/macbook/Documents/cassava-navigation-ai/data/extracted/data/images/train/GOPR7130_JPG.rf.81a5f1e241ede2a9b789d95ed68e6471.jpg,GOPR7130_JPG.rf.81a5f1e241ede2a9b789d95ed68e6471.jpg,train,640,640,1.0,JPEG,99983,3,RGB,b4230b5f9f28fdbf21e320df4f96b017,1
/Users/macbook/Documents/cassava-navigation-ai/data/extracted/data/images/train/GOPR7132_JPG.rf.66e35fb0bbbf72722f5b4eae56ca69d9.jpg,GOPR7132_JPG.rf.66e35fb0bbbf72722f5b4eae56ca69d9.jpg,train,640,640,1.0,JPEG,86167,3,RGB,d3b2fe5cde5a83d2f7398b2fab4dfeda,1
/Users/macbook/Documents/cassava-navigation-ai/data/extracted/data/images/train/GOPR7133_JPG.rf.29e11d518c38940407dab146f94b7cc4.jpg,GOPR7133_JPG.rf.29e11d518c38940407dab146f94b7cc4.jpg,train,640,640,1.0,JPEG,89211,3,RGB,3b390906abb95eb1ff7a7f243fafa394,1
/Users/macbook/Documents/cassava-navigation-ai/data/extracted/data/images/train/GOPR7134_JPG.rf.8b4a46ec3f40dc627458455d01bdeb57.jpg,GOPR7134_JPG.rf.8b4a46ec3f40dc627458455d01bdeb57.jpg,train,640,640,1.0,JPEG,98383,3,RGB,b217ffa01a6ae7110a31703aeb79e65f,1
/Users/macbook/Documents/cassava-navigation-ai/data/extracted/data/images/train/GOPR7135_JPG.rf.48afd1fe238ca79462f21c288c1031ae.jpg,GOPR7135_JPG.rf.48afd1fe238ca79462f21c288c1031ae.jpg,train,640,640,1.0,JPEG,116128,3,RGB,bdc4b79b327264b1fdf0a42ff247ed20,1
/Users/macbook/Documents/cassava-navigation-ai/data/extracted/data/images/train/GOPR7136_JPG.rf.424c36b5aaf7b3adecbc7e2963800090.jpg,GOPR7136_JPG.rf.424c36b5aaf7b3adecbc7e2963800090.jpg,train,640,640,1.0,JPEG,120130,3,RGB,e66fb7c34d1448a55f68a8f5feb09f20,1
/Users/macbook/Documents/cassava-navigation-ai/data/extracted/data/images/train/GOPR7137_JPG.rf.59e9b61ad4bf8e67df4bbcbc39396c60.jpg,GOPR7137_JPG.rf.59e9b61ad4bf8e67df4bbcbc39396c60.jpg,train,640,640,1.0,JPEG,125330,3,RGB,8ec787d64d45725907ce599449d33d9e,1
/Users/macbook/Documents/cassava-navigation-ai/data/extracted/data/images/train/GOPR7139_JPG.rf.861ea3585f2624f64698d7288b009e9e.jpg,GOPR7139_JPG.rf.861ea3585f2624f64698d7288b009e9e.jpg,train,640,640,1.0,JPEG,132294,3,RGB,48ba03e381653707792328cf2a49ed2e,1
/Users/macbook/Documents/cassava-navigation-ai/data/extracted/data/images/train/GOPR7140_JPG.rf.3c5f01e8487720b74629897e8f63f8b0.jpg,GOPR7140_JPG.rf.3c5f01e8487720b74629897e8f63f8b0.jpg,train,640,640,1.0,JPEG,129492,3,RGB,52cb79a3fcf2ded67ba9ba49d62266fe,1
/Users/macbook/Documents/cassava-navigation-ai/data/extracted/data/images/train/GOPR7141_JPG.rf.5722f57eaf5f9628da720b689a979aa2.jpg,GOPR7141_JPG.rf.5722f57eaf5f9628da720b689a979aa2.jpg,train,640,640,1.0,JPEG,98356,3,RGB,3ebc6e2ea078612740ea53551cc76996,1
/Users/macbook/Documents/cassava-navigation-ai/data/extracted/data/images/train/GOPR7142_JPG.rf.5719a8d18416e11858e74ba8915c7fc7.jpg,GOPR7142_JPG.rf.5719a8d18416e11858e74ba8915c7fc7.jpg,train,640,640,1.0,JPEG,103596,3,RGB,8c0c15ba2cd769f5b1fdc1ef9927de52,1
/Users/macbook/Documents/cassava-navigation-ai/data/extracted/data/images/train/GOPR7143_JPG.rf.7fd682dd1716f4faff4e5f92cc676e7a.jpg,GOPR7143_JPG.rf.7fd682dd1716f4faff4e5f92cc676e7a.jpg,train,640,640,1.0,JPEG,121928,3,RGB,f81ca60511378a3e5119ae466526d689,1
/Users/macbook/Documents/cassava-navigation-ai/data/extracted/data/images/train/GOPR7145_JPG.rf.3544acea17fc298ab8916e6d893dbda2.jpg,GOPR7145_JPG.rf.3544acea17fc298ab8916e6d893dbda2.jpg,train,640,640,1.0,JPEG,123336,3,RGB,342bf210036a04a03c2f7d4e0436ea34,1
/Users/macbook/Documents/cassava-navigation-ai/data/extracted/data/images/train/GOPR7146_JPG.rf.a76d6ae7b7c43741bfc55ffda398c542.jpg,GOPR7146_JPG.rf.a76d6ae7b7c43741bfc55ffda398c542.jpg,train,640,640,1.0,JPEG,117472,3,RGB,76d5383fee7aed4fb8ef79949bd7badd,1
/Users/macbook/Documents/cassava-navigation-ai/data/extracted/data/images/train/GOPR7149_JPG.rf.c8d3497af9eee69e0c064c8a8a5829ef.jpg,GOPR7149_JPG.rf.c8d3497af9eee69e0c064c8a8a5829ef.jpg,train,640,640,1.0,JPEG,127832,3,RGB,27df8727673502aa7edd9836b6cc8567,1
/Users/macbook/Documents/cassava-navigation-ai/data/extracted/data/images/train/GOPR7151_JPG.rf.7917453e4ef173ebee8991832dcab887.jpg,GOPR7151_JPG.rf.7917453e4ef173ebee8991832dcab887.jpg,train,640,640,1.0,JPEG,104739,3,RGB,d44d81f9a030184667633068051ebb08,1
/Users/macbook/Documents/cassava-navigation-ai/data/extracted/data/images/train/GOPR7152_JPG.rf.6a321352851a9edbe883c5f433b2375b.jpg,GOPR7152_JPG.rf.6a321352851a9edbe883c5f433b2375b.jpg,train,640,640,1.0,JPEG,111925,3,RGB,316c95dc8f56ca2f9695505a9d5fc846,1
/Users/macbook/Documents/cassava-navigation-ai/data/extracted/data/images/train/GOPR7153_JPG.rf.2bf413791cfeae105ec99b0ad25f2b21.jpg,GOPR7153_JPG.rf.2bf413791cfeae105ec99b0ad25f2b21.jpg,train,640,640,1.0,JPEG,100079,3,RGB,0e38da0b051654f5ef793a8e446d22cd,1
/Users/macbook/Documents/cassava-navigation-ai/data/extracted/data/images/train/GOPR7154_JPG.rf.e1e768aa0fb93cadabc66f505f4b1822.jpg,GOPR7154_JPG.rf.e1e768aa0fb93cadabc66f505f4b1822.jpg,train,640,640,1.0,JPEG,125548,3,RGB,114bbd017bd036128cf01674e11145e6,1
/Users/macbook/Documents/cassava-navigation-ai/data/extracted/data/images/train/GOPR7155_JPG.rf.ff12a4f7b587c285695bf72d0f925a97.jpg,GOPR7155_JPG.rf.ff12a4f7b587c285695bf72d0f925a97.jpg,train,640,640,1.0,JPEG,90747,3,RGB,c9248c4b719df1f5baf8dd120721363e,1
/Users/macbook/Documents/cassava-navigation-ai/data/extracted/data/images/train/GOPR7156_JPG.rf.54ad135f592318933cae1fcba8b90837.jpg,GOPR7156_JPG.rf.54ad135f592318933cae1fcba8b90837.jpg,train,640,640,1.0,JPEG,123540,3,RGB,4a77801091c61c873ec81580b6065696,1
/Users/macbook/Documents/cassava-navigation-ai/data/extracted/data/images/train/GOPR7160_JPG.rf.acb7d60c17e2e02feb0b2f9a33ad3222.jpg,GOPR7160_JPG.rf.acb7d60c17e2e02feb0b2f9a33ad3222.jpg,train,640,640,1.0,JPEG,97307,3,RGB,2e84755abcdad32fc57bacb130bbf278,1
/Users/macbook/Documents/cassava-navigation-ai/data/extracted/data/images/train/GOPR7162_JPG.rf.22ea85d330d7ef74febe9c2c4946dc81.jpg,GOPR7162_JPG.rf.22ea85d330d7ef74febe9c2c4946dc81.jpg,train,640,640,1.0,JPEG,128281,3,RGB,e1e3611b224ae3ca7851300bbb427ed4,1
/Users/macbook/Documents/cassava-navigation-ai/data/extracted/data/images/train/GOPR7164_JPG.rf.f149d3159c1a811b0cea7a4e5addeab6.jpg,GOPR7164_JPG.rf.f149d3159c1a811b0cea7a4e5addeab6.jpg,train,640,640,1.0,JPEG,96918,3,RGB,0099bf06be839b0f32c6371b033b0180,1
/Users/macbook/Documents/cassava-navigation-ai/data/extracted/data/images/train/GOPR7165_JPG.rf.7099258fa059d851d04b940f8fa42101.jpg,GOPR7165_JPG.rf.7099258fa059d851d04b940f8fa42101.jpg,train,640,640,1.0,JPEG,117388,3,RGB,ef3c453cf69dead77a81d50f5bcb1a82,1
/Users/macbook/Documents/cassava-navigation-ai/data/extracted/data/images/train/GOPR7166_JPG.rf.21d65cc90f5d5e6f040595e75b7debe7.jpg,GOPR7166_JPG.rf.21d65cc90f5d5e6f040595e75b7debe7.jpg,train,640,640,1.0,JPEG,124367,3,RGB,4ae31258fc0fc915c63cd8874c6c7ce7,1
/Users/macbook/Documents/cassava-navigation-ai/data/extracted/data/images/train/GOPR7167_JPG.rf.2ef0403b0371647c3e90c6ee06e33f25.jpg,GOPR7167_JPG.rf.2ef0403b0371647c3e90c6ee06e33f25.jpg,train,640,640,1.0,JPEG,124297,3,RGB,be596312a32bc0f7794aef701a5ddfb6,1
/Users/macbook/Documents/cassava-navigation-ai/data/extracted/data/images/train/GOPR7168_JPG.rf.dd05a642649d13c49b25f30a9a8f7bbd.jpg,GOPR7168_JPG.rf.dd05a642649d13c49b25f30a9a8f7bbd.jpg,train,640,640,1.0,JPEG,100276,3,RGB,c92ae9e90be5a2cf54ba2b7068345f19,1
/Users/macbook/Documents/cassava-navigation-ai/data/extracted/data/images/train/GOPR7169_JPG.rf.9d0a18caf78649563a046acc1222f01f.jpg,GOPR7169_JPG.rf.9d0a18caf78649563a046acc1222f01f.jpg,train,640,640,1.0,JPEG,140233,3,RGB,9cdaea80f442e0352d6a294556b766a2,1
/Users/macbook/Documents/cassava-navigation-ai/data/extracted/data/images/train/GOPR7170_JPG.rf.72de6e3ed677a3c07edb75db0cfe2fad.jpg,GOPR7170_JPG.rf.72de6e3ed677a3c07edb75db0cfe2fad.jpg,train,640,640,1.0,JPEG,135652,3,RGB,2de1761b607b7a57ce988027c91c1702,1
/Users/macbook/Documents/cassava-navigation-ai/data/extracted/data/images/train/GOPR7172_JPG.rf.1bc311068b8c5bbb6c1aa721c64ccdef.jpg,GOPR7172_JPG.rf.1bc311068b8c5bbb6c1aa721c64ccdef.jpg,train,640,640,1.0,JPEG,113627,3,RGB,bf0a152a287b39d9bdb2f2053c661db9,1
/Users/macbook/Documents/cassava-navigation-ai/data/extracted/data/images/train/GOPR7173_JPG.rf.976aa95fd51933761afb44331fefe1a3.jpg,GOPR7173_JPG.rf.976aa95fd51933761afb44331fefe1a3.jpg,train,640,640,1.0,JPEG,130641,3,RGB,814aad8c315fee39765fd9939affa483,1
/Users/macbook/Documents/cassava-navigation-ai/data/extracted/data/images/train/GOPR7174_JPG.rf.2e3908460b23b68adadfbffa06cda306.jpg,GOPR7174_JPG.rf.2e3908460b23b68adadfbffa06cda306.jpg,train,640,640,1.0,JPEG,134339,3,RGB,fe545feea27ce18aeade751619cf7a50,1
/Users/macbook/Documents/cassava-navigation-ai/data/extracted/data/images/train/GOPR7175_JPG.rf.34a68c4ed58ddd65563c592e1fa8d790.jpg,GOPR7175_JPG.rf.34a68c4ed58ddd65563c592e1fa8d790.jpg,train,640,640,1.0,JPEG,90314,3,RGB,f83a5369bc7b00575968a863e92d0486,1
/Users/macbook/Documents/cassava-navigation-ai/data/extracted/data/images/train/GOPR7176_JPG.rf.3a0cf7ee58362aaebef6fe4ed47a8383.jpg,GOPR7176_JPG.rf.3a0cf7ee58362aaebef6fe4ed47a8383.jpg,train,640,640,1.0,JPEG,77399,3,RGB,83810189e104ad3aec4654070e37f89d,1
/Users/macbook/Documents/cassava-navigation-ai/data/extracted/data/images/train/GOPR7177_JPG.rf.44dc0461b6570e0f43ea21bbd05a6085.jpg,GOPR7177_JPG.rf.44dc0461b6570e0f43ea21bbd05a6085.jpg,train,640,640,1.0,JPEG,103870,3,RGB,dd680597db837f17f9fb77f17a10bf1c,1
/Users/macbook/Documents/cassava-navigation-ai/data/extracted/data/images/train/GOPR7178_JPG.rf.db38a2c0a6c3029441e1b99aefe81b09.jpg,GOPR7178_JPG.rf.db38a2c0a6c3029441e1b99aefe81b09.jpg,train,640,640,1.0,JPEG,129120,3,RGB,f9f69fa896f51114a72b64077c76f3c7,1
/Users/macbook/Documents/cassava-navigation-ai/data/extracted/data/images/train/GOPR7179_JPG.rf.c4f6c0d91d75b736b66b7ab002387a1f.jpg,GOPR7179_JPG.rf.c4f6c0d91d75b736b66b7ab002387a1f.jpg,train,640,640,1.0,JPEG,98135,3,RGB,31c4cc7c868a676f9e6a075983306fda,1
/Users/macbook/Documents/cassava-navigation-ai/data/extracted/data/images/train/GOPR7180_JPG.rf.e928b8463cb6246e34c4f64fc0ab8ee5.jpg,GOPR7180_JPG.rf.e928b8463cb6246e34c4f64fc0ab8ee5.jpg,train,640,640,1.0,JPEG,136806,3,RGB,34d1595c5a64144dd6bb300451d9166c,1
/Users/macbook/Documents/cassava-navigation-ai/data/extracted/data/images/train/GOPR7181_JPG.rf.9e92963bdbeb255bce804b63fc82da2a.jpg,GOPR7181_JPG.rf.9e92963bdbeb255bce804b63fc82da2a.jpg,train,640,640,1.0,JPEG,140524,3,RGB,430cde541d8b55b15c2f4f9976afc344,1
/Users/macbook/Documents/cassava-navigation-ai/data/extracted/data/images/train/GOPR7182_JPG.rf.e9f8f7f8b550531a9c5a44bcc74e6add.jpg,GOPR7182_JPG.rf.e9f8f7f8b550531a9c5a44bcc74e6add.jpg,train,640,640,1.0,JPEG,139148,3,RGB,a97cd4c6f5992560a069ba01b0a4fcab,1
/Users/macbook/Documents/cassava-navigation-ai/data/extracted/data/images/train/GOPR7183_JPG.rf.4fba64a8744fb8a33a07d8111fdeeded.jpg,GOPR7183_JPG.rf.4fba64a8744fb8a33a07d8111fdeeded.jpg,train,640,640,1.0,JPEG,141514,3,RGB,93bc0adcc20d8a6c9b811fe482c3769c,1
/Users/macbook/Documents/cassava-navigation-ai/data/extracted/data/images/train/GOPR7185_JPG.rf.78df7f3672911203ddc6dab44f79317c.jpg,GOPR7185_JPG.rf.78df7f3672911203ddc6dab44f79317c.jpg,train,640,640,1.0,JPEG,141641,3,RGB,a25c14e75ee5ca2b37dead88ac1c68a8,1
/Users/macbook/Documents/cassava-navigation-ai/data/extracted/data/images/train/GOPR7186_JPG.rf.91ebe9c9c9355bd4b8141f3f4802539c.jpg,GOPR7186_JPG.rf.91ebe9c9c9355bd4b8141f3f4802539c.jpg,train,640,640,1.0,JPEG,112069,3,RGB,3c7044351b9dec12ab47cea9f2bb00e2,1
/Users/macbook/Documents/cassava-navigation-ai/data/extracted/data/images/train/GOPR7188_JPG.rf.91baf62488fe1cdfd90f257f7400f145.jpg,GOPR7188_JPG.rf.91baf62488fe1cdfd90f257f7400f145.jpg,train,640,640,1.0,JPEG,101514,3,RGB,1baba2e3b7728e6fd777fac8eedf905a,1
/Users/macbook/Documents/cassava-navigation-ai/data/extracted/data/images/train/GOPR7189_JPG.rf.956c723d62c6d0092682f74357b52095.jpg,GOPR7189_JPG.rf.956c723d62c6d0092682f74357b52095.jpg,train,640,640,1.0,JPEG,111837,3,RGB,c78f7eff4f8fb4fadf8eff84e972bd0d,1
/Users/macbook/Documents/cassava-navigation-ai/data/extracted/data/images/train/GOPR7190_JPG.rf.e12d8fd65e89f282c34de90de3837119.jpg,GOPR7190_JPG.rf.e12d8fd65e89f282c34de90de3837119.jpg,train,640,640,1.0,JPEG,119104,3,RGB,727987fc45e6793faaccd63072d966c5,1
/Users/macbook/Documents/cassava-navigation-ai/data/extracted/data/images/train/GOPR7191_JPG.rf.de4d184d6743850298badf9460ff2477.jpg,GOPR7191_JPG.rf.de4d184d6743850298badf9460ff2477.jpg,train,640,640,1.0,JPEG,121168,3,RGB,3aad6e8ef2b6dde7b069445748a11bd8,1
/Users/macbook/Documents/cassava-navigation-ai/data/extracted/data/images/train/GOPR7192_JPG.rf.e8ff0611d1bfb4373d273cd10c7c08ea.jpg,GOPR7192_JPG.rf.e8ff0611d1bfb4373d273cd10c7c08ea.jpg,train,640,640,1.0,JPEG,120895,3,RGB,e06183109908bb72c6d5251dee40474a,1
/Users/macbook/Documents/cassava-navigation-ai/data/extracted/data/images/train/GOPR7193_JPG.rf.774179484493c5de83cd7626761b1a09.jpg,GOPR7193_JPG.rf.774179484493c5de83cd7626761b1a09.jpg,train,640,640,1.0,JPEG,136498,3,RGB,a09b91faaaaa0dabd204c98877206fbe,1
/Users/macbook/Documents/cassava-navigation-ai/data/extracted/data/images/train/GOPR7194_JPG.rf.eba32d41d452c87d58abbd983c44b907.jpg,GOPR7194_JPG.rf.eba32d41d452c87d58abbd983c44b907.jpg,train,640,640,1.0,JPEG,118645,3,RGB,97bf2503f497affc45019f512900fc66,1
/Users/macbook/Documents/cassava-navigation-ai/data/extracted/data/images/train/GOPR7195_JPG.rf.5c9f7d2c90f4bdd9964a4b8a481391b4.jpg,GOPR7195_JPG.rf.5c9f7d2c90f4bdd9964a4b8a481391b4.jpg,train,640,640,1.0,JPEG,128548,3,RGB,8a18807ed6ac8e09fc1519717822c97a,1
/Users/macbook/Documents/cassava-navigation-ai/data/extracted/data/images/train/GOPR7196_JPG.rf.d23db4dc7db64926c139bee4cbe4b646.jpg,GOPR7196_JPG.rf.d23db4dc7db64926c139bee4cbe4b646.jpg,train,640,640,1.0,JPEG,95435,3,RGB,ccc9d857711c73915ad47756e3b80aed,1
/Users/macbook/Documents/cassava-navigation-ai/data/extracted/data/images/train/GOPR7197_JPG.rf.5720b4a6f9e31d1875ea4622bb4c6bfa.jpg,GOPR7197_JPG.rf.5720b4a6f9e31d1875ea4622bb4c6bfa.jpg,train,640,640,1.0,JPEG,109450,3,RGB,7e72916c73a4fe61e2a95a827babcc81,1
/Users/macbook/Documents/cassava-navigation-ai/data/extracted/data/images/train/GOPR7200_JPG.rf.c25ae449a2ae545de95ec41b9bfb64aa.jpg,GOPR7200_JPG.rf.c25ae449a2ae545de95ec41b9bfb64aa.jpg,train,640,640,1.0,JPEG,118442,3,RGB,bfd674b9eb49eb2967f042e9c4a1f148,1
/Users/macbook/Documents/cassava-navigation-ai/data/extracted/data/images/train/GOPR7202_JPG.rf.1d6400c18b427ac82023beab8ad9b5d0.jpg,GOPR7202_JPG.rf.1d6400c18b427ac82023beab8ad9b5d0.jpg,train,640,640,1.0,JPEG,105357,3,RGB,59a4af2c53aaecf8d78ae8a7fa3c9a97,1
/Users/macbook/Documents/cassava-navigation-ai/data/extracted/data/images/train/GOPR7205_JPG.rf.2ee42068caf87de3ff0e960198112ca4.jpg,GOPR7205_JPG.rf.2ee42068caf87de3ff0e960198112ca4.jpg,train,640,640,1.0,JPEG,116844,3,RGB,4cb049d479b0498f4e46ff942d6a8e38,1
/Users/macbook/Documents/cassava-navigation-ai/data/extracted/data/images/train/GOPR7206_JPG.rf.0ba494e7549d932b75206659f66c6e0b.jpg,GOPR7206_JPG.rf.0ba494e7549d932b75206659f66c6e0b.jpg,train,640,640,1.0,JPEG,149754,3,RGB,2ff5727d7bdaac34969e1e1a448814d3,1
/Users/macbook/Documents/cassava-navigation-ai/data/extracted/data/images/train/GOPR7208_JPG.rf.9b24cb73ec7f4b75070a42c4f46f80fb.jpg,GOPR7208_JPG.rf.9b24cb73ec7f4b75070a42c4f46f80fb.jpg,train,640,640,1.0,JPEG,125319,3,RGB,20ace66547ef5e4a2976e4925b30c21a,1
/Users/macbook/Documents/cassava-navigation-ai/data/extracted/data/images/train/GOPR7209_JPG.rf.7e0906fc479ae5ee07f78f43cbbf9fff.jpg,GOPR7209_JPG.rf.7e0906fc479ae5ee07f78f43cbbf9fff.jpg,train,640,640,1.0,JPEG,114777,3,RGB,5b0833c5298c787d617e873da491215f,1
/Users/macbook/Documents/cassava-navigation-ai/data/extracted/data/images/train/GOPR7210_JPG.rf.9043c6be22e0eec6e39b5e99329460f0.jpg,GOPR7210_JPG.rf.9043c6be22e0eec6e39b5e99329460f0.jpg,train,640,640,1.0,JPEG,132869,3,RGB,23286886e8c74f072a5a377c70fdee96,1
/Users/macbook/Documents/cassava-navigation-ai/data/extracted/data/images/train/GOPR7211_JPG.rf.7f2c9d612d767487e0936c5fa9f4bae7.jpg,GOPR7211_JPG.rf.7f2c9d612d767487e0936c5fa9f4bae7.jpg,train,640,640,1.0,JPEG,87219,3,RGB,592d9f1d1709238f7040d12694227aff,1
/Users/macbook/Documents/cassava-navigation-ai/data/extracted/data/images/train/GOPR7212_JPG.rf.f09a171107a95d78c65ac2c203a22e07.jpg,GOPR7212_JPG.rf.f09a171107a95d78c65ac2c203a22e07.jpg,train,640,640,1.0,JPEG,98191,3,RGB,59f483acefe35f4bf95ba2db86c5416b,1
/Users/macbook/Documents/cassava-navigation-ai/data/extracted/data/images/train/GOPR7213_JPG.rf.eae112799933dc7ad5daf597013c12a8.jpg,GOPR7213_JPG.rf.eae112799933dc7ad5daf597013c12a8.jpg,train,640,640,1.0,JPEG,100824,3,RGB,628aae7639d33a195ecc80010688229e,1
/Users/macbook/Documents/cassava-navigation-ai/data/extracted/data/images/train/GOPR7214_JPG.rf.d348dd9e82043052c645971438afb88d.jpg,GOPR7214_JPG.rf.d348dd9e82043052c645971438afb88d.jpg,train,640,640,1.0,JPEG,105210,3,RGB,c328b69fcbaf95a68657121d72141d0d,1
/Users/macbook/Documents/cassava-navigation-ai/data/extracted/data/images/train/GOPR7215_JPG.rf.a3e24f5618fc353a3be3406cb032bbeb.jpg,GOPR7215_JPG.rf.a3e24f5618fc353a3be3406cb032bbeb.jpg,train,640,640,1.0,JPEG,108931,3,RGB,0b112506bfa45420e87849e7ec0d2b46,1
/Users/macbook/Documents/cassava-navigation-ai/data/extracted/data/images/train/GOPR7216_JPG.rf.71c29ffb75188655dc5ba79a57b50146.jpg,GOPR7216_JPG.rf.71c29ffb75188655dc5ba79a57b50146.jpg,train,640,640,1.0,JPEG,87065,3,RGB,0186b5dd890d31eaeef56c1932f2fdcc,1
/Users/macbook/Documents/cassava-navigation-ai/data/extracted/data/images/train/GOPR7218_JPG.rf.11bbc40761423246f55f23e081bf724a.jpg,GOPR7218_JPG.rf.11bbc40761423246f55f23e081bf724a.jpg,train,640,640,1.0,JPEG,97730,3,RGB,34bb64a650ea2eae7d183af29e65bb10,1
/Users/macbook/Documents/cassava-navigation-ai/data/extracted/data/images/train/GOPR7219_JPG.rf.051f85a3703fa2795fffcafd97da966d.jpg,GOPR7219_JPG.rf.051f85a3703fa2795fffcafd97da966d.jpg,train,640,640,1.0,JPEG,102351,3,RGB,1bd55067836d0bc37ad2da754834209e,1
/Users/macbook/Documents/cassava-navigation-ai/data/extracted/data/images/train/GOPR7223_JPG.rf.b74cb1e45a359654010b30ec9b92ada8.jpg,GOPR7223_JPG.rf.b74cb1e45a359654010b30ec9b92ada8.jpg,train,640,640,1.0,JPEG,132801,3,RGB,57c5fb788be5df9546bd91e919010e04,1
/Users/macbook/Documents/cassava-navigation-ai/data/extracted/data/images/train/GOPR7224_JPG.rf.e863073bf7d6896ec66715cd05af39c1.jpg,GOPR7224_JPG.rf.e863073bf7d6896ec66715cd05af39c1.jpg,train,640,640,1.0,JPEG,104785,3,RGB,2fe2ecdbc8cc8d19749fc3bf201a76e2,1
/Users/macbook/Documents/cassava-navigation-ai/data/extracted/data/images/train/GOPR7228_JPG.rf.08f9c56f6ff47078d4ae11a0afa5d5aa.jpg,GOPR7228_JPG.rf.08f9c56f6ff47078d4ae11a0afa5d5aa.jpg,train,640,640,1.0,JPEG,114438,3,RGB,dfb6b38a26d681b1af58fb97e6d7e8e2,1
/Users/macbook/Documents/cassava-navigation-ai/data/extracted/data/images/train/GOPR7229_JPG.rf.aae9a515e79045a1aae840ddf8776eed.jpg,GOPR7229_JPG.rf.aae9a515e79045a1aae840ddf8776eed.jpg,train,640,640,1.0,JPEG,109855,3,RGB,509640e4d48dcab424f0090f955ceb47,1
/Users/macbook/Documents/cassava-navigation-ai/data/extracted/data/images/train/GOPR7230_JPG.rf.a349cdce63dbe20bc3d1de36794912d9.jpg,GOPR7230_JPG.rf.a349cdce63dbe20bc3d1de36794912d9.jpg,train,640,640,1.0,JPEG,103801,3,RGB,e28dd6393222059742fb873d6c87e0a4,1
/Users/macbook/Documents/cassava-navigation-ai/data/extracted/data/images/train/GOPR7231_JPG.rf.74dd368e445576b6851484b6aa2bbf77.jpg,GOPR7231_JPG.rf.74dd368e445576b6851484b6aa2bbf77.jpg,train,640,640,1.0,JPEG,105827,3,RGB,5e5780aadcb4e59c3746ed1730cbe5a1,1
/Users/macbook/Documents/cassava-navigation-ai/data/extracted/data/images/train/GOPR7232_JPG.rf.0752575c3a13221bed17491c0d544861.jpg,GOPR7232_JPG.rf.0752575c3a13221bed17491c0d544861.jpg,train,640,640,1.0,JPEG,126670,3,RGB,e0f6ea244580dab5ec8e6f638a6ddaf6,1
/Users/macbook/Documents/cassava-navigation-ai/data/extracted/data/images/train/GOPR7233_JPG.rf.98eae885c4ceabd47dcabd655b42d8f9.jpg,GOPR7233_JPG.rf.98eae885c4ceabd47dcabd655b42d8f9.jpg,train,640,640,1.0,JPEG,143558,3,RGB,f8c549d50bbbfef115d93cbee308f334,1
/Users/macbook/Documents/cassava-navigation-ai/data/extracted/data/images/train/GOPR7235_JPG.rf.5cc296d48d7b3d5afdc4d3ed26d2e583.jpg,GOPR7235_JPG.rf.5cc296d48d7b3d5afdc4d3ed26d2e583.jpg,train,640,640,1.0,JPEG,139693,3,RGB,ec70ad1fd2063488cabf3de048da3a0a,1
/Users/macbook/Documents/cassava-navigation-ai/data/extracted/data/images/train/GOPR7237_JPG.rf.c7a1804596e2cccd244c0a6cf910c334.jpg,GOPR7237_JPG.rf.c7a1804596e2cccd244c0a6cf910c334.jpg,train,640,640,1.0,JPEG,83706,3,RGB,46dd07f75cef51cfd801cd6ee7d7bc2f,1
/Users/macbook/Documents/cassava-navigation-ai/data/extracted/data/images/train/GOPR7398_JPG.rf.c6f722b6d541cadba4ed83336b4c9f85.jpg,GOPR7398_JPG.rf.c6f722b6d541cadba4ed83336b4c9f85.jpg,train,640,640,1.0,JPEG,93667,3,RGB,bb5414ff1196036c5f26e1efaadb326e,1
/Users/macbook/Documents/cassava-navigation-ai/data/extracted/data/images/train/GOPR7400_JPG.rf.07892e224004c2599ee9ecb8d2dd9a28.jpg,GOPR7400_JPG.rf.07892e224004c2599ee9ecb8d2dd9a28.jpg,train,640,640,1.0,JPEG,126112,3,RGB,6a838743b7032bb61cc5a4f913582513,1
/Users/macbook/Documents/cassava-navigation-ai/data/extracted/data/images/train/GOPR7402_JPG.rf.670396c3ae0c5bba0ac1c16ecf240d29.jpg,GOPR7402_JPG.rf.670396c3ae0c5bba0ac1c16ecf240d29.jpg,train,640,640,1.0,JPEG,135750,3,RGB,47f8ccfbdd128019c835641ce21bf096,1
/Users/macbook/Documents/cassava-navigation-ai/data/extracted/data/images/train/GOPR7405_JPG.rf.975c6ba2ccb61ac8e761cbcea1225502.jpg,GOPR7405_JPG.rf.975c6ba2ccb61ac8e761cbcea1225502.jpg,train,640,640,1.0,JPEG,59651,3,RGB,be628ab1481158ca6bcd6b0d93981043,1
/Users/macbook/Documents/cassava-navigation-ai/data/extracted/data/images/train/GOPR7406_JPG.rf.b666e83c0b1a539b3cd647f2c1283716.jpg,GOPR7406_JPG.rf.b666e83c0b1a539b3cd647f2c1283716.jpg,train,640,640,1.0,JPEG,87370,3,RGB,fc43b4edf0a0cf4a62c48ea9f083f7ad,1
/Users/macbook/Documents/cassava-navigation-ai/data/extracted/data/images/train/GOPR7407_JPG.rf.0241ef9201e10b1522ba7d1662e06ace.jpg,GOPR7407_JPG.rf.0241ef9201e10b1522ba7d1662e06ace.jpg,train,640,640,1.0,JPEG,98718,3,RGB,ebb5e8c3007513a6ab0ddeb4625cb691,1
/Users/macbook/Documents/cassava-navigation-ai/data/extracted/data/images/train/GOPR7409_JPG.rf.3ffcabeb9dd550415ff0e264d028e617.jpg,GOPR7409_JPG.rf.3ffcabeb9dd550415ff0e264d028e617.jpg,train,640,640,1.0,JPEG,128584,3,RGB,52f6789205480e7f4cb6f6bdb2765414,1
/Users/macbook/Documents/cassava-navigation-ai/data/extracted/data/images/train/GOPR7410_JPG.rf.39f6089cf4340a6e2dc69c65fe0b677d.jpg,GOPR7410_JPG.rf.39f6089cf4340a6e2dc69c65fe0b677d.jpg,train,640,640,1.0,JPEG,123051,3,RGB,a80c79c61b9a6bf85ff4e0b85ae3e2cc,1
/Users/macbook/Documents/cassava-navigation-ai/data/extracted/data/images/train/GOPR7412_JPG.rf.9bb32cc7b3974db121099c8c867a0722.jpg,GOPR7412_JPG.rf.9bb32cc7b3974db121099c8c867a0722.jpg,train,640,640,1.0,JPEG,136561,3,RGB,f5754ffd8fcd66e98834098e77c96186,1
/Users/macbook/Documents/cassava-navigation-ai/data/extracted/data/images/train/GOPR7413_JPG.rf.e29976e14d7f8aeae82938ea8ac0eaf5.jpg,GOPR7413_JPG.rf.e29976e14d7f8aeae82938ea8ac0eaf5.jpg,train,640,640,1.0,JPEG,103175,3,RGB,b1d81b68aa6fdc4c16b6ac71e3942b2d,1
/Users/macbook/Documents/cassava-navigation-ai/data/extracted/data/images/train/GOPR7414_JPG.rf.bc03fec25bd19d6a3985467caa0c7849.jpg,GOPR7414_JPG.rf.bc03fec25bd19d6a3985467caa0c7849.jpg,train,640,640,1.0,JPEG,139339,3,RGB,eb385bb4552d7adbba675a86afe766a8,1
/Users/macbook/Documents/cassava-navigation-ai/data/extracted/data/images/train/GOPR7418_JPG.rf.09c5c6ea08442d05397542ec6b32d421.jpg,GOPR7418_JPG.rf.09c5c6ea08442d05397542ec6b32d421.jpg,train,640,640,1.0,JPEG,101061,3,RGB,6bbd03cdc505526e4d70fae2fdcbba53,1
/Users/macbook/Documents/cassava-navigation-ai/data/extracted/data/images/train/GOPR7425_JPG.rf.c8a9cf2c3e77522b4ac4fba8275d65c2.jpg,GOPR7425_JPG.rf.c8a9cf2c3e77522b4ac4fba8275d65c2.jpg,train,640,640,1.0,JPEG,152179,3,RGB,46089700ca73d35d0ea3f9b245887aee,1
/Users/macbook/Documents/cassava-navigation-ai/data/extracted/data/images/train/GOPR7426_JPG.rf.acfe99cc0ef647e0f2572787629672f5.jpg,GOPR7426_JPG.rf.acfe99cc0ef647e0f2572787629672f5.jpg,train,640,640,1.0,JPEG,134847,3,RGB,5ef10398a9a190589f989678737748fd,1
/Users/macbook/Documents/cassava-navigation-ai/data/extracted/data/images/train/GOPR7428_JPG.rf.526ac28ab48962b1a4d09cecb120f275.jpg,GOPR7428_JPG.rf.526ac28ab48962b1a4d09cecb120f275.jpg,train,640,640,1.0,JPEG,143173,3,RGB,bf026f771884b663ef016db5875c0f76,1
/Users/macbook/Documents/cassava-navigation-ai/data/extracted/data/images/train/GOPR7429_JPG.rf.2b0ebe67ed22cfdad18304ae18406912.jpg,GOPR7429_JPG.rf.2b0ebe67ed22cfdad18304ae18406912.jpg,train,640,640,1.0,JPEG,120949,3,RGB,7b44756d70b30169dd89ff0302a14ae1,1
/Users/macbook/Documents/cassava-navigation-ai/data/extracted/data/images/train/GOPR7430_JPG.rf.b1c8b665eb8894a3da072b389cd9d6f2.jpg,GOPR7430_JPG.rf.b1c8b665eb8894a3da072b389cd9d6f2.jpg,train,640,640,1.0,JPEG,105652,3,RGB,5ddc8dd935dd2294386009e0bcbd141a,1
/Users/macbook/Documents/cassava-navigation-ai/data/extracted/data/images/train/GOPR7431_JPG.rf.719eaa95278cd89094cc11643494f1d2.jpg,GOPR7431_JPG.rf.719eaa95278cd89094cc11643494f1d2.jpg,train,640,640,1.0,JPEG,105103,3,RGB,fcb151453bab662f1b1fe2b829fe5ece,1
/Users/macbook/Documents/cassava-navigation-ai/data/extracted/data/images/train/GOPR7432_JPG.rf.ba746b61f3e5643acfe5c623675900a7.jpg,GOPR7432_JPG.rf.ba746b61f3e5643acfe5c623675900a7.jpg,train,640,640,1.0,JPEG,113947,3,RGB,482d45aba5e22ed92a6df2b83ac233cd,1
/Users/macbook/Documents/cassava-navigation-ai/data/extracted/data/images/train/GOPR7434_JPG.rf.40022025b18a90ecdfe2ff8402e2605b.jpg,GOPR7434_JPG.rf.40022025b18a90ecdfe2ff8402e2605b.jpg,train,640,640,1.0,JPEG,112202,3,RGB,bad7dd32e269156b42518b8d9bee88b2,1
/Users/macbook/Documents/cassava-navigation-ai/data/extracted/data/images/train/GOPR7436_JPG.rf.1a45532afe291347508aaeb7f52318c6.jpg,GOPR7436_JPG.rf.1a45532afe291347508aaeb7f52318c6.jpg,train,640,640,1.0,JPEG,132954,3,RGB,f5570349445847db7c756076847e3083,1
/Users/macbook/Documents/cassava-navigation-ai/data/extracted/data/images/train/GOPR7437_JPG.rf.289ab7157a8307fb63809619388ed3a7.jpg,GOPR7437_JPG.rf.289ab7157a8307fb63809619388ed3a7.jpg,train,640,640,1.0,JPEG,83488,3,RGB,983113a29cfce2af5550af8d988b378b,1
/Users/macbook/Documents/cassava-navigation-ai/data/extracted/data/images/train/GOPR7438_JPG.rf.1fdbe3a9b55609f7f9e0976b3faf3e19.jpg,GOPR7438_JPG.rf.1fdbe3a9b55609f7f9e0976b3faf3e19.jpg,train,640,640,1.0,JPEG,87062,3,RGB,ac5ad6380ede028526d0ea8ffb3240ea,1
/Users/macbook/Documents/cassava-navigation-ai/data/extracted/data/images/train/GOPR7439_JPG.rf.91d75c8dfe849390e9e5e108b1f168a5.jpg,GOPR7439_JPG.rf.91d75c8dfe849390e9e5e108b1f168a5.jpg,train,640,640,1.0,JPEG,78412,3,RGB,ba7d04f46789251d4a9a9646e9d012dc,1
/Users/macbook/Documents/cassava-navigation-ai/data/extracted/data/images/train/GOPR7440_JPG.rf.30b083fdcf1c027c984efa37fbe4d96a.jpg,GOPR7440_JPG.rf.30b083fdcf1c027c984efa37fbe4d96a.jpg,train,640,640,1.0,JPEG,85669,3,RGB,a8f56a6b677d2de847c0529498df8189,1
/Users/macbook/Documents/cassava-navigation-ai/data/extracted/data/images/train/GOPR7441_JPG.rf.5f617e080d57617b7e6ef7466bcd5f97.jpg,GOPR7441_JPG.rf.5f617e080d57617b7e6ef7466bcd5f97.jpg,train,640,640,1.0,JPEG,75300,3,RGB,78ceb6ebb268cb6a12ed9a562e75e911,1
/Users/macbook/Documents/cassava-navigation-ai/data/extracted/data/images/train/GOPR7443_JPG.rf.14e7c22fc4f46b974528fa8a58f73dd2.jpg,GOPR7443_JPG.rf.14e7c22fc4f46b974528fa8a58f73dd2.jpg,train,640,640,1.0,JPEG,98019,3,RGB,0f58029d0b469c4b76638b5facff67ab,1
/Users/macbook/Documents/cassava-navigation-ai/data/extracted/data/images/train/GOPR7444_JPG.rf.055915b4966544cbe10aa3d70c734256.jpg,GOPR7444_JPG.rf.055915b4966544cbe10aa3d70c734256.jpg,train,640,640,1.0,JPEG,111176,3,RGB,7e8b678b4d266aa133f52b6268173a60,1
/Users/macbook/Documents/cassava-navigation-ai/data/extracted/data/images/train/GOPR7447_JPG.rf.c2d389ddad9a45b05ed5cfef84594cc7.jpg,GOPR7447_JPG.rf.c2d389ddad9a45b05ed5cfef84594cc7.jpg,train,640,640,1.0,JPEG,109377,3,RGB,d1fdc6cf38cfda5314dfd97ffc18f77a,1
/Users/macbook/Documents/cassava-navigation-ai/data/extracted/data/images/train/GOPR7448_JPG.rf.893a9e78b5afa70ba2e965066e42d51b.jpg,GOPR7448_JPG.rf.893a9e78b5afa70ba2e965066e42d51b.jpg,train,640,640,1.0,JPEG,124798,3,RGB,b9828fb7e8dd195c020d503eaf693ea0,1
/Users/macbook/Documents/cassava-navigation-ai/data/extracted/data/images/train/GOPR7449_JPG.rf.d4ba728fdae6e243736caf0f0199a265.jpg,GOPR7449_JPG.rf.d4ba728fdae6e243736caf0f0199a265.jpg,train,640,640,1.0,JPEG,128411,3,RGB,ee6a45a3ea3b46e65342856787c6c1fa,1
/Users/macbook/Documents/cassava-navigation-ai/data/extracted/data/images/train/GOPR7450_JPG.rf.5c03ac095648c8dad386bddb5b4d4cc7.jpg,GOPR7450_JPG.rf.5c03ac095648c8dad386bddb5b4d4cc7.jpg,train,640,640,1.0,JPEG,147224,3,RGB,7a539f9bacd6c068adfbdf5c63c12de0,1
/Users/macbook/Documents/cassava-navigation-ai/data/extracted/data/images/train/GOPR7451_JPG.rf.07b9c09bee345c7c1eec7ce4f2cf3466.jpg,GOPR7451_JPG.rf.07b9c09bee345c7c1eec7ce4f2cf3466.jpg,train,640,640,1.0,JPEG,146094,3,RGB,a87bb4440a2702bc591068b2e94a8a55,1
/Users/macbook/Documents/cassava-navigation-ai/data/extracted/data/images/train/GOPR7452_JPG.rf.c26ed5318479361cb40004d58bdb0126.jpg,GOPR7452_JPG.rf.c26ed5318479361cb40004d58bdb0126.jpg,train,640,640,1.0,JPEG,125782,3,RGB,9a164b70f09674d273031c3872ca66d3,1
/Users/macbook/Documents/cassava-navigation-ai/data/extracted/data/images/train/GOPR7453_JPG.rf.4680885f34a2f906d2c5a502b6a1ad63.jpg,GOPR7453_JPG.rf.4680885f34a2f906d2c5a502b6a1ad63.jpg,train,640,640,1.0,JPEG,133259,3,RGB,ab07563133fbd69320b433001301b43a,1
/Users/macbook/Documents/cassava-navigation-ai/data/extracted/data/images/train/GOPR7454_JPG.rf.11da648521819dd9e94abf7e55baf267.jpg,GOPR7454_JPG.rf.11da648521819dd9e94abf7e55baf267.jpg,train,640,640,1.0,JPEG,150307,3,RGB,ee167fb0ceca422e3aa029649b15e204,1
/Users/macbook/Documents/cassava-navigation-ai/data/extracted/data/images/train/GOPR7455_JPG.rf.407087728175f6cd54e235e382803b5a.jpg,GOPR7455_JPG.rf.407087728175f6cd54e235e382803b5a.jpg,train,640,640,1.0,JPEG,132776,3,RGB,72a1cc7148fbc27bbdfa81cdd3e42b60,1
/Users/macbook/Documents/cassava-navigation-ai/data/extracted/data/images/train/GOPR7456_JPG.rf.811b41743e45fd265f8f446fbd2a8595.jpg,GOPR7456_JPG.rf.811b41743e45fd265f8f446fbd2a8595.jpg,train,640,640,1.0,JPEG,132675,3,RGB,a4cc5a63bdfd6322c6bf6833aa728923,1
/Users/macbook/Documents/cassava-navigation-ai/data/extracted/data/images/train/GOPR7457_JPG.rf.ba4fb8e80a5ae22b118b88edc0895216.jpg,GOPR7457_JPG.rf.ba4fb8e80a5ae22b118b88edc0895216.jpg,train,640,640,1.0,JPEG,137074,3,RGB,8c5dc24e07b2d95b0810397d1f0eee98,1
/Users/macbook/Documents/cassava-navigation-ai/data/extracted/data/images/train/GOPR7459_JPG.rf.a536852962a7bce35cb1ce355b2b8fc7.jpg,GOPR7459_JPG.rf.a536852962a7bce35cb1ce355b2b8fc7.jpg,train,640,640,1.0,JPEG,144420,3,RGB,46ae15ab8464ab379184d5e6e718d74f,1
/Users/macbook/Documents/cassava-navigation-ai/data/extracted/data/images/train/GOPR7460_JPG.rf.918191c0f3a59e0d761d96a305748e99.jpg,GOPR7460_JPG.rf.918191c0f3a59e0d761d96a305748e99.jpg,train,640,640,1.0,JPEG,157855,3,RGB,cfbb80d0674d9c1c78af1823e13d0e97,1
/Users/macbook/Documents/cassava-navigation-ai/data/extracted/data/images/train/GOPR7462_JPG.rf.0489ba0e3a8d83ba294b7e2cddc9c639.jpg,GOPR7462_JPG.rf.0489ba0e3a8d83ba294b7e2cddc9c639.jpg,train,640,640,1.0,JPEG,133340,3,RGB,a9e946dbd015b895ab80894462d1a038,1
/Users/macbook/Documents/cassava-navigation-ai/data/extracted/data/images/train/GOPR7463_JPG.rf.8f8cd515edd6f07160daf499a1529188.jpg,GOPR7463_JPG.rf.8f8cd515edd6f07160daf499a1529188.jpg,train,640,640,1.0,JPEG,131997,3,RGB,35a660bf7c56aa3b10f03e73faa45005,1
/Users/macbook/Documents/cassava-navigation-ai/data/extracted/data/images/train/GOPR7464_JPG.rf.0481534daffdd73fb66853aad7eebc32.jpg,GOPR7464_JPG.rf.0481534daffdd73fb66853aad7eebc32.jpg,train,640,640,1.0,JPEG,150253,3,RGB,75b3655ec5c2f82cbd28326da59b0ee0,1
/Users/macbook/Documents/cassava-navigation-ai/data/extracted/data/images/train/GOPR7466_JPG.rf.be46ba36ecfc4c9fc853028ec44a6c7a.jpg,GOPR7466_JPG.rf.be46ba36ecfc4c9fc853028ec44a6c7a.jpg,train,640,640,1.0,JPEG,126628,3,RGB,0eb7c16f22fe30cb9d8ed5eac3f028d5,1
/Users/macbook/Documents/cassava-navigation-ai/data/extracted/data/images/train/GOPR7468_JPG.rf.82e5881bd47eec4e8f9fe9b0c060c730.jpg,GOPR7468_JPG.rf.82e5881bd47eec4e8f9fe9b0c060c730.jpg,train,640,640,1.0,JPEG,141630,3,RGB,5187f5b9c23535137ac0dc9f00b2e186,1
/Users/macbook/Documents/cassava-navigation-ai/data/extracted/data/images/train/GOPR7469_JPG.rf.2e12df7d241d73d6bb9f03c371aa4a61.jpg,GOPR7469_JPG.rf.2e12df7d241d73d6bb9f03c371aa4a61.jpg,train,640,640,1.0,JPEG,124336,3,RGB,0324111f0bd6b62b0492733692a7b6d7,1
/Users/macbook/Documents/cassava-navigation-ai/data/extracted/data/images/train/GOPR7470_JPG.rf.bfb09f3ea9289b540b681f2736d7ec88.jpg,GOPR7470_JPG.rf.bfb09f3ea9289b540b681f2736d7ec88.jpg,train,640,640,1.0,JPEG,96207,3,RGB,af1ac912f4e9b1e65be7a58bc03e8a58,1
/Users/macbook/Documents/cassava-navigation-ai/data/extracted/data/images/train/GOPR7471_JPG.rf.687a1caa8911982a31d95ce6848da24a.jpg,GOPR7471_JPG.rf.687a1caa8911982a31d95ce6848da24a.jpg,train,640,640,1.0,JPEG,109756,3,RGB,4668e70bfc399a88d3028afd07f6f441,1
/Users/macbook/Documents/cassava-navigation-ai/data/extracted/data/images/train/GOPR7482_JPG.rf.a939ddfa240788b2df29f7bfae75d1cc.jpg,GOPR7482_JPG.rf.a939ddfa240788b2df29f7bfae75d1cc.jpg,train,640,640,1.0,JPEG,74149,3,RGB,808c41fa2b400b066768ac3b174a2f34,1
/Users/macbook/Documents/cassava-navigation-ai/data/extracted/data/images/train/GOPR7483_JPG.rf.b7693544b92202b45caaacfa52362721.jpg,GOPR7483_JPG.rf.b7693544b92202b45caaacfa52362721.jpg,train,640,640,1.0,JPEG,92722,3,RGB,c2a6aa43f1e4d0ed388f3574116bcdff,1
/Users/macbook/Documents/cassava-navigation-ai/data/extracted/data/images/train/GOPR7484_JPG.rf.759172f99a34413a3d5baebb0cdbfe85.jpg,GOPR7484_JPG.rf.759172f99a34413a3d5baebb0cdbfe85.jpg,train,640,640,1.0,JPEG,118935,3,RGB,d820c4c539b0c627824b4659dcc367bd,1
/Users/macbook/Documents/cassava-navigation-ai/data/extracted/data/images/train/GOPR7486_JPG.rf.622e009d5fe5292a1bc5d09d9ab87bcc.jpg,GOPR7486_JPG.rf.622e009d5fe5292a1bc5d09d9ab87bcc.jpg,train,640,640,1.0,JPEG,144463,3,RGB,5546e2e80ba00bfe74b4f221b64250af,1
/Users/macbook/Documents/cassava-navigation-ai/data/extracted/data/images/train/GOPR7489_JPG.rf.7cfaa275246cd3d44e7de35d5a735cda.jpg,GOPR7489_JPG.rf.7cfaa275246cd3d44e7de35d5a735cda.jpg,train,640,640,1.0,JPEG,130227,3,RGB,ea0dbf98f794c757ecc511d626f83dd9,1
/Users/macbook/Documents/cassava-navigation-ai/data/extracted/data/images/train/GOPR7491_JPG.rf.a6809e549c29ebff4050695e77de5377.jpg,GOPR7491_JPG.rf.a6809e549c29ebff4050695e77de5377.jpg,train,640,640,1.0,JPEG,140561,3,RGB,315eeee739c066e53da45033e266e858,1
/Users/macbook/Documents/cassava-navigation-ai/data/extracted/data/images/train/GOPR7492_JPG.rf.4b11a8feba7086aad7035c439b825b27.jpg,GOPR7492_JPG.rf.4b11a8feba7086aad7035c439b825b27.jpg,train,640,640,1.0,JPEG,148090,3,RGB,a8ab23152d75c23a59e4001d8f438b30,1
/Users/macbook/Documents/cassava-navigation-ai/data/extracted/data/images/train/GOPR7493_JPG.rf.b4fdbb1380a349c2a5d519402e004e48.jpg,GOPR7493_JPG.rf.b4fdbb1380a349c2a5d519402e004e48.jpg,train,640,640,1.0,JPEG,146800,3,RGB,a39142dc0caf103c53754d6deeeb0d01,1
/Users/macbook/Documents/cassava-navigation-ai/data/extracted/data/images/train/GOPR7494_JPG.rf.1e5b203bb3b8e7e4b73a79c7e13c87d7.jpg,GOPR7494_JPG.rf.1e5b203bb3b8e7e4b73a79c7e13c87d7.jpg,train,640,640,1.0,JPEG,140394,3,RGB,9b74f7b0e8254460eddd78fd3d624f69,1
/Users/macbook/Documents/cassava-navigation-ai/data/extracted/data/images/train/GOPR7497_JPG.rf.1cd8a28b2c1f2f48ce1739324960de8c.jpg,GOPR7497_JPG.rf.1cd8a28b2c1f2f48ce1739324960de8c.jpg,train,640,640,1.0,JPEG,114662,3,RGB,9192132c55faad1d76476cde0cb57424,1
/Users/macbook/Documents/cassava-navigation-ai/data/extracted/data/images/train/GOPR7502_JPG.rf.d105c13c4e1af95bf2b64ac41780d432.jpg,GOPR7502_JPG.rf.d105c13c4e1af95bf2b64ac41780d432.jpg,train,640,640,1.0,JPEG,108713,3,RGB,2b1e796293c159c0ba8fd9cd170435da,1
/Users/macbook/Documents/cassava-navigation-ai/data/extracted/data/images/train/GOPR7504_JPG.rf.e89b6691fd4f35ac8572d5b50db43a4a.jpg,GOPR7504_JPG.rf.e89b6691fd4f35ac8572d5b50db43a4a.jpg,train,640,640,1.0,JPEG,93669,3,RGB,04d5d473135657fbd3d457134d38d64b,1
/Users/macbook/Documents/cassava-navigation-ai/data/extracted/data/images/train/GOPR7507_JPG.rf.50e17d27f27d198d3f398409c1c899dc.jpg,GOPR7507_JPG.rf.50e17d27f27d198d3f398409c1c899dc.jpg,train,640,640,1.0,JPEG,120019,3,RGB,15faf8233c4fd881cb72761cd3b8da76,1
/Users/macbook/Documents/cassava-navigation-ai/data/extracted/data/images/train/GOPR7508_JPG.rf.e959880a4b80c17021a0e80669d76954.jpg,GOPR7508_JPG.rf.e959880a4b80c17021a0e80669d76954.jpg,train,640,640,1.0,JPEG,128214,3,RGB,fc55dfad968cc7288aca700d0e4005a4,1
/Users/macbook/Documents/cassava-navigation-ai/data/extracted/data/images/train/GOPR7510_JPG.rf.127723eeadf40c2052f039f1760d21fa.jpg,GOPR7510_JPG.rf.127723eeadf40c2052f039f1760d21fa.jpg,train,640,640,1.0,JPEG,105145,3,RGB,2f8be2729ac85cc0af38a76d7e73a493,1
/Users/macbook/Documents/cassava-navigation-ai/data/extracted/data/images/train/GOPR7511_JPG.rf.ee85fb2bebead59bbe1770fad7c3733f.jpg,GOPR7511_JPG.rf.ee85fb2bebead59bbe1770fad7c3733f.jpg,train,640,640,1.0,JPEG,91888,3,RGB,e0f7da5f8eff53e2938e461428a80db8,1
/Users/macbook/Documents/cassava-navigation-ai/data/extracted/data/images/train/GOPR7514_JPG.rf.857a7f154ef256718b0b03128cb40567.jpg,GOPR7514_JPG.rf.857a7f154ef256718b0b03128cb40567.jpg,train,640,640,1.0,JPEG,112099,3,RGB,f6f05e824f535da1da2794e72aaaaea2,1
/Users/macbook/Documents/cassava-navigation-ai/data/extracted/data/images/train/GOPR7515_JPG.rf.ee14d1bc0226c97e468beecb0d895a77.jpg,GOPR7515_JPG.rf.ee14d1bc0226c97e468beecb0d895a77.jpg,train,640,640,1.0,JPEG,104912,3,RGB,2a6ff51b8144798a020f291e2f60b7f9,1
/Users/macbook/Documents/cassava-navigation-ai/data/extracted/data/images/train/GOPR7516_JPG.rf.7b511dee35785cfa08459c386a8595bd.jpg,GOPR7516_JPG.rf.7b511dee35785cfa08459c386a8595bd.jpg,train,640,640,1.0,JPEG,97275,3,RGB,9893c687718c110e7228e6557c4cbd68,1
/Users/macbook/Documents/cassava-navigation-ai/data/extracted/data/images/train/GOPR7517_JPG.rf.e9f0f74cfc0932fe3270133a353d0e28.jpg,GOPR7517_JPG.rf.e9f0f74cfc0932fe3270133a353d0e28.jpg,train,640,640,1.0,JPEG,114714,3,RGB,400ab7c7273e5f4b6b85fcdd05352746,1
/Users/macbook/Documents/cassava-navigation-ai/data/extracted/data/images/train/GOPR7518_JPG.rf.036ffdef6ce73e99eba18bb3bc3855b0.jpg,GOPR7518_JPG.rf.036ffdef6ce73e99eba18bb3bc3855b0.jpg,train,640,640,1.0,JPEG,106424,3,RGB,c031633f392b983293b7514b879a1098,1
/Users/macbook/Documents/cassava-navigation-ai/data/extracted/data/images/train/GOPR7519_JPG.rf.46c86aaf17fabae456f74308886c74e3.jpg,GOPR7519_JPG.rf.46c86aaf17fabae456f74308886c74e3.jpg,train,640,640,1.0,JPEG,114630,3,RGB,51d97c534cfa950ddca6f41ce387f8ed,1
/Users/macbook/Documents/cassava-navigation-ai/data/extracted/data/images/train/GOPR7520_JPG.rf.19f67d8e22d3230eeac12ca8456f0aa9.jpg,GOPR7520_JPG.rf.19f67d8e22d3230eeac12ca8456f0aa9.jpg,train,640,640,1.0,JPEG,110378,3,RGB,427542884b57968fec6a112ec57e599e,1
/Users/macbook/Documents/cassava-navigation-ai/data/extracted/data/images/train/GOPR7521_JPG.rf.3d61545e0df9002f10f65dd71f730aa2.jpg,GOPR7521_JPG.rf.3d61545e0df9002f10f65dd71f730aa2.jpg,train,640,640,1.0,JPEG,117893,3,RGB,4567aa025c05d2c17886e78d9d203e7c,1
/Users/macbook/Documents/cassava-navigation-ai/data/extracted/data/images/train/GOPR7523_JPG.rf.535e6fcd8714c1f9ae375069e5fefa8f.jpg,GOPR7523_JPG.rf.535e6fcd8714c1f9ae375069e5fefa8f.jpg,train,640,640,1.0,JPEG,88494,3,RGB,5547fdeeca89989e8b80e0211dd70751,1
/Users/macbook/Documents/cassava-navigation-ai/data/extracted/data/images/train/GOPR7525_JPG.rf.e390150a4a53129ba84c23c9631109bc.jpg,GOPR7525_JPG.rf.e390150a4a53129ba84c23c9631109bc.jpg,train,640,640,1.0,JPEG,138050,3,RGB,d9cb2fb6dd69e622b7c831c696c28a51,1
/Users/macbook/Documents/cassava-navigation-ai/data/extracted/data/images/train/GOPR7527_JPG.rf.0330f2fb5ee29895fe8724ab8a0891d7.jpg,GOPR7527_JPG.rf.0330f2fb5ee29895fe8724ab8a0891d7.jpg,train,640,640,1.0,JPEG,130563,3,RGB,f56f061aae6e36558380b6a8214c50f0,1
/Users/macbook/Documents/cassava-navigation-ai/data/extracted/data/images/train/GOPR7528_JPG.rf.b538c2fb96a38b69ebdb39da0c3d5394.jpg,GOPR7528_JPG.rf.b538c2fb96a38b69ebdb39da0c3d5394.jpg,train,640,640,1.0,JPEG,124246,3,RGB,490610ae8c681b22bb338347ff8e11a8,1
/Users/macbook/Documents/cassava-navigation-ai/data/extracted/data/images/train/GOPR7529_JPG.rf.c1b9333843bf0e51bfb7b02bc86b8a0d.jpg,GOPR7529_JPG.rf.c1b9333843bf0e51bfb7b02bc86b8a0d.jpg,train,640,640,1.0,JPEG,96935,3,RGB,afe1a56c315d0e7ffdd3ae6a8f08b5f0,1
/Users/macbook/Documents/cassava-navigation-ai/data/extracted/data/images/train/GOPR7530_JPG.rf.13ee3339037a31085920bca1caa65c59.jpg,GOPR7530_JPG.rf.13ee3339037a31085920bca1caa65c59.jpg,train,640,640,1.0,JPEG,132352,3,RGB,a6667eddf4fb891ce4814151c1b6a865,1
/Users/macbook/Documents/cassava-navigation-ai/data/extracted/data/images/train/GOPR7531_JPG.rf.884bd31121d474c6ad6e89bb9f865102.jpg,GOPR7531_JPG.rf.884bd31121d474c6ad6e89bb9f865102.jpg,train,640,640,1.0,JPEG,145283,3,RGB,5433b921165eca57efed4a0c3c36a29a,1
/Users/macbook/Documents/cassava-navigation-ai/data/extracted/data/images/train/GOPR7532_JPG.rf.d709cd8fcffb4c633d66c1ce7acd285f.jpg,GOPR7532_JPG.rf.d709cd8fcffb4c633d66c1ce7acd285f.jpg,train,640,640,1.0,JPEG,125501,3,RGB,537ee06741322c19027881c904243594,1
/Users/macbook/Documents/cassava-navigation-ai/data/extracted/data/images/train/GOPR7533_JPG.rf.14e975f977104bd35d382d0f819c13c3.jpg,GOPR7533_JPG.rf.14e975f977104bd35d382d0f819c13c3.jpg,train,640,640,1.0,JPEG,142841,3,RGB,3505433684dd886244357619ec84cb57,1
/Users/macbook/Documents/cassava-navigation-ai/data/extracted/data/images/train/GOPR7534_JPG.rf.24ce765c1389cb10ac9f15665076dd99.jpg,GOPR7534_JPG.rf.24ce765c1389cb10ac9f15665076dd99.jpg,train,640,640,1.0,JPEG,103028,3,RGB,8f86f834e8abfa2f3c6e895f7042992c,1
/Users/macbook/Documents/cassava-navigation-ai/data/extracted/data/images/train/GOPR7535_JPG.rf.2ef6f51c89106fb5644baf5bbbd1af08.jpg,GOPR7535_JPG.rf.2ef6f51c89106fb5644baf5bbbd1af08.jpg,train,640,640,1.0,JPEG,129634,3,RGB,cfd2677af2105108ec682fa8eb8156cb,1
/Users/macbook/Documents/cassava-navigation-ai/data/extracted/data/images/train/GOPR7536_JPG.rf.a7f74c79fd11300c832a369e5dc3e061.jpg,GOPR7536_JPG.rf.a7f74c79fd11300c832a369e5dc3e061.jpg,train,640,640,1.0,JPEG,114015,3,RGB,65eb77354db0e2c83bf609e1afd7fc29,1
/Users/macbook/Documents/cassava-navigation-ai/data/extracted/data/images/train/GOPR7537_JPG.rf.be5520dbc29d3dde757f12b921e53906.jpg,GOPR7537_JPG.rf.be5520dbc29d3dde757f12b921e53906.jpg,train,640,640,1.0,JPEG,126952,3,RGB,c70988633a7c28bd4d8f9fb269d1fb2b,1
/Users/macbook/Documents/cassava-navigation-ai/data/extracted/data/images/train/GOPR7538_JPG.rf.45382b7637db724fef97150b471ffb44.jpg,GOPR7538_JPG.rf.45382b7637db724fef97150b471ffb44.jpg,train,640,640,1.0,JPEG,120195,3,RGB,fd83b761870ae720825ab7a6e300cf15,1
/Users/macbook/Documents/cassava-navigation-ai/data/extracted/data/images/train/GOPR7539_JPG.rf.aa1b9210cf344beb37689153ae37cc4b.jpg,GOPR7539_JPG.rf.aa1b9210cf344beb37689153ae37cc4b.jpg,train,640,640,1.0,JPEG,94038,3,RGB,539c82cfa478759646f8dfd8e60276ec,1
/Users/macbook/Documents/cassava-navigation-ai/data/extracted/data/images/train/GOPR7540_JPG.rf.0e89b8ed8910609ac1ff9911275d6c55.jpg,GOPR7540_JPG.rf.0e89b8ed8910609ac1ff9911275d6c55.jpg,train,640,640,1.0,JPEG,139801,3,RGB,1e65fbd3563cba132779bc2e0780245f,1
/Users/macbook/Documents/cassava-navigation-ai/data/extracted/data/images/train/GOPR7541_JPG.rf.4921bbea291fb111d0c5032970c64c76.jpg,GOPR7541_JPG.rf.4921bbea291fb111d0c5032970c64c76.jpg,train,640,640,1.0,JPEG,135760,3,RGB,967564bf3eb9c44baeccaeb2d844fc13,1
/Users/macbook/Documents/cassava-navigation-ai/data/extracted/data/images/train/GOPR7542_JPG.rf.7090da9a04264e8e34524afc7940e1b6.jpg,GOPR7542_JPG.rf.7090da9a04264e8e34524afc7940e1b6.jpg,train,640,640,1.0,JPEG,117985,3,RGB,4777ce88da9b6fc30cc0053ea18022b7,1
/Users/macbook/Documents/cassava-navigation-ai/data/extracted/data/images/train/GOPR7545_JPG.rf.811752382759d01e0a86a3d51482ed5e.jpg,GOPR7545_JPG.rf.811752382759d01e0a86a3d51482ed5e.jpg,train,640,640,1.0,JPEG,113192,3,RGB,47e66c9eb2ea20a2ef157ba667c9942a,1
/Users/macbook/Documents/cassava-navigation-ai/data/extracted/data/images/train/GOPR7546_JPG.rf.50ea01d7800683de50e58d95dd57307e.jpg,GOPR7546_JPG.rf.50ea01d7800683de50e58d95dd57307e.jpg,train,640,640,1.0,JPEG,81576,3,RGB,bab53ea0f4129996cb14c5435c6feaa0,1
/Users/macbook/Documents/cassava-navigation-ai/data/extracted/data/images/train/GOPR7547_JPG.rf.3d2609eb1b1d48875c9b025068cad04e.jpg,GOPR7547_JPG.rf.3d2609eb1b1d48875c9b025068cad04e.jpg,train,640,640,1.0,JPEG,126330,3,RGB,b456ce84429ecfb82149a9f6a73378ad,1
/Users/macbook/Documents/cassava-navigation-ai/data/extracted/data/images/train/GOPR7549_JPG.rf.e3c31d1a53045fb1daba3df74e690f42.jpg,GOPR7549_JPG.rf.e3c31d1a53045fb1daba3df74e690f42.jpg,train,640,640,1.0,JPEG,128924,3,RGB,05e0d3e34281df26df46fde03711f955,1
/Users/macbook/Documents/cassava-navigation-ai/data/extracted/data/images/train/GOPR7551_JPG.rf.6766d3eb05aa0e58075cad79ee226812.jpg,GOPR7551_JPG.rf.6766d3eb05aa0e58075cad79ee226812.jpg,train,640,640,1.0,JPEG,139458,3,RGB,04ca47f1e1907c06f5b3800665065de9,1
/Users/macbook/Documents/cassava-navigation-ai/data/extracted/data/images/train/GOPR7552_JPG.rf.d1732b0cba2ad855641c7832499fca08.jpg,GOPR7552_JPG.rf.d1732b0cba2ad855641c7832499fca08.jpg,train,640,640,1.0,JPEG,133830,3,RGB,e724f5a0fa3453b7aec06d638000e79d,1
/Users/macbook/Documents/cassava-navigation-ai/data/extracted/data/images/train/GOPR7554_JPG.rf.e76e1181558260d1bd48879c2bc5f93b.jpg,GOPR7554_JPG.rf.e76e1181558260d1bd48879c2bc5f93b.jpg,train,640,640,1.0,JPEG,132657,3,RGB,382c9c9c074c370b9d8a1a6d3d84014c,1
/Users/macbook/Documents/cassava-navigation-ai/data/extracted/data/images/train/GOPR7556_JPG.rf.c4c3cc9f7f380bfa0b094092ae013d41.jpg,GOPR7556_JPG.rf.c4c3cc9f7f380bfa0b094092ae013d41.jpg,train,640,640,1.0,JPEG,91531,3,RGB,ba8a889292287a72b1f05718775e5977,1
/Users/macbook/Documents/cassava-navigation-ai/data/extracted/data/images/train/GOPR7557_JPG.rf.33b04be4db8e3a45a52e5653cbbbe638.jpg,GOPR7557_JPG.rf.33b04be4db8e3a45a52e5653cbbbe638.jpg,train,640,640,1.0,JPEG,78279,3,RGB,3bc41044707de6bccd7233fe1493f51a,1
/Users/macbook/Documents/cassava-navigation-ai/data/extracted/data/images/train/GOPR7558_JPG.rf.32cff485c2e2e62f0e95f330f157fd8a.jpg,GOPR7558_JPG.rf.32cff485c2e2e62f0e95f330f157fd8a.jpg,train,640,640,1.0,JPEG,136423,3,RGB,bdf882706e687cf67188b406fdc4979c,1
/Users/macbook/Documents/cassava-navigation-ai/data/extracted/data/images/train/GOPR7559_JPG.rf.02e27845c111e853c035a30995498e47.jpg,GOPR7559_JPG.rf.02e27845c111e853c035a30995498e47.jpg,train,640,640,1.0,JPEG,131435,3,RGB,2a3ae879b1239bead1fafca22dca2119,1
/Users/macbook/Documents/cassava-navigation-ai/data/extracted/data/images/train/GOPR7560_JPG.rf.79523a31fa3484e15ebb552a4925c359.jpg,GOPR7560_JPG.rf.79523a31fa3484e15ebb552a4925c359.jpg,train,640,640,1.0,JPEG,110370,3,RGB,21bcd9844e0116d79a4561e1cb9d603a,1
/Users/macbook/Documents/cassava-navigation-ai/data/extracted/data/images/train/GOPR7561_JPG.rf.725a790e96e627b681b649dd5b416b3f.jpg,GOPR7561_JPG.rf.725a790e96e627b681b649dd5b416b3f.jpg,train,640,640,1.0,JPEG,92740,3,RGB,2ed1c00b15e7b434d22622e98abb97f9,1
/Users/macbook/Documents/cassava-navigation-ai/data/extracted/data/images/train/GOPR7562_JPG.rf.38104e45a79e73b1c85a8dd4d54b8e3b.jpg,GOPR7562_JPG.rf.38104e45a79e73b1c85a8dd4d54b8e3b.jpg,train,640,640,1.0,JPEG,69602,3,RGB,b2dc41f1a410ed0e68d7618c939af3ba,1
/Users/macbook/Documents/cassava-navigation-ai/data/extracted/data/images/train/GOPR7563_JPG.rf.0555e1f5817f1b582c552fe32b94aaa5.jpg,GOPR7563_JPG.rf.0555e1f5817f1b582c552fe32b94aaa5.jpg,train,640,640,1.0,JPEG,126944,3,RGB,4a3d56f6b3d44ac88be953b2eed74373,1
/Users/macbook/Documents/cassava-navigation-ai/data/extracted/data/images/train/GOPR7566_JPG.rf.e7a489fca6d3987ee4b570a2116aa1b4.jpg,GOPR7566_JPG.rf.e7a489fca6d3987ee4b570a2116aa1b4.jpg,train,640,640,1.0,JPEG,125540,3,RGB,31abc398c8f0363a5edb83c59f7d3e6d,1
/Users/macbook/Documents/cassava-navigation-ai/data/extracted/data/images/train/GOPR7567_JPG.rf.6ee249af02286e7c2523bd4b4f0b3b94.jpg,GOPR7567_JPG.rf.6ee249af02286e7c2523bd4b4f0b3b94.jpg,train,640,640,1.0,JPEG,111478,3,RGB,503d11d1a8a761fd561b014d669e9930,1
/Users/macbook/Documents/cassava-navigation-ai/data/extracted/data/images/train/GOPR7570_JPG.rf.da911ffed39060a7625c186c3b3637c6.jpg,GOPR7570_JPG.rf.da911ffed39060a7625c186c3b3637c6.jpg,train,640,640,1.0,JPEG,85062,3,RGB,d26b82b742caed0d808e78f5b475ab15,1
/Users/macbook/Documents/cassava-navigation-ai/data/extracted/data/images/train/GOPR7571_JPG.rf.18c802e455ac30ce6615af1acd6c018d.jpg,GOPR7571_JPG.rf.18c802e455ac30ce6615af1acd6c018d.jpg,train,640,640,1.0,JPEG,143706,3,RGB,3dd40008a0b55c3ec1930cdb1e3004fd,1
/Users/macbook/Documents/cassava-navigation-ai/data/extracted/data/images/train/GOPR7572_JPG.rf.831baa3368e32f6312d4bbdfa997b38f.jpg,GOPR7572_JPG.rf.831baa3368e32f6312d4bbdfa997b38f.jpg,train,640,640,1.0,JPEG,98746,3,RGB,518f61f70ab0a64800de9068fc9d6b70,1
/Users/macbook/Documents/cassava-navigation-ai/data/extracted/data/images/train/GOPR7573_JPG.rf.36cd10e87bc26978609dccaf5b4cb023.jpg,GOPR7573_JPG.rf.36cd10e87bc26978609dccaf5b4cb023.jpg,train,640,640,1.0,JPEG,106994,3,RGB,8b22a4fbcbe9fae47b9a7e710258311a,1
/Users/macbook/Documents/cassava-navigation-ai/data/extracted/data/images/train/GOPR7574_JPG.rf.fce2852cb2a26c6c1dff8a12aed8b3fa.jpg,GOPR7574_JPG.rf.fce2852cb2a26c6c1dff8a12aed8b3fa.jpg,train,640,640,1.0,JPEG,105165,3,RGB,37f1a3b29ae26d022b70d10f10c6b396,1
/Users/macbook/Documents/cassava-navigation-ai/data/extracted/data/images/train/GOPR7576_JPG.rf.46b8a363d1e7e1d86a954c8991db9bb5.jpg,GOPR7576_JPG.rf.46b8a363d1e7e1d86a954c8991db9bb5.jpg,train,640,640,1.0,JPEG,123006,3,RGB,0ece79e6323ba9035c114d990eba3cda,1
/Users/macbook/Documents/cassava-navigation-ai/data/extracted/data/images/train/GOPR7577_JPG.rf.80da102f80bbca8f0e24b0b476184ab8.jpg,GOPR7577_JPG.rf.80da102f80bbca8f0e24b0b476184ab8.jpg,train,640,640,1.0,JPEG,122413,3,RGB,ca2469e7ddde57aa686db4d3c084bf32,1
/Users/macbook/Documents/cassava-navigation-ai/data/extracted/data/images/train/GOPR7578_JPG.rf.251d4570b2bb84d1e6a78bd6ec043871.jpg,GOPR7578_JPG.rf.251d4570b2bb84d1e6a78bd6ec043871.jpg,train,640,640,1.0,JPEG,121944,3,RGB,fd6d29c0bff2c7af770cfd1d796e772c,1
/Users/macbook/Documents/cassava-navigation-ai/data/extracted/data/images/train/GOPR7579_JPG.rf.b84fd8b4ef2f88898045af5c4fe8b03e.jpg,GOPR7579_JPG.rf.b84fd8b4ef2f88898045af5c4fe8b03e.jpg,train,640,640,1.0,JPEG,87852,3,RGB,aa09a5988f78dd417e9dd50aeaf18b72,1
/Users/macbook/Documents/cassava-navigation-ai/data/extracted/data/images/train/GOPR7580_JPG.rf.0db0b5c2e9914c19e793c6d5d63ee0c4.jpg,GOPR7580_JPG.rf.0db0b5c2e9914c19e793c6d5d63ee0c4.jpg,train,640,640,1.0,JPEG,120629,3,RGB,a49a7df65b472ae10d955b5e66d0a32b,1
/Users/macbook/Documents/cassava-navigation-ai/data/extracted/data/images/train/GOPR7581_JPG.rf.e9e9ac2f59ec3a3afbf7e7fbeca13330.jpg,GOPR7581_JPG.rf.e9e9ac2f59ec3a3afbf7e7fbeca13330.jpg,train,640,640,1.0,JPEG,82075,3,RGB,4e3e4e7773b5007ce8c52a3a027729e6,1
/Users/macbook/Documents/cassava-navigation-ai/data/extracted/data/images/train/GOPR7582_JPG.rf.18d735e72d271e28c043128a71591eee.jpg,GOPR7582_JPG.rf.18d735e72d271e28c043128a71591eee.jpg,train,640,640,1.0,JPEG,107237,3,RGB,fd9f456a0b195b63211ff586e0296500,1
/Users/macbook/Documents/cassava-navigation-ai/data/extracted/data/images/train/GOPR7583_JPG.rf.e90a72bf3ec2203fd6d218dfa0332717.jpg,GOPR7583_JPG.rf.e90a72bf3ec2203fd6d218dfa0332717.jpg,train,640,640,1.0,JPEG,134849,3,RGB,7cb31653bd0f27b7b8587df6f177efbb,1
/Users/macbook/Documents/cassava-navigation-ai/data/extracted/data/images/train/GOPR7585_JPG.rf.a3e3662bd1884c9446da999b2bbee2ab.jpg,GOPR7585_JPG.rf.a3e3662bd1884c9446da999b2bbee2ab.jpg,train,640,640,1.0,JPEG,130571,3,RGB,ff5efe9e2f956f3551b853f928848bbd,1
/Users/macbook/Documents/cassava-navigation-ai/data/extracted/data/images/train/GOPR7587_JPG.rf.4c23b508aee7c1c25aaeaa9d5ba3afe6.jpg,GOPR7587_JPG.rf.4c23b508aee7c1c25aaeaa9d5ba3afe6.jpg,train,640,640,1.0,JPEG,118111,3,RGB,95e40e2b40c01da3308c35c50c2bba87,1
/Users/macbook/Documents/cassava-navigation-ai/data/extracted/data/images/train/GOPR7590_JPG.rf.c32cd0f061961fb198afd3d49e933f79.jpg,GOPR7590_JPG.rf.c32cd0f061961fb198afd3d49e933f79.jpg,train,640,640,1.0,JPEG,123650,3,RGB,768e18dbb127206c3c5dc12abe5b0223,1
/Users/macbook/Documents/cassava-navigation-ai/data/extracted/data/images/train/GOPR7593_JPG.rf.b74398b3581c3b886e0e64690f270562.jpg,GOPR7593_JPG.rf.b74398b3581c3b886e0e64690f270562.jpg,train,640,640,1.0,JPEG,111602,3,RGB,c0043e15f9b3f3640cd4876eed184d77,1
/Users/macbook/Documents/cassava-navigation-ai/data/extracted/data/images/train/GOPR7594_JPG.rf.84186c4747b46c06bacfe48b2d6cf2e9.jpg,GOPR7594_JPG.rf.84186c4747b46c06bacfe48b2d6cf2e9.jpg,train,640,640,1.0,JPEG,125415,3,RGB,62fea9cee83f86451e7c937d01dac9c8,1
/Users/macbook/Documents/cassava-navigation-ai/data/extracted/data/images/train/GOPR7595_JPG.rf.d0996fe27435aa2d8a2530ea96a03809.jpg,GOPR7595_JPG.rf.d0996fe27435aa2d8a2530ea96a03809.jpg,train,640,640,1.0,JPEG,113216,3,RGB,5238f64fcf5746f631fa308a312535bb,1
/Users/macbook/Documents/cassava-navigation-ai/data/extracted/data/images/train/GOPR7596_JPG.rf.6546ceee7569f58a27fbb88ea771bb5f.jpg,GOPR7596_JPG.rf.6546ceee7569f58a27fbb88ea771bb5f.jpg,train,640,640,1.0,JPEG,79373,3,RGB,46080a57d0000c4ed52e31d4c2057338,1
/Users/macbook/Documents/cassava-navigation-ai/data/extracted/data/images/train/GOPR7597_JPG.rf.c9f20fa5f47867974f738382c5d1f943.jpg,GOPR7597_JPG.rf.c9f20fa5f47867974f738382c5d1f943.jpg,train,640,640,1.0,JPEG,99635,3,RGB,5b0a06efdb6622128b7af5d6994c7437,1
/Users/macbook/Documents/cassava-navigation-ai/data/extracted/data/images/train/GOPR7599_JPG.rf.dd724e4bbd50a9afb909df4e76906923.jpg,GOPR7599_JPG.rf.dd724e4bbd50a9afb909df4e76906923.jpg,train,640,640,1.0,JPEG,102887,3,RGB,04ed1f9c711471fbbd724ced3a9fb016,1
/Users/macbook/Documents/cassava-navigation-ai/data/extracted/data/images/train/GOPR7600_JPG.rf.87a5409ca66bf5a8819f81cbe03a56a2.jpg,GOPR7600_JPG.rf.87a5409ca66bf5a8819f81cbe03a56a2.jpg,train,640,640,1.0,JPEG,92882,3,RGB,a7d8cfc7724efb3add8c823fd91f20c1,1
/Users/macbook/Documents/cassava-navigation-ai/data/extracted/data/images/train/GOPR7603_JPG.rf.11eb07235ed3e2d41648bd1798185242.jpg,GOPR7603_JPG.rf.11eb07235ed3e2d41648bd1798185242.jpg,train,640,640,1.0,JPEG,86402,3,RGB,f6d09fbae2ebad200e3360d035953dd4,1
/Users/macbook/Documents/cassava-navigation-ai/data/extracted/data/images/train/GOPR7604_JPG.rf.65cba24128589db423268c7890b0a7c2.jpg,GOPR7604_JPG.rf.65cba24128589db423268c7890b0a7c2.jpg,train,640,640,1.0,JPEG,130884,3,RGB,3cf6e07798731a64e11a774059805a4e,1
/Users/macbook/Documents/cassava-navigation-ai/data/extracted/data/images/train/GOPR7605_JPG.rf.a7790613c43d225f42c6c433257787dd.jpg,GOPR7605_JPG.rf.a7790613c43d225f42c6c433257787dd.jpg,train,640,640,1.0,JPEG,123106,3,RGB,3dce1dc58c4144a294f94d6e7d4e4b98,1
/Users/macbook/Documents/cassava-navigation-ai/data/extracted/data/images/train/GOPR7606_JPG.rf.47d3821454412420f340e13d12ea704d.jpg,GOPR7606_JPG.rf.47d3821454412420f340e13d12ea704d.jpg,train,640,640,1.0,JPEG,101688,3,RGB,0c8bfcb44c39ffe8a06558e186e2b62f,1
/Users/macbook/Documents/cassava-navigation-ai/data/extracted/data/images/train/GOPR7607_JPG.rf.d9a8d51700d8bbdef6d8a26d7cb225c0.jpg,GOPR7607_JPG.rf.d9a8d51700d8bbdef6d8a26d7cb225c0.jpg,train,640,640,1.0,JPEG,109923,3,RGB,37ca4741ee7c96acb61cecc3b3f375f8,1
/Users/macbook/Documents/cassava-navigation-ai/data/extracted/data/images/train/GOPR7608_JPG.rf.2eaba3d6c38a18950c85a51cfca5b7bf.jpg,GOPR7608_JPG.rf.2eaba3d6c38a18950c85a51cfca5b7bf.jpg,train,640,640,1.0,JPEG,110893,3,RGB,6e0dfbbdacc0de667d786a80224be764,1
/Users/macbook/Documents/cassava-navigation-ai/data/extracted/data/images/train/GOPR7610_JPG.rf.3cdc9d9b0c3ba39796d25d4b80b5d61f.jpg,GOPR7610_JPG.rf.3cdc9d9b0c3ba39796d25d4b80b5d61f.jpg,train,640,640,1.0,JPEG,79745,3,RGB,aa9bf1821efef6ec25df7837f44ec1bd,1
/Users/macbook/Documents/cassava-navigation-ai/data/extracted/data/images/train/GOPR7611_JPG.rf.f2d31a25c7cdbd7d9006045e2e7b85c1.jpg,GOPR7611_JPG.rf.f2d31a25c7cdbd7d9006045e2e7b85c1.jpg,train,640,640,1.0,JPEG,92715,3,RGB,29c4230ecafbc2648a7e8c526cf0c072,1
/Users/macbook/Documents/cassava-navigation-ai/data/extracted/data/images/train/GOPR7612_JPG.rf.0a4b4ac4b68bca7fd0a534cc6a169575.jpg,GOPR7612_JPG.rf.0a4b4ac4b68bca7fd0a534cc6a169575.jpg,train,640,640,1.0,JPEG,113040,3,RGB,85d8d291e28183dce752e9418c64fe75,1
/Users/macbook/Documents/cassava-navigation-ai/data/extracted/data/images/train/GOPR7613_JPG.rf.ce726ad675f028d2972f51359af7ae31.jpg,GOPR7613_JPG.rf.ce726ad675f028d2972f51359af7ae31.jpg,train,640,640,1.0,JPEG,94878,3,RGB,388e5f5fa2b75b741a6ac9088b371149,1
/Users/macbook/Documents/cassava-navigation-ai/data/extracted/data/images/train/GOPR7614_JPG.rf.18592e342f988fe259e6758bf60b380e.jpg,GOPR7614_JPG.rf.18592e342f988fe259e6758bf60b380e.jpg,train,640,640,1.0,JPEG,89142,3,RGB,4feb5475b378df2791bb863b53d87f2a,1
/Users/macbook/Documents/cassava-navigation-ai/data/extracted/data/images/train/GOPR7616_JPG.rf.5145bd3b57559ddf7048a746333ac2a3.jpg,GOPR7616_JPG.rf.5145bd3b57559ddf7048a746333ac2a3.jpg,train,640,640,1.0,JPEG,127433,3,RGB,4afda4ccc40d2389623153a2475e26ff,1
/Users/macbook/Documents/cassava-navigation-ai/data/extracted/data/images/train/GOPR7619_JPG.rf.d6378d68ab95f178a79534bf2d20f6ec.jpg,GOPR7619_JPG.rf.d6378d68ab95f178a79534bf2d20f6ec.jpg,train,640,640,1.0,JPEG,107978,3,RGB,9eddd3aa4a2896f2f400d452d85d3fff,1
/Users/macbook/Documents/cassava-navigation-ai/data/extracted/data/images/train/GOPR7620_JPG.rf.af8163aeea0ee8de6e96f5fab00c92c8.jpg,GOPR7620_JPG.rf.af8163aeea0ee8de6e96f5fab00c92c8.jpg,train,640,640,1.0,JPEG,108057,3,RGB,3d741b0b1d8dc7293fbba90b7cab8c73,1
/Users/macbook/Documents/cassava-navigation-ai/data/extracted/data/images/train/GOPR7623_JPG.rf.2ae08986f0780543f7b2a42930aae28e.jpg,GOPR7623_JPG.rf.2ae08986f0780543f7b2a42930aae28e.jpg,train,640,640,1.0,JPEG,132375,3,RGB,31ffc630ae092d0e7dcbf86fc06d5fb5,1
/Users/macbook/Documents/cassava-navigation-ai/data/extracted/data/images/train/GOPR7624_JPG.rf.6bc8af3cc30d14e09b3d89606976913b.jpg,GOPR7624_JPG.rf.6bc8af3cc30d14e09b3d89606976913b.jpg,train,640,640,1.0,JPEG,136549,3,RGB,23b9a12965b57aaf90a28b91120b115d,1
/Users/macbook/Documents/cassava-navigation-ai/data/extracted/data/images/train/GOPR7625_JPG.rf.6db1c41476cbc154974af3b1a149f234.jpg,GOPR7625_JPG.rf.6db1c41476cbc154974af3b1a149f234.jpg,train,640,640,1.0,JPEG,129221,3,RGB,e3fa76e85f659431cf3362afb0d82e62,1
/Users/macbook/Documents/cassava-navigation-ai/data/extracted/data/images/train/GOPR7627_JPG.rf.30b55540a3f36066bc586abab2e110e3.jpg,GOPR7627_JPG.rf.30b55540a3f36066bc586abab2e110e3.jpg,train,640,640,1.0,JPEG,128796,3,RGB,41e1e664980c75f02a6036739ddb97fc,1
/Users/macbook/Documents/cassava-navigation-ai/data/extracted/data/images/train/GOPR7630_JPG.rf.2b9eab2eca3ba728c7a68480de9529e2.jpg,GOPR7630_JPG.rf.2b9eab2eca3ba728c7a68480de9529e2.jpg,train,640,640,1.0,JPEG,94829,3,RGB,b3ad8e078be6972e5d2bc2cf602718be,1
/Users/macbook/Documents/cassava-navigation-ai/data/extracted/data/images/train/GOPR7631_JPG.rf.aa6403c438d3f77770b2d268f23a9934.jpg,GOPR7631_JPG.rf.aa6403c438d3f77770b2d268f23a9934.jpg,train,640,640,1.0,JPEG,118092,3,RGB,409c5827be157bbac6bf122c60a991f4,1
/Users/macbook/Documents/cassava-navigation-ai/data/extracted/data/images/train/GOPR7632_JPG.rf.4239ff6afd27f4be123dbd3896001276.jpg,GOPR7632_JPG.rf.4239ff6afd27f4be123dbd3896001276.jpg,train,640,640,1.0,JPEG,127980,3,RGB,e8ffbe3eecdb878ee18f306f183c62d0,1
/Users/macbook/Documents/cassava-navigation-ai/data/extracted/data/images/train/GOPR7633_JPG.rf.4e6875ffd88a0a9d7f63ce813942802e.jpg,GOPR7633_JPG.rf.4e6875ffd88a0a9d7f63ce813942802e.jpg,train,640,640,1.0,JPEG,116486,3,RGB,66cca2f0d68fddf0c29a04b1a62ff325,1
/Users/macbook/Documents/cassava-navigation-ai/data/extracted/data/images/train/GOPR7634_JPG.rf.95a292026ceeabde272fbb47d0894ee0.jpg,GOPR7634_JPG.rf.95a292026ceeabde272fbb47d0894ee0.jpg,train,640,640,1.0,JPEG,114363,3,RGB,08eba587b9ce6b7dae4a2c071ee0e15e,1
/Users/macbook/Documents/cassava-navigation-ai/data/extracted/data/images/train/GOPR7637_JPG.rf.33a2f10bae1259ac6e834e07d61061f4.jpg,GOPR7637_JPG.rf.33a2f10bae1259ac6e834e07d61061f4.jpg,train,640,640,1.0,JPEG,120982,3,RGB,846398b3e2251f9d1aa9290bcd985416,1
/Users/macbook/Documents/cassava-navigation-ai/data/extracted/data/images/train/GOPR7638_JPG.rf.42bf3c6d6e476a2e9a6c3d1c038993f8.jpg,GOPR7638_JPG.rf.42bf3c6d6e476a2e9a6c3d1c038993f8.jpg,train,640,640,1.0,JPEG,129386,3,RGB,a0f74e510b60a71e541309aa074f59d9,1
/Users/macbook/Documents/cassava-navigation-ai/data/extracted/data/images/train/GOPR7639_JPG.rf.22c12323604c6435603c832f994238ac.jpg,GOPR7639_JPG.rf.22c12323604c6435603c832f994238ac.jpg,train,640,640,1.0,JPEG,120074,3,RGB,e2b8b108669b184540f7bc4d2755ffeb,1
/Users/macbook/Documents/cassava-navigation-ai/data/extracted/data/images/train/GOPR7640_JPG.rf.b95f74b3b1fb4ce029af929fb5331a67.jpg,GOPR7640_JPG.rf.b95f74b3b1fb4ce029af929fb5331a67.jpg,train,640,640,1.0,JPEG,121206,3,RGB,88fd54e8e6f0f46725a80b45041d3b0b,1
/Users/macbook/Documents/cassava-navigation-ai/data/extracted/data/images/train/GOPR7641_JPG.rf.512d076bccc704d5e523493e5eaea7b2.jpg,GOPR7641_JPG.rf.512d076bccc704d5e523493e5eaea7b2.jpg,train,640,640,1.0,JPEG,104883,3,RGB,51081cff01024048250686ec4509f083,1
/Users/macbook/Documents/cassava-navigation-ai/data/extracted/data/images/train/GOPR7642_JPG.rf.2c16cbe72dd76842f3547d74f936e51b.jpg,GOPR7642_JPG.rf.2c16cbe72dd76842f3547d74f936e51b.jpg,train,640,640,1.0,JPEG,114836,3,RGB,acb535ba90eb508baf365c7215053cde,1
/Users/macbook/Documents/cassava-navigation-ai/data/extracted/data/images/train/GOPR7643_JPG.rf.2a108535382939c28616613df9295279.jpg,GOPR7643_JPG.rf.2a108535382939c28616613df9295279.jpg,train,640,640,1.0,JPEG,145336,3,RGB,ae754c73d477d6be52693dc72ab6e0ae,1
/Users/macbook/Documents/cassava-navigation-ai/data/extracted/data/images/train/GOPR7644_JPG.rf.aacae97996d8b887aa20852213016caa.jpg,GOPR7644_JPG.rf.aacae97996d8b887aa20852213016caa.jpg,train,640,640,1.0,JPEG,140867,3,RGB,a8d63096ae3603d565b77050bf5f6a8c,1
/Users/macbook/Documents/cassava-navigation-ai/data/extracted/data/images/train/GOPR7645_JPG.rf.3ab39e315cea9ff218b31b6982b471d6.jpg,GOPR7645_JPG.rf.3ab39e315cea9ff218b31b6982b471d6.jpg,train,640,640,1.0,JPEG,122932,3,RGB,d89dcbacd14a1249c0a5327ca542312b,1
/Users/macbook/Documents/cassava-navigation-ai/data/extracted/data/images/train/GOPR7647_JPG.rf.f5a2d53df09e3e3e85b5165c7fb7455d.jpg,GOPR7647_JPG.rf.f5a2d53df09e3e3e85b5165c7fb7455d.jpg,train,640,640,1.0,JPEG,119482,3,RGB,d20bb4cfa86b389b43b24cf0a3b1d1a2,1
/Users/macbook/Documents/cassava-navigation-ai/data/extracted/data/images/train/GOPR7648_JPG.rf.87446ddaac30488d5e887152af008e84.jpg,GOPR7648_JPG.rf.87446ddaac30488d5e887152af008e84.jpg,train,640,640,1.0,JPEG,131054,3,RGB,b5d00830bec8b7314300897906b4f5c7,1
/Users/macbook/Documents/cassava-navigation-ai/data/extracted/data/images/train/GOPR7649_JPG.rf.d927827b98233791cbad629cc5aa80f8.jpg,GOPR7649_JPG.rf.d927827b98233791cbad629cc5aa80f8.jpg,train,640,640,1.0,JPEG,123723,3,RGB,62a4d616aff171b4c82220e3c2287723,1
/Users/macbook/Documents/cassava-navigation-ai/data/extracted/data/images/train/GOPR7650_JPG.rf.bf367ceec36b9cd3c6b710a5ccd84dd3.jpg,GOPR7650_JPG.rf.bf367ceec36b9cd3c6b710a5ccd84dd3.jpg,train,640,640,1.0,JPEG,118907,3,RGB,c01a984e699d093778749ca1246552d4,1
/Users/macbook/Documents/cassava-navigation-ai/data/extracted/data/images/train/GOPR7651_JPG.rf.b7e71c47156d69bf957e5f5c65cf6f7f.jpg,GOPR7651_JPG.rf.b7e71c47156d69bf957e5f5c65cf6f7f.jpg,train,640,640,1.0,JPEG,120097,3,RGB,ccbca18b3e4879d1dec46be119a41d42,1
/Users/macbook/Documents/cassava-navigation-ai/data/extracted/data/images/train/GOPR7652_JPG.rf.1c38eb46bd455a648dab67c230a74f20.jpg,GOPR7652_JPG.rf.1c38eb46bd455a648dab67c230a74f20.jpg,train,640,640,1.0,JPEG,103086,3,RGB,851285f7a4ecd82863dea4d765aa090a,1
/Users/macbook/Documents/cassava-navigation-ai/data/extracted/data/images/train/GOPR7653_JPG.rf.4757ea8a5f2f59b48cd27624184b2dad.jpg,GOPR7653_JPG.rf.4757ea8a5f2f59b48cd27624184b2dad.jpg,train,640,640,1.0,JPEG,107267,3,RGB,b81da7435469699c7d4395a44d96fd3b,1
/Users/macbook/Documents/cassava-navigation-ai/data/extracted/data/images/train/GOPR7654_JPG.rf.f01b71b536b271df6b3e59b19684b5cd.jpg,GOPR7654_JPG.rf.f01b71b536b271df6b3e59b19684b5cd.jpg,train,640,640,1.0,JPEG,118337,3,RGB,bbe073856be87b9aa413ca774893a046,1
/Users/macbook/Documents/cassava-navigation-ai/data/extracted/data/images/train/GOPR7655_JPG.rf.e6435fc059200782e3c03e781f106d4c.jpg,GOPR7655_JPG.rf.e6435fc059200782e3c03e781f106d4c.jpg,train,640,640,1.0,JPEG,122239,3,RGB,442943e3ff87aed9971e422164221b2e,1
/Users/macbook/Documents/cassava-navigation-ai/data/extracted/data/images/train/GOPR7656_JPG.rf.7e1d5c42d02db1b5596e3cec3587b900.jpg,GOPR7656_JPG.rf.7e1d5c42d02db1b5596e3cec3587b900.jpg,train,640,640,1.0,JPEG,134091,3,RGB,6b64a7ecc902981df139972fe9e1088e,1
/Users/macbook/Documents/cassava-navigation-ai/data/extracted/data/images/train/GOPR7657_JPG.rf.8a5e8fea26bcb038a0884b20bce253d5.jpg,GOPR7657_JPG.rf.8a5e8fea26bcb038a0884b20bce253d5.jpg,train,640,640,1.0,JPEG,146812,3,RGB,3651d6a2263fe81f7543b12621f741ed,1
/Users/macbook/Documents/cassava-navigation-ai/data/extracted/data/images/train/GOPR7660_JPG.rf.67178f411028a6d48dafbcd9d6d2aa3e.jpg,GOPR7660_JPG.rf.67178f411028a6d48dafbcd9d6d2aa3e.jpg,train,640,640,1.0,JPEG,151857,3,RGB,abb2e816ffc0b68414da1f274e112de5,1
/Users/macbook/Documents/cassava-navigation-ai/data/extracted/data/images/train/GOPR7661_JPG.rf.82dee5aeb00cdc216ecacaad039e0498.jpg,GOPR7661_JPG.rf.82dee5aeb00cdc216ecacaad039e0498.jpg,train,640,640,1.0,JPEG,126438,3,RGB,14c312c6cfa60612cac4f1f523e408dd,1
/Users/macbook/Documents/cassava-navigation-ai/data/extracted/data/images/train/GOPR7662_JPG.rf.c4b3d7548a34216063c3210cc7c6653f.jpg,GOPR7662_JPG.rf.c4b3d7548a34216063c3210cc7c6653f.jpg,train,640,640,1.0,JPEG,118371,3,RGB,67858883e240bffa1e91519eb4275cb4,1
/Users/macbook/Documents/cassava-navigation-ai/data/extracted/data/images/train/GOPR7663_JPG.rf.5da805293efceb4f2c2291f15e571a75.jpg,GOPR7663_JPG.rf.5da805293efceb4f2c2291f15e571a75.jpg,train,640,640,1.0,JPEG,119405,3,RGB,22bcf0a184e8100a13aa53cdad2880b9,1
/Users/macbook/Documents/cassava-navigation-ai/data/extracted/data/images/train/GOPR7664_JPG.rf.a633761043bc983c2e796936cbd8614d.jpg,GOPR7664_JPG.rf.a633761043bc983c2e796936cbd8614d.jpg,train,640,640,1.0,JPEG,116395,3,RGB,d96a8bc3d3f1cc1357547782078b7471,1
/Users/macbook/Documents/cassava-navigation-ai/data/extracted/data/images/train/GOPR7665_JPG.rf.fadddecbbfbd5ac59a67c9417bfe85e5.jpg,GOPR7665_JPG.rf.fadddecbbfbd5ac59a67c9417bfe85e5.jpg,train,640,640,1.0,JPEG,117852,3,RGB,0a35308fa9478d44ebe5558116028e04,1
/Users/macbook/Documents/cassava-navigation-ai/data/extracted/data/images/train/GOPR7668_JPG.rf.26673355e3e85c46bc3f23ff68f3cc9e.jpg,GOPR7668_JPG.rf.26673355e3e85c46bc3f23ff68f3cc9e.jpg,train,640,640,1.0,JPEG,110277,3,RGB,b822154c7723ded43915fc8c4224380e,1
/Users/macbook/Documents/cassava-navigation-ai/data/extracted/data/images/train/GOPR7671_JPG.rf.61c9b175411fbcd328b7ec3c968c2e13.jpg,GOPR7671_JPG.rf.61c9b175411fbcd328b7ec3c968c2e13.jpg,train,640,640,1.0,JPEG,116930,3,RGB,e1a5990d2bd60a75c3af506a9cf495fa,1
/Users/macbook/Documents/cassava-navigation-ai/data/extracted/data/images/train/GOPR7672_JPG.rf.b92f14a11ea89d4a0a055017a62ca699.jpg,GOPR7672_JPG.rf.b92f14a11ea89d4a0a055017a62ca699.jpg,train,640,640,1.0,JPEG,96598,3,RGB,c3ca7cc15c6ad64a04a7dc2fe9120971,1
/Users/macbook/Documents/cassava-navigation-ai/data/extracted/data/images/train/GOPR7674_JPG.rf.5755e7ba42b2cb5d83e0b60d9f58b99b.jpg,GOPR7674_JPG.rf.5755e7ba42b2cb5d83e0b60d9f58b99b.jpg,train,640,640,1.0,JPEG,107881,3,RGB,e974e6562b6ff42b90a9c6c73366b5fe,1
/Users/macbook/Documents/cassava-navigation-ai/data/extracted/data/images/train/GOPR7678_JPG.rf.e465099d7c722b045486dbf944641e5e.jpg,GOPR7678_JPG.rf.e465099d7c722b045486dbf944641e5e.jpg,train,640,640,1.0,JPEG,107856,3,RGB,1de8a970a6283bde1abfc167c26532dc,1
/Users/macbook/Documents/cassava-navigation-ai/data/extracted/data/images/train/GOPR7679_JPG.rf.e4bf603c8db289925f0d0a65a2260be5.jpg,GOPR7679_JPG.rf.e4bf603c8db289925f0d0a65a2260be5.jpg,train,640,640,1.0,JPEG,94896,3,RGB,b652a08df392636e51029a0462f769c4,1
/Users/macbook/Documents/cassava-navigation-ai/data/extracted/data/images/train/GOPR7680_JPG.rf.a869e0ff68caef848829a103c47bb2a8.jpg,GOPR7680_JPG.rf.a869e0ff68caef848829a103c47bb2a8.jpg,train,640,640,1.0,JPEG,92519,3,RGB,545da72195c66648ce2f0afb589e67d4,1
/Users/macbook/Documents/cassava-navigation-ai/data/extracted/data/images/train/GOPR7681_JPG.rf.1c6099fefc3c0618a8e5730382be44ac.jpg,GOPR7681_JPG.rf.1c6099fefc3c0618a8e5730382be44ac.jpg,train,640,640,1.0,JPEG,98431,3,RGB,bac9655cdaf2a51ee59ba6c7997e7b77,1
/Users/macbook/Documents/cassava-navigation-ai/data/extracted/data/images/train/GOPR7682_JPG.rf.5d50ad0de0d6464b8429c5f06e899f93.jpg,GOPR7682_JPG.rf.5d50ad0de0d6464b8429c5f06e899f93.jpg,train,640,640,1.0,JPEG,111189,3,RGB,8616e1cb0d4c36950c55387caba2d9eb,1
/Users/macbook/Documents/cassava-navigation-ai/data/extracted/data/images/train/GOPR7683_JPG.rf.c8a623c91afe39c8fbef9e2b1bcb154c.jpg,GOPR7683_JPG.rf.c8a623c91afe39c8fbef9e2b1bcb154c.jpg,train,640,640,1.0,JPEG,100715,3,RGB,aa0a163613fad6851553100221f69310,1
/Users/macbook/Documents/cassava-navigation-ai/data/extracted/data/images/train/GOPR7684_JPG.rf.ed600156684882584e2a5b3ecbe91438.jpg,GOPR7684_JPG.rf.ed600156684882584e2a5b3ecbe91438.jpg,train,640,640,1.0,JPEG,113578,3,RGB,83492b562e7a53c28caa6cfbbb5e899e,1
/Users/macbook/Documents/cassava-navigation-ai/data/extracted/data/images/train/GOPR7685_JPG.rf.a93a56c7ef0c1b8c2694562bb7b4d588.jpg,GOPR7685_JPG.rf.a93a56c7ef0c1b8c2694562bb7b4d588.jpg,train,640,640,1.0,JPEG,106882,3,RGB,c5cafb7f2b0fdf6a61a214457fd23e1e,1
/Users/macbook/Documents/cassava-navigation-ai/data/extracted/data/images/train/GOPR7686_JPG.rf.e67023a885bd511eaacb8ceb30f1dc67.jpg,GOPR7686_JPG.rf.e67023a885bd511eaacb8ceb30f1dc67.jpg,train,640,640,1.0,JPEG,123610,3,RGB,9021db9fee62416a0be6ebd296e6f4e2,1
/Users/macbook/Documents/cassava-navigation-ai/data/extracted/data/images/train/GOPR7688_JPG.rf.c66bb91a86d9eeeb7c91d7e1c9b36862.jpg,GOPR7688_JPG.rf.c66bb91a86d9eeeb7c91d7e1c9b36862.jpg,train,640,640,1.0,JPEG,105022,3,RGB,34fc22c4078228d70c717854c332431b,1
/Users/macbook/Documents/cassava-navigation-ai/data/extracted/data/images/train/GOPR7690_JPG.rf.2452bda167a7e0833b5a6262c5ed8811.jpg,GOPR7690_JPG.rf.2452bda167a7e0833b5a6262c5ed8811.jpg,train,640,640,1.0,JPEG,117162,3,RGB,b53d992b19602e5378f915b5754d3b0b,1
/Users/macbook/Documents/cassava-navigation-ai/data/extracted/data/images/train/GOPR7691_JPG.rf.b9d4b4898c6afef6a10998c9e3f25d04.jpg,GOPR7691_JPG.rf.b9d4b4898c6afef6a10998c9e3f25d04.jpg,train,640,640,1.0,JPEG,126455,3,RGB,5afa0536ac74313c4e241c0da928091a,1
/Users/macbook/Documents/cassava-navigation-ai/data/extracted/data/images/train/GOPR7692_JPG.rf.50d8c2e050acdf7d20073caa27a81f7a.jpg,GOPR7692_JPG.rf.50d8c2e050acdf7d20073caa27a81f7a.jpg,train,640,640,1.0,JPEG,143145,3,RGB,d4313db19856287f160f622edd45426e,1
/Users/macbook/Documents/cassava-navigation-ai/data/extracted/data/images/train/GOPR7693_JPG.rf.1e650b112ddc108882046acda0044af3.jpg,GOPR7693_JPG.rf.1e650b112ddc108882046acda0044af3.jpg,train,640,640,1.0,JPEG,130042,3,RGB,85a0b3c19882d924d72ba95780039875,1
/Users/macbook/Documents/cassava-navigation-ai/data/extracted/data/images/train/GOPR7694_JPG.rf.9767a1a872b4cb2337d686256a4d2d0a.jpg,GOPR7694_JPG.rf.9767a1a872b4cb2337d686256a4d2d0a.jpg,train,640,640,1.0,JPEG,135256,3,RGB,f403ab4bca9c2e3dbb64ca792ee3cf84,1
/Users/macbook/Documents/cassava-navigation-ai/data/extracted/data/images/train/GOPR7695_JPG.rf.26bbdc264c66d4c05853b3d0440f484a.jpg,GOPR7695_JPG.rf.26bbdc264c66d4c05853b3d0440f484a.jpg,train,640,640,1.0,JPEG,121445,3,RGB,c9f322789e73b0c6ea8d0c2394d0547c,1
/Users/macbook/Documents/cassava-navigation-ai/data/extracted/data/images/train/GOPR7696_JPG.rf.65f1c96494bd1d321445bf2a2474dc7b.jpg,GOPR7696_JPG.rf.65f1c96494bd1d321445bf2a2474dc7b.jpg,train,640,640,1.0,JPEG,98703,3,RGB,2a18732cdca7c6d7ab97d70606c64543,1
/Users/macbook/Documents/cassava-navigation-ai/data/extracted/data/images/train/GOPR7698_JPG.rf.39e8414581197a58eb16ff6da3b9ceb2.jpg,GOPR7698_JPG.rf.39e8414581197a58eb16ff6da3b9ceb2.jpg,train,640,640,1.0,JPEG,115705,3,RGB,2074c482911ef37a1866212f6d1ff3fa,1
/Users/macbook/Documents/cassava-navigation-ai/data/extracted/data/images/train/GOPR7699_JPG.rf.5a112cb3b280550ed2a8b3787d789d4e.jpg,GOPR7699_JPG.rf.5a112cb3b280550ed2a8b3787d789d4e.jpg,train,640,640,1.0,JPEG,122364,3,RGB,af871274c51b4d837957b0ebe54bfe28,1
/Users/macbook/Documents/cassava-navigation-ai/data/extracted/data/images/train/GOPR7700_JPG.rf.ffb0a5b003f45314f458bf0762d471ec.jpg,GOPR7700_JPG.rf.ffb0a5b003f45314f458bf0762d471ec.jpg,train,640,640,1.0,JPEG,137812,3,RGB,d45bc1fe12c11782796779affb4f983a,1
/Users/macbook/Documents/cassava-navigation-ai/data/extracted/data/images/train/GOPR7701_JPG.rf.3372add9e8904ed734c8d7961ca3344a.jpg,GOPR7701_JPG.rf.3372add9e8904ed734c8d7961ca3344a.jpg,train,640,640,1.0,JPEG,136642,3,RGB,e4f9fb5d2deaa6365455e0ae2e09bc86,1
/Users/macbook/Documents/cassava-navigation-ai/data/extracted/data/images/train/GOPR7702_JPG.rf.589e9e54d736a4d00460c80b9cd0b7fd.jpg,GOPR7702_JPG.rf.589e9e54d736a4d00460c80b9cd0b7fd.jpg,train,640,640,1.0,JPEG,139411,3,RGB,525e368e5ed8e0685c7a031bc6028e97,1
/Users/macbook/Documents/cassava-navigation-ai/data/extracted/data/images/train/GOPR7703_JPG.rf.dd8d4a0804156dd1d91d500155911962.jpg,GOPR7703_JPG.rf.dd8d4a0804156dd1d91d500155911962.jpg,train,640,640,1.0,JPEG,138013,3,RGB,f05d8f373e5aa11195e3596c122aedf4,1
/Users/macbook/Documents/cassava-navigation-ai/data/extracted/data/images/train/GOPR7704_JPG.rf.8d2dd51b0772390df620dff89e590e0c.jpg,GOPR7704_JPG.rf.8d2dd51b0772390df620dff89e590e0c.jpg,train,640,640,1.0,JPEG,117339,3,RGB,0cce72d1a098d0097df146f3f47f8541,1
/Users/macbook/Documents/cassava-navigation-ai/data/extracted/data/images/train/GOPR7705_JPG.rf.82488937f1870661a33fc36856b0fc16.jpg,GOPR7705_JPG.rf.82488937f1870661a33fc36856b0fc16.jpg,train,640,640,1.0,JPEG,141357,3,RGB,9363955c8c531c82c099ec0386cab9bf,1
/Users/macbook/Documents/cassava-navigation-ai/data/extracted/data/images/train/GOPR7706_JPG.rf.254109e3625ef59e320724e4557f9b4b.jpg,GOPR7706_JPG.rf.254109e3625ef59e320724e4557f9b4b.jpg,train,640,640,1.0,JPEG,123843,3,RGB,c353df27bdf165d595f1c724c80c51c2,1
/Users/macbook/Documents/cassava-navigation-ai/data/extracted/data/images/train/GOPR7707_JPG.rf.fff32660c6bec7f69ea912b793d58386.jpg,GOPR7707_JPG.rf.fff32660c6bec7f69ea912b793d58386.jpg,train,640,640,1.0,JPEG,126424,3,RGB,60a6f72fa6bfee5ed3a9b70828aa68d5,1
/Users/macbook/Documents/cassava-navigation-ai/data/extracted/data/images/train/GOPR7708_JPG.rf.07e364fdfa856bec18769a07257c413f.jpg,GOPR7708_JPG.rf.07e364fdfa856bec18769a07257c413f.jpg,train,640,640,1.0,JPEG,133519,3,RGB,55f277475f2fbaf37d23061b5508def1,1
/Users/macbook/Documents/cassava-navigation-ai/data/extracted/data/images/train/GOPR7709_JPG.rf.92a317fa4cb17d4c4bc37658fcf56afa.jpg,GOPR7709_JPG.rf.92a317fa4cb17d4c4bc37658fcf56afa.jpg,train,640,640,1.0,JPEG,134623,3,RGB,3e9a016e885aba1a0dc27f08688d887e,1
/Users/macbook/Documents/cassava-navigation-ai/data/extracted/data/images/train/GOPR7710_JPG.rf.291cbee14d49c8e1524434e77367013e.jpg,GOPR7710_JPG.rf.291cbee14d49c8e1524434e77367013e.jpg,train,640,640,1.0,JPEG,138607,3,RGB,cec443acd0d2a2af75fa58fc7a2b2d02,1
/Users/macbook/Documents/cassava-navigation-ai/data/extracted/data/images/train/GOPR7711_JPG.rf.8967889185ebe257caa03976f46c9572.jpg,GOPR7711_JPG.rf.8967889185ebe257caa03976f46c9572.jpg,train,640,640,1.0,JPEG,148302,3,RGB,5b8deaabcbbfce1e32afacff0ff5bc3b,1
/Users/macbook/Documents/cassava-navigation-ai/data/extracted/data/images/train/GOPR7712_JPG.rf.16f43d7174a4d9bbf1fefb94be857203.jpg,GOPR7712_JPG.rf.16f43d7174a4d9bbf1fefb94be857203.jpg,train,640,640,1.0,JPEG,142264,3,RGB,63a289deeadcae55856fb2f8d2293c94,1
/Users/macbook/Documents/cassava-navigation-ai/data/extracted/data/images/train/GOPR7713_JPG.rf.aefe0f3d5a8c607e2a40807522e5c411.jpg,GOPR7713_JPG.rf.aefe0f3d5a8c607e2a40807522e5c411.jpg,train,640,640,1.0,JPEG,140418,3,RGB,2e330eb6ec1f85916abe251f2d1f3305,1
/Users/macbook/Documents/cassava-navigation-ai/data/extracted/data/images/train/GOPR7715_JPG.rf.c2636e338b69b50a83b2590933a7cfad.jpg,GOPR7715_JPG.rf.c2636e338b69b50a83b2590933a7cfad.jpg,train,640,640,1.0,JPEG,148589,3,RGB,369b2643abf5894c52f90dd726d4f2a2,1
/Users/macbook/Documents/cassava-navigation-ai/data/extracted/data/images/train/GOPR7716_JPG.rf.7a0596a3903af6acd72bc545d42fa3c4.jpg,GOPR7716_JPG.rf.7a0596a3903af6acd72bc545d42fa3c4.jpg,train,640,640,1.0,JPEG,133343,3,RGB,18c27f0e8638af28fff9f24597649c88,1
/Users/macbook/Documents/cassava-navigation-ai/data/extracted/data/images/train/GOPR7718_JPG.rf.0dbaac0bb943ea942440bd3759978f4d.jpg,GOPR7718_JPG.rf.0dbaac0bb943ea942440bd3759978f4d.jpg,train,640,640,1.0,JPEG,129646,3,RGB,6bc3ff7da1a097c5c5ed76b6919aea0a,1
/Users/macbook/Documents/cassava-navigation-ai/data/extracted/data/images/train/GOPR7719_JPG.rf.3ec2098cdf0712e6defa1c93e7cef3f0.jpg,GOPR7719_JPG.rf.3ec2098cdf0712e6defa1c93e7cef3f0.jpg,train,640,640,1.0,JPEG,139128,3,RGB,efeaa26e853f17b7d73e717226353834,1
/Users/macbook/Documents/cassava-navigation-ai/data/extracted/data/images/train/GOPR7720_JPG.rf.e3f73457ade76d91d55c4732f6d46387.jpg,GOPR7720_JPG.rf.e3f73457ade76d91d55c4732f6d46387.jpg,train,640,640,1.0,JPEG,148105,3,RGB,b95c3b6d01ad8bdfc5a6edf99362625e,1
/Users/macbook/Documents/cassava-navigation-ai/data/extracted/data/images/train/GOPR7721_JPG.rf.8518d4c553c013947a0c21324f4d0609.jpg,GOPR7721_JPG.rf.8518d4c553c013947a0c21324f4d0609.jpg,train,640,640,1.0,JPEG,131395,3,RGB,3d0afae8c852f9e451fb3feac3363a9f,1
/Users/macbook/Documents/cassava-navigation-ai/data/extracted/data/images/train/GOPR7722_JPG.rf.77e4ec75a2e03dcf836b4664558f533a.jpg,GOPR7722_JPG.rf.77e4ec75a2e03dcf836b4664558f533a.jpg,train,640,640,1.0,JPEG,130281,3,RGB,d548b1405251ff2223d68d83abe03ba9,1
/Users/macbook/Documents/cassava-navigation-ai/data/extracted/data/images/train/GOPR7723_JPG.rf.1d449600f5eebeb5ac39de3ce7f552e7.jpg,GOPR7723_JPG.rf.1d449600f5eebeb5ac39de3ce7f552e7.jpg,train,640,640,1.0,JPEG,109763,3,RGB,a6a3743bbf81def9bcea6fe1d089daa2,1
/Users/macbook/Documents/cassava-navigation-ai/data/extracted/data/images/train/GOPR7725_JPG.rf.8b6bd442a9ca948df98274757acad95d.jpg,GOPR7725_JPG.rf.8b6bd442a9ca948df98274757acad95d.jpg,train,640,640,1.0,JPEG,133777,3,RGB,c6c8fb2d7f98736dccc9454b793123a0,1
/Users/macbook/Documents/cassava-navigation-ai/data/extracted/data/images/train/GOPR7726_JPG.rf.7fa466d89d09b55cb75cbaa57cb40111.jpg,GOPR7726_JPG.rf.7fa466d89d09b55cb75cbaa57cb40111.jpg,train,640,640,1.0,JPEG,132655,3,RGB,12108e1b7aebb948cffd16ac30fbc97c,1
/Users/macbook/Documents/cassava-navigation-ai/data/extracted/data/images/train/GOPR7728_JPG.rf.e5f283de5acf9106c9f9caf6be85ca7a.jpg,GOPR7728_JPG.rf.e5f283de5acf9106c9f9caf6be85ca7a.jpg,train,640,640,1.0,JPEG,123222,3,RGB,3d18a81bed1a6a1ee98836dcfe33654c,1
/Users/macbook/Documents/cassava-navigation-ai/data/extracted/data/images/train/GOPR7729_JPG.rf.2701a99e921089855746ea3e19136453.jpg,GOPR7729_JPG.rf.2701a99e921089855746ea3e19136453.jpg,train,640,640,1.0,JPEG,138880,3,RGB,9e7309f58d8ed18dc8b5bc355d9bd15c,1
/Users/macbook/Documents/cassava-navigation-ai/data/extracted/data/images/train/GOPR7730_JPG.rf.ab472241f741245afe27e3d0fab88ea2.jpg,GOPR7730_JPG.rf.ab472241f741245afe27e3d0fab88ea2.jpg,train,640,640,1.0,JPEG,132132,3,RGB,4d74ab4638db10459a6c67fea1d53f2f,1
/Users/macbook/Documents/cassava-navigation-ai/data/extracted/data/images/train/GOPR7732_JPG.rf.4e5647ca5fe8964817f30c6bb5aba83a.jpg,GOPR7732_JPG.rf.4e5647ca5fe8964817f30c6bb5aba83a.jpg,train,640,640,1.0,JPEG,134657,3,RGB,10f4848835e2ef9004cd10117b75f3c2,1
/Users/macbook/Documents/cassava-navigation-ai/data/extracted/data/images/train/GOPR7737_JPG.rf.3bde8e07cf15b3c4710c90a1de5e4c37.jpg,GOPR7737_JPG.rf.3bde8e07cf15b3c4710c90a1de5e4c37.jpg,train,640,640,1.0,JPEG,110830,3,RGB,370d61c23becd39d4f7f97a98fbd475e,1
/Users/macbook/Documents/cassava-navigation-ai/data/extracted/data/images/train/GOPR7744_JPG.rf.81414e5201170a943786e19485e87468.jpg,GOPR7744_JPG.rf.81414e5201170a943786e19485e87468.jpg,train,640,640,1.0,JPEG,113053,3,RGB,044472ccac987080c5266b4e1b2ade14,1
/Users/macbook/Documents/cassava-navigation-ai/data/extracted/data/images/train/GOPR7745_JPG.rf.41b80ccbacaa5d55d72e1f8b5ea48e89.jpg,GOPR7745_JPG.rf.41b80ccbacaa5d55d72e1f8b5ea48e89.jpg,train,640,640,1.0,JPEG,130109,3,RGB,0f68056b5a768ba46db665eae40146b6,1
/Users/macbook/Documents/cassava-navigation-ai/data/extracted/data/images/train/GOPR7746_JPG.rf.52c0b5b567b599b2f2e22f8d86a3c3aa.jpg,GOPR7746_JPG.rf.52c0b5b567b599b2f2e22f8d86a3c3aa.jpg,train,640,640,1.0,JPEG,114100,3,RGB,b8aa9c80a2d1d7194568ccad682c7fd9,1
/Users/macbook/Documents/cassava-navigation-ai/data/extracted/data/images/train/GOPR7747_JPG.rf.78e4d187484478dcce3fd53742484c0c.jpg,GOPR7747_JPG.rf.78e4d187484478dcce3fd53742484c0c.jpg,train,640,640,1.0,JPEG,131771,3,RGB,1845a9573442934911fabb7c90557f17,1
/Users/macbook/Documents/cassava-navigation-ai/data/extracted/data/images/train/GOPR7748_JPG.rf.161c0144653bae216e6c9c179d303931.jpg,GOPR7748_JPG.rf.161c0144653bae216e6c9c179d303931.jpg,train,640,640,1.0,JPEG,110375,3,RGB,fd0f850efdd4907b730fba53063c9b1f,1
/Users/macbook/Documents/cassava-navigation-ai/data/extracted/data/images/train/GOPR7749_JPG.rf.56ca9c353427f11aa2e77dbcf49bb8f5.jpg,GOPR7749_JPG.rf.56ca9c353427f11aa2e77dbcf49bb8f5.jpg,train,640,640,1.0,JPEG,133723,3,RGB,83a52f2ad43ad4ea9263910fff3bf280,1
/Users/macbook/Documents/cassava-navigation-ai/data/extracted/data/images/train/GOPR7750_JPG.rf.239166fbc6dc345d884dddb02266a9bd.jpg,GOPR7750_JPG.rf.239166fbc6dc345d884dddb02266a9bd.jpg,train,640,640,1.0,JPEG,124533,3,RGB,48ff1cedfec28da6459c599cad2e99df,1
/Users/macbook/Documents/cassava-navigation-ai/data/extracted/data/images/train/GOPR7752_JPG.rf.dbb4598ba0b2b08f7dfbff8ff3b0545e.jpg,GOPR7752_JPG.rf.dbb4598ba0b2b08f7dfbff8ff3b0545e.jpg,train,640,640,1.0,JPEG,124750,3,RGB,83125f40b9bd3b60dce19ed13df1c721,1
/Users/macbook/Documents/cassava-navigation-ai/data/extracted/data/images/train/GOPR7753_JPG.rf.98b2b1f38201072df97ae04d14b77cb6.jpg,GOPR7753_JPG.rf.98b2b1f38201072df97ae04d14b77cb6.jpg,train,640,640,1.0,JPEG,127499,3,RGB,c11a8bcd0f623698a7757ec365a73c6e,1
/Users/macbook/Documents/cassava-navigation-ai/data/extracted/data/images/train/GOPR7755_JPG.rf.3f132f9e804592e0addf1c001fc1e19a.jpg,GOPR7755_JPG.rf.3f132f9e804592e0addf1c001fc1e19a.jpg,train,640,640,1.0,JPEG,125710,3,RGB,a885297efdad75556875881c90fddae9,1
/Users/macbook/Documents/cassava-navigation-ai/data/extracted/data/images/train/GOPR7756_JPG.rf.299dfe983ebfed4fc2cd515af13397f0.jpg,GOPR7756_JPG.rf.299dfe983ebfed4fc2cd515af13397f0.jpg,train,640,640,1.0,JPEG,126574,3,RGB,c50e83e8a62cb6e54e9f25c49e320e75,1
/Users/macbook/Documents/cassava-navigation-ai/data/extracted/data/images/train/GOPR7757_JPG.rf.81290de30af88bf57b3f72e6c1e665fc.jpg,GOPR7757_JPG.rf.81290de30af88bf57b3f72e6c1e665fc.jpg,train,640,640,1.0,JPEG,115447,3,RGB,87f36734f49c81e5d3c12efe302e5d35,1
/Users/macbook/Documents/cassava-navigation-ai/data/extracted/data/images/train/GOPR7758_JPG.rf.54b03be64b69a20576f563a25f91b2c4.jpg,GOPR7758_JPG.rf.54b03be64b69a20576f563a25f91b2c4.jpg,train,640,640,1.0,JPEG,124572,3,RGB,c20a716fabb7db0cf7a7c48fd11a1573,1
/Users/macbook/Documents/cassava-navigation-ai/data/extracted/data/images/train/GOPR7759_JPG.rf.7a209d18d9074dcb823361896e962f1d.jpg,GOPR7759_JPG.rf.7a209d18d9074dcb823361896e962f1d.jpg,train,640,640,1.0,JPEG,134179,3,RGB,c1d0f4b4c5cbade5cd0eb557846c35d9,1
/Users/macbook/Documents/cassava-navigation-ai/data/extracted/data/images/train/GOPR7762_JPG.rf.dc2e7bef18f75818a480dbbd32edba93.jpg,GOPR7762_JPG.rf.dc2e7bef18f75818a480dbbd32edba93.jpg,train,640,640,1.0,JPEG,127613,3,RGB,7bd5995c3dd8e0f55d1aec553af178fa,1
/Users/macbook/Documents/cassava-navigation-ai/data/extracted/data/images/train/GOPR7765_JPG.rf.af6cb80c0dc4c7051c3c675460e8bed6.jpg,GOPR7765_JPG.rf.af6cb80c0dc4c7051c3c675460e8bed6.jpg,train,640,640,1.0,JPEG,144104,3,RGB,fade04154e0bea2343d1ea16c51553ce,1
/Users/macbook/Documents/cassava-navigation-ai/data/extracted/data/images/train/GOPR7766_JPG.rf.bdc8d16a6ec51492b9f98ed3e56686c2.jpg,GOPR7766_JPG.rf.bdc8d16a6ec51492b9f98ed3e56686c2.jpg,train,640,640,1.0,JPEG,135960,3,RGB,ea5a807bef09e2abcdc1ba2966e9c613,1
/Users/macbook/Documents/cassava-navigation-ai/data/extracted/data/images/train/GOPR7767_JPG.rf.e0febab5a6986cd8e187259c5820ea46.jpg,GOPR7767_JPG.rf.e0febab5a6986cd8e187259c5820ea46.jpg,train,640,640,1.0,JPEG,118327,3,RGB,1169b269dc09d41bbd9f1925d7ed7454,1
/Users/macbook/Documents/cassava-navigation-ai/data/extracted/data/images/train/GOPR7769_JPG.rf.abbbb99b5830c4515ac6848ca7835d14.jpg,GOPR7769_JPG.rf.abbbb99b5830c4515ac6848ca7835d14.jpg,train,640,640,1.0,JPEG,137691,3,RGB,6d3b06c58bdcf023420286bab44eea50,1
/Users/macbook/Documents/cassava-navigation-ai/data/extracted/data/images/train/GOPR7770_JPG.rf.c782cb5ec34c3798632e2888537f2246.jpg,GOPR7770_JPG.rf.c782cb5ec34c3798632e2888537f2246.jpg,train,640,640,1.0,JPEG,132869,3,RGB,38768b65c6a80267446d74a9e0304432,1
/Users/macbook/Documents/cassava-navigation-ai/data/extracted/data/images/train/GOPR7773_JPG.rf.47d6b27d8ad2d1d839be7d0d24bb1fea.jpg,GOPR7773_JPG.rf.47d6b27d8ad2d1d839be7d0d24bb1fea.jpg,train,640,640,1.0,JPEG,147456,3,RGB,f1cf45568fa7f9983bdbd7ea03a00daa,1
/Users/macbook/Documents/cassava-navigation-ai/data/extracted/data/images/train/GOPR7776_JPG.rf.1b4af79b21811d3b348da4e6ee1ce0ed.jpg,GOPR7776_JPG.rf.1b4af79b21811d3b348da4e6ee1ce0ed.jpg,train,640,640,1.0,JPEG,142431,3,RGB,e243a1428c13a5dc5801db987712f233,1
/Users/macbook/Documents/cassava-navigation-ai/data/extracted/data/images/train/GOPR7780_JPG.rf.726f668bba9e84318e34158b025dc419.jpg,GOPR7780_JPG.rf.726f668bba9e84318e34158b025dc419.jpg,train,640,640,1.0,JPEG,105337,3,RGB,6f228047b0a20096512ced1f157ad835,1
/Users/macbook/Documents/cassava-navigation-ai/data/extracted/data/images/train/GOPR7921_JPG.rf.ff4807306505bc296c7d10cb0c967999.jpg,GOPR7921_JPG.rf.ff4807306505bc296c7d10cb0c967999.jpg,train,640,640,1.0,JPEG,130492,3,RGB,4ca8f88f53f50be0b23b6a9baaa0cabd,1
/Users/macbook/Documents/cassava-navigation-ai/data/extracted/data/images/train/GOPR7922_JPG.rf.209917196a5034eef5aea798ffd4c5a1.jpg,GOPR7922_JPG.rf.209917196a5034eef5aea798ffd4c5a1.jpg,train,640,640,1.0,JPEG,110347,3,RGB,ffc925299492d6d7bc374326de68d367,1
/Users/macbook/Documents/cassava-navigation-ai/data/extracted/data/images/train/GOPR7923_JPG.rf.98cc815a6272fa4639b3784e5beba05f.jpg,GOPR7923_JPG.rf.98cc815a6272fa4639b3784e5beba05f.jpg,train,640,640,1.0,JPEG,120034,3,RGB,fe59719dc10035abbe40a5f9ac1696ad,1
/Users/macbook/Documents/cassava-navigation-ai/data/extracted/data/images/train/GOPR7924_JPG.rf.27d65609d10ad5b5c7a65da2a0cc15cd.jpg,GOPR7924_JPG.rf.27d65609d10ad5b5c7a65da2a0cc15cd.jpg,train,640,640,1.0,JPEG,124065,3,RGB,b96eb30333d49a24429613d37fe7ddfe,1
/Users/macbook/Documents/cassava-navigation-ai/data/extracted/data/images/train/GOPR7926_JPG.rf.c8d590d8ce4840f0743da1a99aae0f7b.jpg,GOPR7926_JPG.rf.c8d590d8ce4840f0743da1a99aae0f7b.jpg,train,640,640,1.0,JPEG,124536,3,RGB,ca7a806dbbb19bd39d0721fae263fd96,1
/Users/macbook/Documents/cassava-navigation-ai/data/extracted/data/images/train/GOPR7929_JPG.rf.0dfcdc8817b53391dc1d5ea58312fe9a.jpg,GOPR7929_JPG.rf.0dfcdc8817b53391dc1d5ea58312fe9a.jpg,train,640,640,1.0,JPEG,130819,3,RGB,e88753a6d5893ead829f47bbe688c3ec,1
/Users/macbook/Documents/cassava-navigation-ai/data/extracted/data/images/train/GOPR7930_JPG.rf.33cc3141acb79ae3afeed3bc5d43557c.jpg,GOPR7930_JPG.rf.33cc3141acb79ae3afeed3bc5d43557c.jpg,train,640,640,1.0,JPEG,125054,3,RGB,0fbdb6c45775e8b1cefc3afc21e1bbb8,1
/Users/macbook/Documents/cassava-navigation-ai/data/extracted/data/images/train/GOPR7936_JPG.rf.903386484d858235b5c31da0dde0f94c.jpg,GOPR7936_JPG.rf.903386484d858235b5c31da0dde0f94c.jpg,train,640,640,1.0,JPEG,130730,3,RGB,192247f752160f793365a0b39ea9aa36,1
/Users/macbook/Documents/cassava-navigation-ai/data/extracted/data/images/train/GOPR7939_JPG.rf.878850204339e054026d797188c421d3.jpg,GOPR7939_JPG.rf.878850204339e054026d797188c421d3.jpg,train,640,640,1.0,JPEG,106765,3,RGB,cff332cd1f716c49ac684e07b1c940df,1
/Users/macbook/Documents/cassava-navigation-ai/data/extracted/data/images/train/GOPR7940_JPG.rf.4d4a109b3aa644d1c052cf64be4cbfae.jpg,GOPR7940_JPG.rf.4d4a109b3aa644d1c052cf64be4cbfae.jpg,train,640,640,1.0,JPEG,110319,3,RGB,a87ea056f23cfe091793a89a5880d819,1
/Users/macbook/Documents/cassava-navigation-ai/data/extracted/data/images/train/GOPR7942_JPG.rf.968d0da65860ac73d39828bf0f0a3cf8.jpg,GOPR7942_JPG.rf.968d0da65860ac73d39828bf0f0a3cf8.jpg,train,640,640,1.0,JPEG,99302,3,RGB,fe0a23a7a53c9dc559aa2829d50cd0ae,1
/Users/macbook/Documents/cassava-navigation-ai/data/extracted/data/images/train/GOPR7943_JPG.rf.6658a39ed7d9fd10c0128ff3ee7bdca8.jpg,GOPR7943_JPG.rf.6658a39ed7d9fd10c0128ff3ee7bdca8.jpg,train,640,640,1.0,JPEG,111045,3,RGB,6413e75cfb4666e5a537426908758421,1
/Users/macbook/Documents/cassava-navigation-ai/data/extracted/data/images/train/GOPR7945_JPG.rf.3b7b3dcded9dc68f9cc86527dd586a4d.jpg,GOPR7945_JPG.rf.3b7b3dcded9dc68f9cc86527dd586a4d.jpg,train,640,640,1.0,JPEG,112272,3,RGB,785787bb365c0fa1084bcf6587bb09cb,1
/Users/macbook/Documents/cassava-navigation-ai/data/extracted/data/images/train/GOPR7946_JPG.rf.243d73e1652eb613891dbfea537c8f6e.jpg,GOPR7946_JPG.rf.243d73e1652eb613891dbfea537c8f6e.jpg,train,640,640,1.0,JPEG,100030,3,RGB,00c6f606832058474b45729cbfa555f8,1
/Users/macbook/Documents/cassava-navigation-ai/data/extracted/data/images/train/GOPR7947_JPG.rf.4cd65199c3fbcc5f7b417e1d905aa4d7.jpg,GOPR7947_JPG.rf.4cd65199c3fbcc5f7b417e1d905aa4d7.jpg,train,640,640,1.0,JPEG,126676,3,RGB,751cd6616ae1f77767642d9a5f962b7d,1
/Users/macbook/Documents/cassava-navigation-ai/data/extracted/data/images/train/GOPR7948_JPG.rf.1a85ef55b25686c5553893a080db131e.jpg,GOPR7948_JPG.rf.1a85ef55b25686c5553893a080db131e.jpg,train,640,640,1.0,JPEG,119743,3,RGB,1eee950e517ba99c6b5b11eb9d68bdf8,1
/Users/macbook/Documents/cassava-navigation-ai/data/extracted/data/images/train/GOPR7950_JPG.rf.c34d74e96eb4289f76bd4d53daedd843.jpg,GOPR7950_JPG.rf.c34d74e96eb4289f76bd4d53daedd843.jpg,train,640,640,1.0,JPEG,131966,3,RGB,abf967705cf34440bb6156be0ad197a9,1
/Users/macbook/Documents/cassava-navigation-ai/data/extracted/data/images/train/GOPR7952_JPG.rf.0358dcbd7db773e61c18f637f0cda823.jpg,GOPR7952_JPG.rf.0358dcbd7db773e61c18f637f0cda823.jpg,train,640,640,1.0,JPEG,125526,3,RGB,4b9a798511610ed2fc50fe0bd21a69f5,1
/Users/macbook/Documents/cassava-navigation-ai/data/extracted/data/images/train/GOPR7953_JPG.rf.c884785c08fd531f94a0043e9aa41388.jpg,GOPR7953_JPG.rf.c884785c08fd531f94a0043e9aa41388.jpg,train,640,640,1.0,JPEG,123991,3,RGB,cb8ec24726cf9de01704781b44731cad,1
/Users/macbook/Documents/cassava-navigation-ai/data/extracted/data/images/train/GOPR7955_JPG.rf.e539a0049c3f70467d7c96fcf914243c.jpg,GOPR7955_JPG.rf.e539a0049c3f70467d7c96fcf914243c.jpg,train,640,640,1.0,JPEG,111331,3,RGB,c3fb9a6d18ac4eac230ed28427a39a3c,1
/Users/macbook/Documents/cassava-navigation-ai/data/extracted/data/images/train/GOPR7956_JPG.rf.755a97a19ec59d28d369508e7f1cdf1e.jpg,GOPR7956_JPG.rf.755a97a19ec59d28d369508e7f1cdf1e.jpg,train,640,640,1.0,JPEG,136166,3,RGB,2e610dd10e485cf73161d1ece20e18bb,1
/Users/macbook/Documents/cassava-navigation-ai/data/extracted/data/images/train/GOPR7957_JPG.rf.41f103c81b44134e5286dce07d36812e.jpg,GOPR7957_JPG.rf.41f103c81b44134e5286dce07d36812e.jpg,train,640,640,1.0,JPEG,141877,3,RGB,97ff2c0848f4e61bb3c7107ac44fb1d0,1
/Users/macbook/Documents/cassava-navigation-ai/data/extracted/data/images/train/GOPR7958_JPG.rf.b1b9018308730f2cad301159bef63a15.jpg,GOPR7958_JPG.rf.b1b9018308730f2cad301159bef63a15.jpg,train,640,640,1.0,JPEG,124825,3,RGB,396700139c231d301537de7b4fde5551,1
/Users/macbook/Documents/cassava-navigation-ai/data/extracted/data/images/train/GOPR7959_JPG.rf.b69e7529ed1d7df34aa4f8396b3242e4.jpg,GOPR7959_JPG.rf.b69e7529ed1d7df34aa4f8396b3242e4.jpg,train,640,640,1.0,JPEG,124365,3,RGB,6ecf49e386d332bdc033cd460a31ec08,1
/Users/macbook/Documents/cassava-navigation-ai/data/extracted/data/images/train/GOPR7960_JPG.rf.c7118146d41059b51236c531c8405ae1.jpg,GOPR7960_JPG.rf.c7118146d41059b51236c531c8405ae1.jpg,train,640,640,1.0,JPEG,147181,3,RGB,d1e4f03db3f0b539c163e99f695689ea,1
/Users/macbook/Documents/cassava-navigation-ai/data/extracted/data/images/train/GOPR7961_JPG.rf.ea707e2b3b2fb62ac034e5354933f200.jpg,GOPR7961_JPG.rf.ea707e2b3b2fb62ac034e5354933f200.jpg,train,640,640,1.0,JPEG,139493,3,RGB,d7e316a956ad1a60e4f8eda536e9f75d,1
/Users/macbook/Documents/cassava-navigation-ai/data/extracted/data/images/train/GOPR7962_JPG.rf.c5733e943b89fb20c975ed3f79cc12d5.jpg,GOPR7962_JPG.rf.c5733e943b89fb20c975ed3f79cc12d5.jpg,train,640,640,1.0,JPEG,110099,3,RGB,2435f2ff9be2c3daf046408982e9d98a,1
/Users/macbook/Documents/cassava-navigation-ai/data/extracted/data/images/train/GOPR7963_JPG.rf.25d43c5fddef125551d0a0f9d08052dc.jpg,GOPR7963_JPG.rf.25d43c5fddef125551d0a0f9d08052dc.jpg,train,640,640,1.0,JPEG,124492,3,RGB,589c37f3c5c7415e5f04989eaa3cf098,1
/Users/macbook/Documents/cassava-navigation-ai/data/extracted/data/images/train/GOPR7964_JPG.rf.c197cfa5d529d6f0f9b366f26687e944.jpg,GOPR7964_JPG.rf.c197cfa5d529d6f0f9b366f26687e944.jpg,train,640,640,1.0,JPEG,137972,3,RGB,52dfd72809e6d1d832d145d44be32359,1
/Users/macbook/Documents/cassava-navigation-ai/data/extracted/data/images/train/GOPR7965_JPG.rf.566eaef648ea21e727c07fb7a3d600b3.jpg,GOPR7965_JPG.rf.566eaef648ea21e727c07fb7a3d600b3.jpg,train,640,640,1.0,JPEG,112350,3,RGB,1ae6c748fac6a5dc6cf5c2b04f08baf0,1
/Users/macbook/Documents/cassava-navigation-ai/data/extracted/data/images/train/GOPR7968_JPG.rf.d44f4c7a8864697cc93856317e506d6e.jpg,GOPR7968_JPG.rf.d44f4c7a8864697cc93856317e506d6e.jpg,train,640,640,1.0,JPEG,132087,3,RGB,e29e65fc4bf2f3c88114ff028c3d8e43,1
/Users/macbook/Documents/cassava-navigation-ai/data/extracted/data/images/train/GOPR7970_JPG.rf.e26deb087eea0d7290e26369f4d14328.jpg,GOPR7970_JPG.rf.e26deb087eea0d7290e26369f4d14328.jpg,train,640,640,1.0,JPEG,130341,3,RGB,a995e211fd68c3831283f9e1d9252339,1
/Users/macbook/Documents/cassava-navigation-ai/data/extracted/data/images/train/GOPR7972_JPG.rf.f9bcd8f70ea8f1337d777875f1759bf8.jpg,GOPR7972_JPG.rf.f9bcd8f70ea8f1337d777875f1759bf8.jpg,train,640,640,1.0,JPEG,109771,3,RGB,72cd043aa0c5cd41504f3511992b4664,1
/Users/macbook/Documents/cassava-navigation-ai/data/extracted/data/images/train/GOPR7973_JPG.rf.c2b17d49d63b2a66289cfdadcb420c23.jpg,GOPR7973_JPG.rf.c2b17d49d63b2a66289cfdadcb420c23.jpg,train,640,640,1.0,JPEG,111048,3,RGB,90e51c8dcb2a2dbe21980797b27f0ce7,1
/Users/macbook/Documents/cassava-navigation-ai/data/extracted/data/images/train/GOPR7974_JPG.rf.cf2e76524b2b456c030ab0b0ffd2da04.jpg,GOPR7974_JPG.rf.cf2e76524b2b456c030ab0b0ffd2da04.jpg,train,640,640,1.0,JPEG,114587,3,RGB,6eeafaf1106d72a375ecfbcd958937c4,1
/Users/macbook/Documents/cassava-navigation-ai/data/extracted/data/images/train/GOPR7975_JPG.rf.4d9273c3802b894186218b1f23e1ff29.jpg,GOPR7975_JPG.rf.4d9273c3802b894186218b1f23e1ff29.jpg,train,640,640,1.0,JPEG,132300,3,RGB,5fd5b35ec4a703d1883a939a62bd4c9e,1
/Users/macbook/Documents/cassava-navigation-ai/data/extracted/data/images/train/GOPR7976_JPG.rf.ec34166bda36f95321bbe2a1c1bc694c.jpg,GOPR7976_JPG.rf.ec34166bda36f95321bbe2a1c1bc694c.jpg,train,640,640,1.0,JPEG,123440,3,RGB,6fb6ea89a083fe934d6a76a37f3f0dc0,1
/Users/macbook/Documents/cassava-navigation-ai/data/extracted/data/images/train/GOPR7977_JPG.rf.6cda0dec28edc4cb4ca5832a9ea6867f.jpg,GOPR7977_JPG.rf.6cda0dec28edc4cb4ca5832a9ea6867f.jpg,train,640,640,1.0,JPEG,126437,3,RGB,306c57ca0757439145ac0c21dea63409,1
/Users/macbook/Documents/cassava-navigation-ai/data/extracted/data/images/train/GOPR7979_JPG.rf.3c432954a43540f758d5a90132de94e7.jpg,GOPR7979_JPG.rf.3c432954a43540f758d5a90132de94e7.jpg,train,640,640,1.0,JPEG,113860,3,RGB,a2543c909a61e6bc2513a891a535b2b8,1
/Users/macbook/Documents/cassava-navigation-ai/data/extracted/data/images/train/GOPR7980_JPG.rf.c1f119288c40be9614af0f79f419ebfa.jpg,GOPR7980_JPG.rf.c1f119288c40be9614af0f79f419ebfa.jpg,train,640,640,1.0,JPEG,129330,3,RGB,b819722cdd9b45df57750161bb57ad43,1
/Users/macbook/Documents/cassava-navigation-ai/data/extracted/data/images/train/GOPR7981_JPG.rf.3475cd86328489594057ea37d497516b.jpg,GOPR7981_JPG.rf.3475cd86328489594057ea37d497516b.jpg,train,640,640,1.0,JPEG,131537,3,RGB,a81dc560bc2b1c2730d26b40a462a942,1
/Users/macbook/Documents/cassava-navigation-ai/data/extracted/data/images/train/GOPR7982_JPG.rf.6063388a89c6fa2a16562c767ed67eac.jpg,GOPR7982_JPG.rf.6063388a89c6fa2a16562c767ed67eac.jpg,train,640,640,1.0,JPEG,142455,3,RGB,578c3dc798a8ee0ae2fc9d67b6384fd1,1
/Users/macbook/Documents/cassava-navigation-ai/data/extracted/data/images/train/GOPR7983_JPG.rf.0ab34bd710b8e33ce2d09044e0ee498c.jpg,GOPR7983_JPG.rf.0ab34bd710b8e33ce2d09044e0ee498c.jpg,train,640,640,1.0,JPEG,113953,3,RGB,34b34c1f6f6e2b1362feb0a810280679,1
/Users/macbook/Documents/cassava-navigation-ai/data/extracted/data/images/train/GOPR7984_JPG.rf.d8aacf0c296965e42712d0e23b2d34ac.jpg,GOPR7984_JPG.rf.d8aacf0c296965e42712d0e23b2d34ac.jpg,train,640,640,1.0,JPEG,117607,3,RGB,75e53224e32e5d7d1f0694eac6bdfd27,1
/Users/macbook/Documents/cassava-navigation-ai/data/extracted/data/images/train/GOPR7985_JPG.rf.1ccad0b81172de1e6157e7e7e94e88c0.jpg,GOPR7985_JPG.rf.1ccad0b81172de1e6157e7e7e94e88c0.jpg,train,640,640,1.0,JPEG,113502,3,RGB,019df3c916c6c60ae624bbe0febd8588,1
/Users/macbook/Documents/cassava-navigation-ai/data/extracted/data/images/train/GOPR7986_JPG.rf.75e559cb760fa056bd23e819475780d0.jpg,GOPR7986_JPG.rf.75e559cb760fa056bd23e819475780d0.jpg,train,640,640,1.0,JPEG,122956,3,RGB,80733eac9c3077e9eb7acd17074dc206,1
/Users/macbook/Documents/cassava-navigation-ai/data/extracted/data/images/train/GOPR7987_JPG.rf.7ae8cfbabdb58cc86b43b68f1364e7d5.jpg,GOPR7987_JPG.rf.7ae8cfbabdb58cc86b43b68f1364e7d5.jpg,train,640,640,1.0,JPEG,110797,3,RGB,a0236950f4e7dfda5172db30f8f8b352,1
/Users/macbook/Documents/cassava-navigation-ai/data/extracted/data/images/train/GOPR7988_JPG.rf.09d07a1fbe48e74c7df5856af28496ee.jpg,GOPR7988_JPG.rf.09d07a1fbe48e74c7df5856af28496ee.jpg,train,640,640,1.0,JPEG,123770,3,RGB,ab369403d61f3d8de0430c36b175eedf,1
/Users/macbook/Documents/cassava-navigation-ai/data/extracted/data/images/train/GOPR7989_JPG.rf.78c0b11610114be711584aaa77e46f11.jpg,GOPR7989_JPG.rf.78c0b11610114be711584aaa77e46f11.jpg,train,640,640,1.0,JPEG,102354,3,RGB,54863697fcbdc11610e2cc468beccb14,1
/Users/macbook/Documents/cassava-navigation-ai/data/extracted/data/images/train/GOPR7991_JPG.rf.152c97e4e8ce4f863183c8d7af5fe4c1.jpg,GOPR7991_JPG.rf.152c97e4e8ce4f863183c8d7af5fe4c1.jpg,train,640,640,1.0,JPEG,107697,3,RGB,5a55be80a86505c895805dc2dbefd389,1
/Users/macbook/Documents/cassava-navigation-ai/data/extracted/data/images/train/GOPR7992_JPG.rf.0826eadc7514e12edfe4f9656569c27b.jpg,GOPR7992_JPG.rf.0826eadc7514e12edfe4f9656569c27b.jpg,train,640,640,1.0,JPEG,141937,3,RGB,251d8eff9b3f69a882e87c91a93648b7,1
/Users/macbook/Documents/cassava-navigation-ai/data/extracted/data/images/train/GOPR7993_JPG.rf.8664173798a44191acba33c13b26e1a9.jpg,GOPR7993_JPG.rf.8664173798a44191acba33c13b26e1a9.jpg,train,640,640,1.0,JPEG,136824,3,RGB,ffd9a98b8aaea7f93bcf200dce71d3f9,1
/Users/macbook/Documents/cassava-navigation-ai/data/extracted/data/images/train/GOPR7995_JPG.rf.2d5267b598ec74927854f4f588fa5dda.jpg,GOPR7995_JPG.rf.2d5267b598ec74927854f4f588fa5dda.jpg,train,640,640,1.0,JPEG,106031,3,RGB,811adad7efbe78e0d7fcc49b0404fc37,1
/Users/macbook/Documents/cassava-navigation-ai/data/extracted/data/images/train/GOPR7996_JPG.rf.599197cf96bbe71ff15f1fcf809e458c.jpg,GOPR7996_JPG.rf.599197cf96bbe71ff15f1fcf809e458c.jpg,train,640,640,1.0,JPEG,130535,3,RGB,3cb725811c1ea4dd086e8bc972bd25f8,1
/Users/macbook/Documents/cassava-navigation-ai/data/extracted/data/images/train/GOPR7998_JPG.rf.20d7d6ebd4595ce944e141fee516b1df.jpg,GOPR7998_JPG.rf.20d7d6ebd4595ce944e141fee516b1df.jpg,train,640,640,1.0,JPEG,124801,3,RGB,4add011cbdb6a438efaa5326caa971ef,1
/Users/macbook/Documents/cassava-navigation-ai/data/extracted/data/images/train/GOPR7999_JPG.rf.0a0a46313db23845baf9b278eafc47dc.jpg,GOPR7999_JPG.rf.0a0a46313db23845baf9b278eafc47dc.jpg,train,640,640,1.0,JPEG,116469,3,RGB,753d890a677245ae49c33aff0fa7f432,1
/Users/macbook/Documents/cassava-navigation-ai/data/extracted/data/images/train/GOPR8000_JPG.rf.002a022ba3e70c4971e435c26795ce2f.jpg,GOPR8000_JPG.rf.002a022ba3e70c4971e435c26795ce2f.jpg,train,640,640,1.0,JPEG,134538,3,RGB,cbea7de787b1ff295e829cc0ed5911dc,1
/Users/macbook/Documents/cassava-navigation-ai/data/extracted/data/images/train/GOPR8001_JPG.rf.38e66e745dbf182aa0ea0edb38651dd5.jpg,GOPR8001_JPG.rf.38e66e745dbf182aa0ea0edb38651dd5.jpg,train,640,640,1.0,JPEG,128793,3,RGB,122429b90ea8c00a55e53f2eff1611ec,1
/Users/macbook/Documents/cassava-navigation-ai/data/extracted/data/images/train/GOPR8002_JPG.rf.18502be00963f614729d1e8267dac4c8.jpg,GOPR8002_JPG.rf.18502be00963f614729d1e8267dac4c8.jpg,train,640,640,1.0,JPEG,123320,3,RGB,10b7552cccf476b952c7a2dae57f4a8e,1
/Users/macbook/Documents/cassava-navigation-ai/data/extracted/data/images/train/GOPR8003_JPG.rf.8111fa13ef84ee09abc9ce259bc540c5.jpg,GOPR8003_JPG.rf.8111fa13ef84ee09abc9ce259bc540c5.jpg,train,640,640,1.0,JPEG,137954,3,RGB,8fca5ac608c8fc4c2074580676d0b8f6,1
/Users/macbook/Documents/cassava-navigation-ai/data/extracted/data/images/train/GOPR8005_JPG.rf.540480471a2d0f369a017b8c0805882f.jpg,GOPR8005_JPG.rf.540480471a2d0f369a017b8c0805882f.jpg,train,640,640,1.0,JPEG,111640,3,RGB,7a27c0f252f99780ff61748826ae601d,1
/Users/macbook/Documents/cassava-navigation-ai/data/extracted/data/images/train/GOPR8006_JPG.rf.506882cea3d10cb2e67eece82b706c67.jpg,GOPR8006_JPG.rf.506882cea3d10cb2e67eece82b706c67.jpg,train,640,640,1.0,JPEG,122498,3,RGB,0e581b659ba8ae01e7f9c48a494bf818,1
/Users/macbook/Documents/cassava-navigation-ai/data/extracted/data/images/train/GOPR8008_JPG.rf.1bf1744471fa5e2a0c8a15cd60c044f0.jpg,GOPR8008_JPG.rf.1bf1744471fa5e2a0c8a15cd60c044f0.jpg,train,640,640,1.0,JPEG,121578,3,RGB,107a0b0002a9deac62f0de5c10e9c445,1
/Users/macbook/Documents/cassava-navigation-ai/data/extracted/data/images/train/GOPR8010_JPG.rf.c1f2291007c2c6cc1025dec3bda856dd.jpg,GOPR8010_JPG.rf.c1f2291007c2c6cc1025dec3bda856dd.jpg,train,640,640,1.0,JPEG,124844,3,RGB,d527efcaabe8b9e55304648a4789a7d4,1
/Users/macbook/Documents/cassava-navigation-ai/data/extracted/data/images/train/GOPR8011_JPG.rf.234e8339e2ad5943ae13a242b34a10dc.jpg,GOPR8011_JPG.rf.234e8339e2ad5943ae13a242b34a10dc.jpg,train,640,640,1.0,JPEG,118583,3,RGB,7a9a863c164f1c700967e00f952e1182,1
/Users/macbook/Documents/cassava-navigation-ai/data/extracted/data/images/train/GOPR8012_JPG.rf.1d9a1caba6854ad284efbb66a24133b4.jpg,GOPR8012_JPG.rf.1d9a1caba6854ad284efbb66a24133b4.jpg,train,640,640,1.0,JPEG,127621,3,RGB,7e7afa8f37c59514c4dd683747e8c07e,1
/Users/macbook/Documents/cassava-navigation-ai/data/extracted/data/images/train/GOPR8013_JPG.rf.c3ba3307d998e31a140d6182e3180cd1.jpg,GOPR8013_JPG.rf.c3ba3307d998e31a140d6182e3180cd1.jpg,train,640,640,1.0,JPEG,104976,3,RGB,98a8c29552bc2c1f30663e4edca647df,1
/Users/macbook/Documents/cassava-navigation-ai/data/extracted/data/images/train/GOPR8014_JPG.rf.43c2d3c3dea04548febc3b2e9cf176eb.jpg,GOPR8014_JPG.rf.43c2d3c3dea04548febc3b2e9cf176eb.jpg,train,640,640,1.0,JPEG,112640,3,RGB,e61eae8dd1e093d0d809474260510c41,1
/Users/macbook/Documents/cassava-navigation-ai/data/extracted/data/images/train/GOPR8015_JPG.rf.c817bf276b5d7aca0e1cf2b2e3589092.jpg,GOPR8015_JPG.rf.c817bf276b5d7aca0e1cf2b2e3589092.jpg,train,640,640,1.0,JPEG,114079,3,RGB,d003b2825191f0370de6162df952e92f,1
/Users/macbook/Documents/cassava-navigation-ai/data/extracted/data/images/train/GOPR8016_JPG.rf.80078aa814258298219d958ecd7076ed.jpg,GOPR8016_JPG.rf.80078aa814258298219d958ecd7076ed.jpg,train,640,640,1.0,JPEG,130813,3,RGB,5fe0adb28eb6ef4841f7b0e41f79891b,1
/Users/macbook/Documents/cassava-navigation-ai/data/extracted/data/images/train/GOPR8017_JPG.rf.42c4600e5d1f406b35d50dc7b549378a.jpg,GOPR8017_JPG.rf.42c4600e5d1f406b35d50dc7b549378a.jpg,train,640,640,1.0,JPEG,102349,3,RGB,df7f2682ff255c2ca5e4c31765b2f82f,1
/Users/macbook/Documents/cassava-navigation-ai/data/extracted/data/images/train/GOPR8018_JPG.rf.ccd238594b00dc32d7189c1c6b9434e1.jpg,GOPR8018_JPG.rf.ccd238594b00dc32d7189c1c6b9434e1.jpg,train,640,640,1.0,JPEG,118525,3,RGB,db87752e08ec7783c029046c7bce9614,1
/Users/macbook/Documents/cassava-navigation-ai/data/extracted/data/images/train/GOPR8019_JPG.rf.af25613a1cef42abaa4e683ea8a75195.jpg,GOPR8019_JPG.rf.af25613a1cef42abaa4e683ea8a75195.jpg,train,640,640,1.0,JPEG,104311,3,RGB,c4b9278c238f910785c4dca145552c65,1
/Users/macbook/Documents/cassava-navigation-ai/data/extracted/data/images/train/GOPR8020_JPG.rf.6aee4a10797ea5eb7aa84817ad647691.jpg,GOPR8020_JPG.rf.6aee4a10797ea5eb7aa84817ad647691.jpg,train,640,640,1.0,JPEG,126870,3,RGB,1d90b516150f3052a2a941a75e31b020,1
/Users/macbook/Documents/cassava-navigation-ai/data/extracted/data/images/train/GOPR8021_JPG.rf.e4abeea4aea20215ec37e4b99c5ce8b4.jpg,GOPR8021_JPG.rf.e4abeea4aea20215ec37e4b99c5ce8b4.jpg,train,640,640,1.0,JPEG,113408,3,RGB,455f5e795e27019bcaae46afc3e9d0ba,1
/Users/macbook/Documents/cassava-navigation-ai/data/extracted/data/images/train/GOPR8022_JPG.rf.7d6aed37c4aee7e2ac7285307edf5260.jpg,GOPR8022_JPG.rf.7d6aed37c4aee7e2ac7285307edf5260.jpg,train,640,640,1.0,JPEG,133055,3,RGB,d91a97e483c4504ea78bd8c10c6431a9,1
/Users/macbook/Documents/cassava-navigation-ai/data/extracted/data/images/train/GOPR8023_JPG.rf.3c375e704980a1adc676d51229f2710f.jpg,GOPR8023_JPG.rf.3c375e704980a1adc676d51229f2710f.jpg,train,640,640,1.0,JPEG,116055,3,RGB,edcd4a92f147de52ac9f3a0724182ff4,1
/Users/macbook/Documents/cassava-navigation-ai/data/extracted/data/images/train/GOPR8024_JPG.rf.df50d54ff051c37af2cc748816777a5b.jpg,GOPR8024_JPG.rf.df50d54ff051c37af2cc748816777a5b.jpg,train,640,640,1.0,JPEG,119922,3,RGB,cbb1ea8fb37f5adcc856921dea1e89e2,1
/Users/macbook/Documents/cassava-navigation-ai/data/extracted/data/images/train/GOPR8026_JPG.rf.db6f52dea8ccd06b6cf3f2a1f73b6a48.jpg,GOPR8026_JPG.rf.db6f52dea8ccd06b6cf3f2a1f73b6a48.jpg,train,640,640,1.0,JPEG,127251,3,RGB,069cf739918dbabe270ac7b82e307077,1
/Users/macbook/Documents/cassava-navigation-ai/data/extracted/data/images/train/GOPR8028_JPG.rf.9319816854d40e204ffb1bb03173c895.jpg,GOPR8028_JPG.rf.9319816854d40e204ffb1bb03173c895.jpg,train,640,640,1.0,JPEG,142129,3,RGB,349fb27e3aeaf5f30d8e1b598c5cc840,1
/Users/macbook/Documents/cassava-navigation-ai/data/extracted/data/images/train/GOPR8029_JPG.rf.c2b47c1f18a157dc812de94451ea2d29.jpg,GOPR8029_JPG.rf.c2b47c1f18a157dc812de94451ea2d29.jpg,train,640,640,1.0,JPEG,142938,3,RGB,f6745140e0d94ebfd1e8571c5b2e6727,1
/Users/macbook/Documents/cassava-navigation-ai/data/extracted/data/images/train/GOPR8030_JPG.rf.2371c741d3f9e88b677840bd6ad9a220.jpg,GOPR8030_JPG.rf.2371c741d3f9e88b677840bd6ad9a220.jpg,train,640,640,1.0,JPEG,124525,3,RGB,483cbc85dfab6a7ff62af146fc168c34,1
/Users/macbook/Documents/cassava-navigation-ai/data/extracted/data/images/train/GOPR8031_JPG.rf.380ca466c3d82577455fb9ab259f3871.jpg,GOPR8031_JPG.rf.380ca466c3d82577455fb9ab259f3871.jpg,train,640,640,1.0,JPEG,144416,3,RGB,2f55e602c5786fbd3f325b7a1ee2f536,1
/Users/macbook/Documents/cassava-navigation-ai/data/extracted/data/images/train/GOPR8032_JPG.rf.80ea3711dff82da781de7257ed545cee.jpg,GOPR8032_JPG.rf.80ea3711dff82da781de7257ed545cee.jpg,train,640,640,1.0,JPEG,128057,3,RGB,7b805978f962efe29716064fa56848d3,1
/Users/macbook/Documents/cassava-navigation-ai/data/extracted/data/images/train/GOPR8033_JPG.rf.56a9f8b0f3e02afcbb923d42e0268383.jpg,GOPR8033_JPG.rf.56a9f8b0f3e02afcbb923d42e0268383.jpg,train,640,640,1.0,JPEG,139558,3,RGB,0ca15665d3edce0135766a7533113cd4,1
/Users/macbook/Documents/cassava-navigation-ai/data/extracted/data/images/train/GOPR8034_JPG.rf.f583b8df320029bee85a348b02ac6e51.jpg,GOPR8034_JPG.rf.f583b8df320029bee85a348b02ac6e51.jpg,train,640,640,1.0,JPEG,145614,3,RGB,b855c4c91649faf6e280890b569ffe14,1
/Users/macbook/Documents/cassava-navigation-ai/data/extracted/data/images/train/GOPR8035_JPG.rf.071d15dff9a37bc8f8ed34dfc05f4b84.jpg,GOPR8035_JPG.rf.071d15dff9a37bc8f8ed34dfc05f4b84.jpg,train,640,640,1.0,JPEG,129396,3,RGB,f11ffb31b8372e98ee194d88d0d1002f,1
/Users/macbook/Documents/cassava-navigation-ai/data/extracted/data/images/train/GOPR8036_JPG.rf.61fc29be66cc9bdd50cac99e76c27611.jpg,GOPR8036_JPG.rf.61fc29be66cc9bdd50cac99e76c27611.jpg,train,640,640,1.0,JPEG,85532,3,RGB,dc5c2c600f4a85b152e08130523da568,1
/Users/macbook/Documents/cassava-navigation-ai/data/extracted/data/images/train/GOPR8037_JPG.rf.9256258c1d86868ecc79c0ed9a32e615.jpg,GOPR8037_JPG.rf.9256258c1d86868ecc79c0ed9a32e615.jpg,train,640,640,1.0,JPEG,84936,3,RGB,4468c64e142a625d9c3f9bd51556744e,1
/Users/macbook/Documents/cassava-navigation-ai/data/extracted/data/images/train/GOPR8038_JPG.rf.186fe56b20ddb56988e077f2ebc2b6b5.jpg,GOPR8038_JPG.rf.186fe56b20ddb56988e077f2ebc2b6b5.jpg,train,640,640,1.0,JPEG,83296,3,RGB,9fd3d5ce9ec6ecc380840ba226cb0dfd,1
/Users/macbook/Documents/cassava-navigation-ai/data/extracted/data/images/train/GOPR8039_JPG.rf.807771b3072d4690b27bdd5484447ed6.jpg,GOPR8039_JPG.rf.807771b3072d4690b27bdd5484447ed6.jpg,train,640,640,1.0,JPEG,82628,3,RGB,b36c7c38d5c6b0462b7287554ff4127e,1
/Users/macbook/Documents/cassava-navigation-ai/data/extracted/data/images/train/GOPR8040_JPG.rf.67940a19316d2a822585cde40fa3fc74.jpg,GOPR8040_JPG.rf.67940a19316d2a822585cde40fa3fc74.jpg,train,640,640,1.0,JPEG,86286,3,RGB,fea45297cd214fb21e19dac51ea1b640,1
/Users/macbook/Documents/cassava-navigation-ai/data/extracted/data/images/train/GOPR8043_JPG.rf.1d73fcd7a5e5afddd1a02337bd9160d7.jpg,GOPR8043_JPG.rf.1d73fcd7a5e5afddd1a02337bd9160d7.jpg,train,640,640,1.0,JPEG,76760,3,RGB,5a52167cc287dc92ce9dbd2db3ed82ff,1
/Users/macbook/Documents/cassava-navigation-ai/data/extracted/data/images/train/GOPR8044_JPG.rf.0d541923f1fe30b1072904dda26af8e8.jpg,GOPR8044_JPG.rf.0d541923f1fe30b1072904dda26af8e8.jpg,train,640,640,1.0,JPEG,64789,3,RGB,821c81e31681e62c13263c72730af244,1
/Users/macbook/Documents/cassava-navigation-ai/data/extracted/data/images/train/GOPR8045_JPG.rf.3549822cfe4f0a92048b2e4188d9babd.jpg,GOPR8045_JPG.rf.3549822cfe4f0a92048b2e4188d9babd.jpg,train,640,640,1.0,JPEG,71758,3,RGB,26a49825d6066f0602aae60e22673219,1
/Users/macbook/Documents/cassava-navigation-ai/data/extracted/data/images/train/GOPR8048_JPG.rf.dafbcb929f9e3df16ea8b3e4a9f6f134.jpg,GOPR8048_JPG.rf.dafbcb929f9e3df16ea8b3e4a9f6f134.jpg,train,640,640,1.0,JPEG,94414,3,RGB,b85263427ec5b20f4f61a22f53c69679,1
/Users/macbook/Documents/cassava-navigation-ai/data/extracted/data/images/train/GOPR8049_JPG.rf.b61cedb3b4a4a2b43c669dec1cd0943e.jpg,GOPR8049_JPG.rf.b61cedb3b4a4a2b43c669dec1cd0943e.jpg,train,640,640,1.0,JPEG,105965,3,RGB,070c38bc2b0e64efa686b0b5f0ba7d69,1
/Users/macbook/Documents/cassava-navigation-ai/data/extracted/data/images/train/GOPR8052_JPG.rf.9dd4ceae96f2e34f257b6d8b3faf86b0.jpg,GOPR8052_JPG.rf.9dd4ceae96f2e34f257b6d8b3faf86b0.jpg,train,640,640,1.0,JPEG,94431,3,RGB,49f336df8dc02216a5b85dd7f92ef633,1
/Users/macbook/Documents/cassava-navigation-ai/data/extracted/data/images/train/GOPR8054_JPG.rf.d165d5dee16dcb34c5bfd528e3bcd7cd.jpg,GOPR8054_JPG.rf.d165d5dee16dcb34c5bfd528e3bcd7cd.jpg,train,640,640,1.0,JPEG,84815,3,RGB,6ea9cb2ad7deaf31be120352ed2451bf,1
/Users/macbook/Documents/cassava-navigation-ai/data/extracted/data/images/train/GOPR8057_JPG.rf.964ab49fe135d2f766bc1f41bc788472.jpg,GOPR8057_JPG.rf.964ab49fe135d2f766bc1f41bc788472.jpg,train,640,640,1.0,JPEG,79505,3,RGB,8d68119f9ef8bfdfb19ff58d00067377,1
/Users/macbook/Documents/cassava-navigation-ai/data/extracted/data/images/train/GOPR8058_JPG.rf.63e6e0b572c2f8f6dac4402097b22a51.jpg,GOPR8058_JPG.rf.63e6e0b572c2f8f6dac4402097b22a51.jpg,train,640,640,1.0,JPEG,82592,3,RGB,455b5fa1f28fa3565f422bcce4e663d0,1
/Users/macbook/Documents/cassava-navigation-ai/data/extracted/data/images/train/GOPR8059_JPG.rf.68ecf427efed64db0edb866be8551614.jpg,GOPR8059_JPG.rf.68ecf427efed64db0edb866be8551614.jpg,train,640,640,1.0,JPEG,87706,3,RGB,68fb9e6d7c8925a169464a3284c69b13,1
/Users/macbook/Documents/cassava-navigation-ai/data/extracted/data/images/train/GOPR8061_JPG.rf.9e062f52eae99cf2be90f28bcde1ee0d.jpg,GOPR8061_JPG.rf.9e062f52eae99cf2be90f28bcde1ee0d.jpg,train,640,640,1.0,JPEG,85048,3,RGB,0943ec3e44cd7c32045f818d1d3722ea,1
/Users/macbook/Documents/cassava-navigation-ai/data/extracted/data/images/train/GOPR8062_JPG.rf.0e39e2df4206646fe21d7cd079000575.jpg,GOPR8062_JPG.rf.0e39e2df4206646fe21d7cd079000575.jpg,train,640,640,1.0,JPEG,85512,3,RGB,66b49d3c144b1be48ec0cd10ab47c9c6,1
/Users/macbook/Documents/cassava-navigation-ai/data/extracted/data/images/train/GOPR8066_JPG.rf.8258dae5ea836f5ec66801d36caee3d6.jpg,GOPR8066_JPG.rf.8258dae5ea836f5ec66801d36caee3d6.jpg,train,640,640,1.0,JPEG,99219,3,RGB,4800af185ef7201ce85099adc4842f15,1
/Users/macbook/Documents/cassava-navigation-ai/data/extracted/data/images/train/GOPR8068_JPG.rf.af3403da4482a1f57299bfe36e8553c8.jpg,GOPR8068_JPG.rf.af3403da4482a1f57299bfe36e8553c8.jpg,train,640,640,1.0,JPEG,84051,3,RGB,6b5e02efafc7d110b397671c98f43c28,1
/Users/macbook/Documents/cassava-navigation-ai/data/extracted/data/images/train/GOPR8070_JPG.rf.c04532ed5f2130999dfaebd7a3bb4e75.jpg,GOPR8070_JPG.rf.c04532ed5f2130999dfaebd7a3bb4e75.jpg,train,640,640,1.0,JPEG,90366,3,RGB,8654eab33b991d86eed31c5451f554b2,1
/Users/macbook/Documents/cassava-navigation-ai/data/extracted/data/images/train/GOPR8072_JPG.rf.d29cacc1805fd2c88c4d7eba60b5dcbe.jpg,GOPR8072_JPG.rf.d29cacc1805fd2c88c4d7eba60b5dcbe.jpg,train,640,640,1.0,JPEG,81422,3,RGB,1e7a6efaa837ab28c90a357a501aa32d,1
/Users/macbook/Documents/cassava-navigation-ai/data/extracted/data/images/train/GOPR8073_JPG.rf.2dde1f43000bed70338f833256abe220.jpg,GOPR8073_JPG.rf.2dde1f43000bed70338f833256abe220.jpg,train,640,640,1.0,JPEG,106507,3,RGB,a9f18c7ad9d5ad409e4eba8ea1f472d4,1
/Users/macbook/Documents/cassava-navigation-ai/data/extracted/data/images/train/GOPR8074_JPG.rf.265de0aada7b00e675e8e1e048ece65e.jpg,GOPR8074_JPG.rf.265de0aada7b00e675e8e1e048ece65e.jpg,train,640,640,1.0,JPEG,101360,3,RGB,753aaef69c605ceb8a5fb02edb3974fe,1
/Users/macbook/Documents/cassava-navigation-ai/data/extracted/data/images/train/GOPR8076_JPG.rf.77094930164f976f897637a8af27020f.jpg,GOPR8076_JPG.rf.77094930164f976f897637a8af27020f.jpg,train,640,640,1.0,JPEG,119578,3,RGB,458695f441fb20abe3eff7dee0e7002f,1
/Users/macbook/Documents/cassava-navigation-ai/data/extracted/data/images/train/GOPR8077_JPG.rf.35b3d642fc2c130191a8d5f0da20ae1d.jpg,GOPR8077_JPG.rf.35b3d642fc2c130191a8d5f0da20ae1d.jpg,train,640,640,1.0,JPEG,123457,3,RGB,e3b97967ec16cc73943dd5dcc869a87a,1
/Users/macbook/Documents/cassava-navigation-ai/data/extracted/data/images/train/GOPR8079_JPG.rf.f8be387884d453eba5ccc77847d80066.jpg,GOPR8079_JPG.rf.f8be387884d453eba5ccc77847d80066.jpg,train,640,640,1.0,JPEG,134919,3,RGB,30c6a8929634af8fec714c99ea80b0a6,1
/Users/macbook/Documents/cassava-navigation-ai/data/extracted/data/images/train/GOPR8080_JPG.rf.b70ffa4ebec0af5d397930a0ba09aa6b.jpg,GOPR8080_JPG.rf.b70ffa4ebec0af5d397930a0ba09aa6b.jpg,train,640,640,1.0,JPEG,90975,3,RGB,e1130a568ee9855800b396161501e951,1
/Users/macbook/Documents/cassava-navigation-ai/data/extracted/data/images/train/GOPR8081_JPG.rf.dea4f1bd4b6831b1b1a247c9a0e0e84c.jpg,GOPR8081_JPG.rf.dea4f1bd4b6831b1b1a247c9a0e0e84c.jpg,train,640,640,1.0,JPEG,88318,3,RGB,f9b8232bdd1d24808389a73285ea30f3,1
/Users/macbook/Documents/cassava-navigation-ai/data/extracted/data/images/train/GOPR8083_JPG.rf.873e653579ab0b5771e1198d190fea5e.jpg,GOPR8083_JPG.rf.873e653579ab0b5771e1198d190fea5e.jpg,train,640,640,1.0,JPEG,86505,3,RGB,3aeb14907577d99029f59bd7a174ebeb,1
/Users/macbook/Documents/cassava-navigation-ai/data/extracted/data/images/train/GOPR8084_JPG.rf.08d18f88194558ed511b957f1eb93fd0.jpg,GOPR8084_JPG.rf.08d18f88194558ed511b957f1eb93fd0.jpg,train,640,640,1.0,JPEG,85494,3,RGB,3dd8a48888829937c3d0867911148e41,1
/Users/macbook/Documents/cassava-navigation-ai/data/extracted/data/images/train/GOPR8085_JPG.rf.f054c2753e46b7febf8782f0bd2fe32c.jpg,GOPR8085_JPG.rf.f054c2753e46b7febf8782f0bd2fe32c.jpg,train,640,640,1.0,JPEG,87566,3,RGB,ca56df5ed81a8936e7c5a26601721b7f,1
/Users/macbook/Documents/cassava-navigation-ai/data/extracted/data/images/train/GOPR8086_JPG.rf.f51f3054868ef2c3ce771d5f58e007da.jpg,GOPR8086_JPG.rf.f51f3054868ef2c3ce771d5f58e007da.jpg,train,640,640,1.0,JPEG,111397,3,RGB,5b53d48974d8b26e11a977686ed35508,1
/Users/macbook/Documents/cassava-navigation-ai/data/extracted/data/images/train/GOPR8088_JPG.rf.d0bf3c5a6fd30f9a4662d35e1500d659.jpg,GOPR8088_JPG.rf.d0bf3c5a6fd30f9a4662d35e1500d659.jpg,train,640,640,1.0,JPEG,114470,3,RGB,5da6c5dbc532cad4f5c38660ed4715e7,1
/Users/macbook/Documents/cassava-navigation-ai/data/extracted/data/images/train/GOPR8089_JPG.rf.c87cd0de62d6dd99e296c3dcda0bc932.jpg,GOPR8089_JPG.rf.c87cd0de62d6dd99e296c3dcda0bc932.jpg,train,640,640,1.0,JPEG,122647,3,RGB,76ac3e64bf954e9b09137c2fc3469320,1
/Users/macbook/Documents/cassava-navigation-ai/data/extracted/data/images/train/GOPR8092_JPG.rf.e51ca50733269ce7e43fc105829b4a0a.jpg,GOPR8092_JPG.rf.e51ca50733269ce7e43fc105829b4a0a.jpg,train,640,640,1.0,JPEG,124834,3,RGB,162979479c350fc1986f7ccf7f94e4b1,1
/Users/macbook/Documents/cassava-navigation-ai/data/extracted/data/images/train/GOPR8093_JPG.rf.892866d3ff238cf7572a5998ead413de.jpg,GOPR8093_JPG.rf.892866d3ff238cf7572a5998ead413de.jpg,train,640,640,1.0,JPEG,127181,3,RGB,bfa8f976bac3d323bf1e5e1a0deeba19,1
/Users/macbook/Documents/cassava-navigation-ai/data/extracted/data/images/train/GOPR8094_JPG.rf.51fd06caf08d893217d3ef2c82a105a9.jpg,GOPR8094_JPG.rf.51fd06caf08d893217d3ef2c82a105a9.jpg,train,640,640,1.0,JPEG,136478,3,RGB,d693acd5084617c109015be9111ea108,1
/Users/macbook/Documents/cassava-navigation-ai/data/extracted/data/images/valid/G0207738_JPG.rf.f3a8a29d0ce23629480f0d5c2de54f97.jpg,G0207738_JPG.rf.f3a8a29d0ce23629480f0d5c2de54f97.jpg,valid,640,640,1.0,JPEG,128852,3,RGB,f41cf892e1465dc79a6e71c17f654d4a,1
/Users/macbook/Documents/cassava-navigation-ai/data/extracted/data/images/valid/GOPR6954_JPG.rf.d3f661e7aaaea40e9339b39c502d4b2a.jpg,GOPR6954_JPG.rf.d3f661e7aaaea40e9339b39c502d4b2a.jpg,valid,640,640,1.0,JPEG,134651,3,RGB,fa37a542273f9c88accfcaaf9fde9257,1
/Users/macbook/Documents/cassava-navigation-ai/data/extracted/data/images/valid/GOPR6960_JPG.rf.e3709843cbdcc58fdaf87cfec8260077.jpg,GOPR6960_JPG.rf.e3709843cbdcc58fdaf87cfec8260077.jpg,valid,640,640,1.0,JPEG,111700,3,RGB,5184cf5b07c5e41a027d8f9f9759db8b,1
/Users/macbook/Documents/cassava-navigation-ai/data/extracted/data/images/valid/GOPR6968_JPG.rf.809fa064f18606faa6c8ea6661d99baa.jpg,GOPR6968_JPG.rf.809fa064f18606faa6c8ea6661d99baa.jpg,valid,640,640,1.0,JPEG,138132,3,RGB,80b989470048ac071add8dabf9bb42b3,1
/Users/macbook/Documents/cassava-navigation-ai/data/extracted/data/images/valid/GOPR6997_JPG.rf.d14407a05f4ed2c33349bc5dac343326.jpg,GOPR6997_JPG.rf.d14407a05f4ed2c33349bc5dac343326.jpg,valid,640,640,1.0,JPEG,112204,3,RGB,d3c937cd640d419b1125ada8c54adcfc,1
/Users/macbook/Documents/cassava-navigation-ai/data/extracted/data/images/valid/GOPR6998_JPG.rf.8ef13cb91ae62ba3ab7eaafa524cd6b3.jpg,GOPR6998_JPG.rf.8ef13cb91ae62ba3ab7eaafa524cd6b3.jpg,valid,640,640,1.0,JPEG,103994,3,RGB,9a4c8fdeb5020a6e8f0b1ad2bd3e35b6,1
/Users/macbook/Documents/cassava-navigation-ai/data/extracted/data/images/valid/GOPR6999_JPG.rf.51c35bc5c0f51e6c5f5eff088af57204.jpg,GOPR6999_JPG.rf.51c35bc5c0f51e6c5f5eff088af57204.jpg,valid,640,640,1.0,JPEG,102886,3,RGB,f5c685fdf02754a5f01d4e57a1903e33,1
/Users/macbook/Documents/cassava-navigation-ai/data/extracted/data/images/valid/GOPR7008_JPG.rf.f30f30ca3bb1b80477dc206189bf40b2.jpg,GOPR7008_JPG.rf.f30f30ca3bb1b80477dc206189bf40b2.jpg,valid,640,640,1.0,JPEG,123595,3,RGB,d717acd03264d4a1b1d7b71c2d0bf7ba,1
/Users/macbook/Documents/cassava-navigation-ai/data/extracted/data/images/valid/GOPR7020_JPG.rf.97f82b8d62e9bbef3ed47af7711ee215.jpg,GOPR7020_JPG.rf.97f82b8d62e9bbef3ed47af7711ee215.jpg,valid,640,640,1.0,JPEG,146659,3,RGB,85caa08eea606eb96097453076e993bf,1
/Users/macbook/Documents/cassava-navigation-ai/data/extracted/data/images/valid/GOPR7023_JPG.rf.7ab6795e9d17b61728214eb1f226bfdc.jpg,GOPR7023_JPG.rf.7ab6795e9d17b61728214eb1f226bfdc.jpg,valid,640,640,1.0,JPEG,134468,3,RGB,107d9cdefc23190f9288cce4d48868fd,1
/Users/macbook/Documents/cassava-navigation-ai/data/extracted/data/images/valid/GOPR7024_JPG.rf.786282aaa3bf9f2f8682572f2cf55989.jpg,GOPR7024_JPG.rf.786282aaa3bf9f2f8682572f2cf55989.jpg,valid,640,640,1.0,JPEG,130063,3,RGB,8a5bdc899469191bcd6c52e7990588f5,1
/Users/macbook/Documents/cassava-navigation-ai/data/extracted/data/images/valid/GOPR7040_JPG.rf.af0f0b05c90a042cecbd5060669f18f9.jpg,GOPR7040_JPG.rf.af0f0b05c90a042cecbd5060669f18f9.jpg,valid,640,640,1.0,JPEG,124196,3,RGB,65d9ee979b7ae832cb645e4235dc304e,1
/Users/macbook/Documents/cassava-navigation-ai/data/extracted/data/images/valid/GOPR7051_JPG.rf.ed6933b0d9bddc92c9431b823d79b512.jpg,GOPR7051_JPG.rf.ed6933b0d9bddc92c9431b823d79b512.jpg,valid,640,640,1.0,JPEG,110435,3,RGB,dde33fc47b667149a11c327cdc35d7db,1
/Users/macbook/Documents/cassava-navigation-ai/data/extracted/data/images/valid/GOPR7055_JPG.rf.c10dd2ec3ea1749685ff989f58f9f266.jpg,GOPR7055_JPG.rf.c10dd2ec3ea1749685ff989f58f9f266.jpg,valid,640,640,1.0,JPEG,120302,3,RGB,1d7ce7964c9d8fb2519d8825c22807be,1
/Users/macbook/Documents/cassava-navigation-ai/data/extracted/data/images/valid/GOPR7059_JPG.rf.947979f1cd47df11c9a74fc9a8d72c16.jpg,GOPR7059_JPG.rf.947979f1cd47df11c9a74fc9a8d72c16.jpg,valid,640,640,1.0,JPEG,96332,3,RGB,981bb3e975c31ceeb2ed081a13202e5c,1
/Users/macbook/Documents/cassava-navigation-ai/data/extracted/data/images/valid/GOPR7068_JPG.rf.493419d19099260a4290e3ebf9fe6b78.jpg,GOPR7068_JPG.rf.493419d19099260a4290e3ebf9fe6b78.jpg,valid,640,640,1.0,JPEG,127022,3,RGB,8260f839d967f8ce89dec1e212f01748,1
/Users/macbook/Documents/cassava-navigation-ai/data/extracted/data/images/valid/GOPR7071_JPG.rf.2f185dab1014858f2d104b7584a6b8c7.jpg,GOPR7071_JPG.rf.2f185dab1014858f2d104b7584a6b8c7.jpg,valid,640,640,1.0,JPEG,118805,3,RGB,77b46bc61157720c8f8bb8a6ed9fb78d,1
/Users/macbook/Documents/cassava-navigation-ai/data/extracted/data/images/valid/GOPR7095_JPG.rf.65617fd67a3a270197edd7692a524c82.jpg,GOPR7095_JPG.rf.65617fd67a3a270197edd7692a524c82.jpg,valid,640,640,1.0,JPEG,100555,3,RGB,13ef0ea19e0fa15cb63a73bb743e291c,1
/Users/macbook/Documents/cassava-navigation-ai/data/extracted/data/images/valid/GOPR7109_JPG.rf.87f2681192cb55536bc4afd8719b0cd5.jpg,GOPR7109_JPG.rf.87f2681192cb55536bc4afd8719b0cd5.jpg,valid,640,640,1.0,JPEG,86949,3,RGB,323a4a1f2c2c67aa450bc36f5b61d3b9,1
/Users/macbook/Documents/cassava-navigation-ai/data/extracted/data/images/valid/GOPR7114_JPG.rf.e44c92b4c2719e773237c7b0c1c7fe5f.jpg,GOPR7114_JPG.rf.e44c92b4c2719e773237c7b0c1c7fe5f.jpg,valid,640,640,1.0,JPEG,92124,3,RGB,e7639f23c669286ce5b03d49127a8d0c,1
/Users/macbook/Documents/cassava-navigation-ai/data/extracted/data/images/valid/GOPR7129_JPG.rf.4c37480546fca37bd1c7506f3edd46db.jpg,GOPR7129_JPG.rf.4c37480546fca37bd1c7506f3edd46db.jpg,valid,640,640,1.0,JPEG,90246,3,RGB,e0665f9ec32b62693860bac068c2fee6,1
/Users/macbook/Documents/cassava-navigation-ai/data/extracted/data/images/valid/GOPR7138_JPG.rf.488879b32c4da68b4f36880c5ba8e480.jpg,GOPR7138_JPG.rf.488879b32c4da68b4f36880c5ba8e480.jpg,valid,640,640,1.0,JPEG,141674,3,RGB,a45aed9e604a6d20c0c8e6f472e383f6,1
/Users/macbook/Documents/cassava-navigation-ai/data/extracted/data/images/valid/GOPR7144_JPG.rf.1839174f19eaabb73dffba9e7da10cb3.jpg,GOPR7144_JPG.rf.1839174f19eaabb73dffba9e7da10cb3.jpg,valid,640,640,1.0,JPEG,97404,3,RGB,1ec64a6ecdeb39908e37a85f79287564,1
/Users/macbook/Documents/cassava-navigation-ai/data/extracted/data/images/valid/GOPR7147_JPG.rf.70140209828fe3ad8ab3a5d530138691.jpg,GOPR7147_JPG.rf.70140209828fe3ad8ab3a5d530138691.jpg,valid,640,640,1.0,JPEG,125626,3,RGB,e1d05867f711269807c34579b46ae282,1
/Users/macbook/Documents/cassava-navigation-ai/data/extracted/data/images/valid/GOPR7148_JPG.rf.de5b334ffa4b26bb008cc2b8a075088d.jpg,GOPR7148_JPG.rf.de5b334ffa4b26bb008cc2b8a075088d.jpg,valid,640,640,1.0,JPEG,138928,3,RGB,3f68fb5c6ea33b5762b8a04a404a331f,1
/Users/macbook/Documents/cassava-navigation-ai/data/extracted/data/images/valid/GOPR7161_JPG.rf.acbaee8f4206e9d6384452c95c290fde.jpg,GOPR7161_JPG.rf.acbaee8f4206e9d6384452c95c290fde.jpg,valid,640,640,1.0,JPEG,119725,3,RGB,609eef826176c290e658c0022c9b5d82,1
/Users/macbook/Documents/cassava-navigation-ai/data/extracted/data/images/valid/GOPR7163_JPG.rf.500163bd2a937e471d03538792737f2a.jpg,GOPR7163_JPG.rf.500163bd2a937e471d03538792737f2a.jpg,valid,640,640,1.0,JPEG,79077,3,RGB,df1daab70091387b79f9621751e37d30,1
/Users/macbook/Documents/cassava-navigation-ai/data/extracted/data/images/valid/GOPR7184_JPG.rf.e7ed47657d0f7470001ded244c3a00a3.jpg,GOPR7184_JPG.rf.e7ed47657d0f7470001ded244c3a00a3.jpg,valid,640,640,1.0,JPEG,141685,3,RGB,48cfb1566169399810e9759555edf17a,1
/Users/macbook/Documents/cassava-navigation-ai/data/extracted/data/images/valid/GOPR7187_JPG.rf.387fca46999f093dd84bc014c234238b.jpg,GOPR7187_JPG.rf.387fca46999f093dd84bc014c234238b.jpg,valid,640,640,1.0,JPEG,92534,3,RGB,7ca1962a79b9e8acaf7ed5bf43acf939,1
/Users/macbook/Documents/cassava-navigation-ai/data/extracted/data/images/valid/GOPR7207_JPG.rf.5351c2f5ab8c117e9e091f8bdcace745.jpg,GOPR7207_JPG.rf.5351c2f5ab8c117e9e091f8bdcace745.jpg,valid,640,640,1.0,JPEG,127108,3,RGB,29cef419718b0582c808cc20aa0e7c94,1
/Users/macbook/Documents/cassava-navigation-ai/data/extracted/data/images/valid/GOPR7217_JPG.rf.cef6f20653b07b97951950e51746d7d8.jpg,GOPR7217_JPG.rf.cef6f20653b07b97951950e51746d7d8.jpg,valid,640,640,1.0,JPEG,79972,3,RGB,d7ccad828c060caf8cd5066a563c5ec8,1
/Users/macbook/Documents/cassava-navigation-ai/data/extracted/data/images/valid/GOPR7221_JPG.rf.739ab26ca4812ab4b9ebe601fd41a10b.jpg,GOPR7221_JPG.rf.739ab26ca4812ab4b9ebe601fd41a10b.jpg,valid,640,640,1.0,JPEG,131095,3,RGB,73b5435d8667f279fd7a8dd9503938c2,1
/Users/macbook/Documents/cassava-navigation-ai/data/extracted/data/images/valid/GOPR7225_JPG.rf.a6c0a50900d9167df4a5bd169b8fa36e.jpg,GOPR7225_JPG.rf.a6c0a50900d9167df4a5bd169b8fa36e.jpg,valid,640,640,1.0,JPEG,127416,3,RGB,c4b8d784e1e7fb352c5d3821e2d12f52,1
/Users/macbook/Documents/cassava-navigation-ai/data/extracted/data/images/valid/GOPR7234_JPG.rf.9cc6710558f6616c21a722cf9f21e939.jpg,GOPR7234_JPG.rf.9cc6710558f6616c21a722cf9f21e939.jpg,valid,640,640,1.0,JPEG,136601,3,RGB,77a42c07cffb9f05e1d240ac34f349c5,1
/Users/macbook/Documents/cassava-navigation-ai/data/extracted/data/images/valid/GOPR7399_JPG.rf.313a42cdd4a7b1b734254a70004f269c.jpg,GOPR7399_JPG.rf.313a42cdd4a7b1b734254a70004f269c.jpg,valid,640,640,1.0,JPEG,127095,3,RGB,02f2d91b81c01c8a2fbb3b688fcb5aa7,1
/Users/macbook/Documents/cassava-navigation-ai/data/extracted/data/images/valid/GOPR7401_JPG.rf.c4fed245acbf77da986a407a53ac0ee0.jpg,GOPR7401_JPG.rf.c4fed245acbf77da986a407a53ac0ee0.jpg,valid,640,640,1.0,JPEG,127448,3,RGB,76bb2be62bab4b261cd2d9dba45909b8,1
/Users/macbook/Documents/cassava-navigation-ai/data/extracted/data/images/valid/GOPR7403_JPG.rf.4db58e2479df02d467d5e765cfe643bf.jpg,GOPR7403_JPG.rf.4db58e2479df02d467d5e765cfe643bf.jpg,valid,640,640,1.0,JPEG,122599,3,RGB,59d7d694c3d994b0762be1f1870d345d,1
/Users/macbook/Documents/cassava-navigation-ai/data/extracted/data/images/valid/GOPR7408_JPG.rf.eb4e68a6fad2187da1d671256d1c5a8f.jpg,GOPR7408_JPG.rf.eb4e68a6fad2187da1d671256d1c5a8f.jpg,valid,640,640,1.0,JPEG,105931,3,RGB,50c60b55fb6c556fb256a59b729b0bd9,1
/Users/macbook/Documents/cassava-navigation-ai/data/extracted/data/images/valid/GOPR7411_JPG.rf.bd86467e276d7c366ee126354947bfe8.jpg,GOPR7411_JPG.rf.bd86467e276d7c366ee126354947bfe8.jpg,valid,640,640,1.0,JPEG,106478,3,RGB,9c8fbb942b30bc924630f091c21a54ef,1
/Users/macbook/Documents/cassava-navigation-ai/data/extracted/data/images/valid/GOPR7424_JPG.rf.84c37e532ac2613dda58e838def9bd6a.jpg,GOPR7424_JPG.rf.84c37e532ac2613dda58e838def9bd6a.jpg,valid,640,640,1.0,JPEG,153740,3,RGB,80ebec81bf585a7522fa59b67bb82493,1
/Users/macbook/Documents/cassava-navigation-ai/data/extracted/data/images/valid/GOPR7427_JPG.rf.1192bd4c09b4ef0b90efa85fe11ac481.jpg,GOPR7427_JPG.rf.1192bd4c09b4ef0b90efa85fe11ac481.jpg,valid,640,640,1.0,JPEG,139089,3,RGB,292b19d14aaf8c755052c6adefeb513c,1
/Users/macbook/Documents/cassava-navigation-ai/data/extracted/data/images/valid/GOPR7446_JPG.rf.2e433ca112a53a0a2d1781c5e3f6f348.jpg,GOPR7446_JPG.rf.2e433ca112a53a0a2d1781c5e3f6f348.jpg,valid,640,640,1.0,JPEG,84875,3,RGB,668866fbdf2b4f2919d06b11be00ef74,1
/Users/macbook/Documents/cassava-navigation-ai/data/extracted/data/images/valid/GOPR7458_JPG.rf.4cf113a9694e881ee76c2ee99ffb4747.jpg,GOPR7458_JPG.rf.4cf113a9694e881ee76c2ee99ffb4747.jpg,valid,640,640,1.0,JPEG,141206,3,RGB,41e9069d37217ca18b42984309992ed9,1
/Users/macbook/Documents/cassava-navigation-ai/data/extracted/data/images/valid/GOPR7461_JPG.rf.b0e2f2212d3b7f640d044e42a37a8b12.jpg,GOPR7461_JPG.rf.b0e2f2212d3b7f640d044e42a37a8b12.jpg,valid,640,640,1.0,JPEG,144630,3,RGB,d0a3281fb1cc853fc3dd0a94e229e97f,1
/Users/macbook/Documents/cassava-navigation-ai/data/extracted/data/images/valid/GOPR7465_JPG.rf.353ef4dada848207ee848c4bf6cb870b.jpg,GOPR7465_JPG.rf.353ef4dada848207ee848c4bf6cb870b.jpg,valid,640,640,1.0,JPEG,146191,3,RGB,2c48a161a39f9d7388257f9ff5a58df7,1
/Users/macbook/Documents/cassava-navigation-ai/data/extracted/data/images/valid/GOPR7474_JPG.rf.ac4cdb52a7375f082df448f37005589e.jpg,GOPR7474_JPG.rf.ac4cdb52a7375f082df448f37005589e.jpg,valid,640,640,1.0,JPEG,104867,3,RGB,8205d9eed09b4895ea3dfa138b7d84fc,1
/Users/macbook/Documents/cassava-navigation-ai/data/extracted/data/images/valid/GOPR7485_JPG.rf.adb2d85086ab4ad3c0b319267c78fed5.jpg,GOPR7485_JPG.rf.adb2d85086ab4ad3c0b319267c78fed5.jpg,valid,640,640,1.0,JPEG,150108,3,RGB,ee5dfceeee979a38789f2df1832fba02,1
/Users/macbook/Documents/cassava-navigation-ai/data/extracted/data/images/valid/GOPR7487_JPG.rf.d777789350f4355d1a28702c4bfd7d53.jpg,GOPR7487_JPG.rf.d777789350f4355d1a28702c4bfd7d53.jpg,valid,640,640,1.0,JPEG,139038,3,RGB,292f405a353462f1478a4af5a1f5e914,1
/Users/macbook/Documents/cassava-navigation-ai/data/extracted/data/images/valid/GOPR7488_JPG.rf.58978572cf0fb5b8f6a2bbc1adbe0f2d.jpg,GOPR7488_JPG.rf.58978572cf0fb5b8f6a2bbc1adbe0f2d.jpg,valid,640,640,1.0,JPEG,144654,3,RGB,b29ba9143c20812bc3acb5d910a67862,1
/Users/macbook/Documents/cassava-navigation-ai/data/extracted/data/images/valid/GOPR7490_JPG.rf.9bdc17bc272840e78f5c41ac8ff94688.jpg,GOPR7490_JPG.rf.9bdc17bc272840e78f5c41ac8ff94688.jpg,valid,640,640,1.0,JPEG,134775,3,RGB,bc5b87767c6d686e535b6c9515b8f097,1
/Users/macbook/Documents/cassava-navigation-ai/data/extracted/data/images/valid/GOPR7495_JPG.rf.d16dfcf8d7f176e9b2401a3c6ef3c597.jpg,GOPR7495_JPG.rf.d16dfcf8d7f176e9b2401a3c6ef3c597.jpg,valid,640,640,1.0,JPEG,130933,3,RGB,2c7f7624afa3b710818fb259169d2662,1
/Users/macbook/Documents/cassava-navigation-ai/data/extracted/data/images/valid/GOPR7496_JPG.rf.f12db2048e24be455d902861cafe2438.jpg,GOPR7496_JPG.rf.f12db2048e24be455d902861cafe2438.jpg,valid,640,640,1.0,JPEG,128080,3,RGB,17665c096b8ee9b4121f5d7dd3ce4995,1
/Users/macbook/Documents/cassava-navigation-ai/data/extracted/data/images/valid/GOPR7503_JPG.rf.c414a85332918bbd44b9fac33b5a049d.jpg,GOPR7503_JPG.rf.c414a85332918bbd44b9fac33b5a049d.jpg,valid,640,640,1.0,JPEG,105071,3,RGB,300902303c2f4379ad566ca76b76d3d0,1
/Users/macbook/Documents/cassava-navigation-ai/data/extracted/data/images/valid/GOPR7505_JPG.rf.bdbb723333d98c4c1df7f96540030758.jpg,GOPR7505_JPG.rf.bdbb723333d98c4c1df7f96540030758.jpg,valid,640,640,1.0,JPEG,105650,3,RGB,c34779ae169df7a402829953bf07fc05,1
/Users/macbook/Documents/cassava-navigation-ai/data/extracted/data/images/valid/GOPR7506_JPG.rf.9df55e73f5cbd64b3265fb3c3bf75c7c.jpg,GOPR7506_JPG.rf.9df55e73f5cbd64b3265fb3c3bf75c7c.jpg,valid,640,640,1.0,JPEG,85331,3,RGB,027b76093618a00b5ce887fef3c6bf8a,1
/Users/macbook/Documents/cassava-navigation-ai/data/extracted/data/images/valid/GOPR7509_JPG.rf.e74e20ffc203ee42f7fc705c95d0ace2.jpg,GOPR7509_JPG.rf.e74e20ffc203ee42f7fc705c95d0ace2.jpg,valid,640,640,1.0,JPEG,117111,3,RGB,9ea118345f9e083bf0bd4030b08a0719,1
/Users/macbook/Documents/cassava-navigation-ai/data/extracted/data/images/valid/GOPR7512_JPG.rf.c3de78d1bfaac13659264523498d7e54.jpg,GOPR7512_JPG.rf.c3de78d1bfaac13659264523498d7e54.jpg,valid,640,640,1.0,JPEG,89440,3,RGB,8acb62c43652dbe35fca67b84d778881,1
/Users/macbook/Documents/cassava-navigation-ai/data/extracted/data/images/valid/GOPR7524_JPG.rf.8ec45178f03dfb231fc9a40922831f03.jpg,GOPR7524_JPG.rf.8ec45178f03dfb231fc9a40922831f03.jpg,valid,640,640,1.0,JPEG,79952,3,RGB,8ae7b73fd8c8124b87ba89da8a01766b,1
/Users/macbook/Documents/cassava-navigation-ai/data/extracted/data/images/valid/GOPR7526_JPG.rf.fed1c1481433146ef30d814586b538a3.jpg,GOPR7526_JPG.rf.fed1c1481433146ef30d814586b538a3.jpg,valid,640,640,1.0,JPEG,140931,3,RGB,4d7315d04f5bd4f7680680be759e221c,1
/Users/macbook/Documents/cassava-navigation-ai/data/extracted/data/images/valid/GOPR7543_JPG.rf.3d72eb5b1ee655b7076786951e3266ec.jpg,GOPR7543_JPG.rf.3d72eb5b1ee655b7076786951e3266ec.jpg,valid,640,640,1.0,JPEG,122291,3,RGB,9ba05ded5cb027a35a7ac94e6a472a65,1
/Users/macbook/Documents/cassava-navigation-ai/data/extracted/data/images/valid/GOPR7544_JPG.rf.17fb5df437080ff357a74721b722bcca.jpg,GOPR7544_JPG.rf.17fb5df437080ff357a74721b722bcca.jpg,valid,640,640,1.0,JPEG,124797,3,RGB,b984bb112adad8d22864a5b7eedbfa5f,1
/Users/macbook/Documents/cassava-navigation-ai/data/extracted/data/images/valid/GOPR7548_JPG.rf.d969bde128b086d9e622d2c776794900.jpg,GOPR7548_JPG.rf.d969bde128b086d9e622d2c776794900.jpg,valid,640,640,1.0,JPEG,131807,3,RGB,06bf76a06d80c2f1346659bffc40119a,1
/Users/macbook/Documents/cassava-navigation-ai/data/extracted/data/images/valid/GOPR7550_JPG.rf.22db42081287f9b0f98e586138574ccd.jpg,GOPR7550_JPG.rf.22db42081287f9b0f98e586138574ccd.jpg,valid,640,640,1.0,JPEG,127211,3,RGB,6fdecf2f0b60b65108a306ac914958f5,1
/Users/macbook/Documents/cassava-navigation-ai/data/extracted/data/images/valid/GOPR7553_JPG.rf.6b3ceaa496bd7ee56f9ea3e5e4245692.jpg,GOPR7553_JPG.rf.6b3ceaa496bd7ee56f9ea3e5e4245692.jpg,valid,640,640,1.0,JPEG,127109,3,RGB,999a23eac61a09ce6be867200cec4269,1
/Users/macbook/Documents/cassava-navigation-ai/data/extracted/data/images/valid/GOPR7555_JPG.rf.be92f0b95a525d9e9a99e787c68794d3.jpg,GOPR7555_JPG.rf.be92f0b95a525d9e9a99e787c68794d3.jpg,valid,640,640,1.0,JPEG,115975,3,RGB,b0da609e152e81aa75b070e5e4c38255,1
/Users/macbook/Documents/cassava-navigation-ai/data/extracted/data/images/valid/GOPR7564_JPG.rf.e44f4d70319457d8d0cd4cd7fde997f3.jpg,GOPR7564_JPG.rf.e44f4d70319457d8d0cd4cd7fde997f3.jpg,valid,640,640,1.0,JPEG,126824,3,RGB,645af842a2b6b2c1002a2241e671da5a,1
/Users/macbook/Documents/cassava-navigation-ai/data/extracted/data/images/valid/GOPR7565_JPG.rf.81435b349cf1a715e7cdf4744e67516d.jpg,GOPR7565_JPG.rf.81435b349cf1a715e7cdf4744e67516d.jpg,valid,640,640,1.0,JPEG,126079,3,RGB,2cd378ae8787a50a3776e2bd7e22fc81,1
/Users/macbook/Documents/cassava-navigation-ai/data/extracted/data/images/valid/GOPR7568_JPG.rf.8e988fff70e1ded5ee9b3256270ce99d.jpg,GOPR7568_JPG.rf.8e988fff70e1ded5ee9b3256270ce99d.jpg,valid,640,640,1.0,JPEG,76333,3,RGB,da90967a826d5e936fcb62279dcb2419,1
/Users/macbook/Documents/cassava-navigation-ai/data/extracted/data/images/valid/GOPR7569_JPG.rf.6715e5f78680beb5ece996ce16b1061c.jpg,GOPR7569_JPG.rf.6715e5f78680beb5ece996ce16b1061c.jpg,valid,640,640,1.0,JPEG,102660,3,RGB,af0dc2a12e635bce742248bf40c3102d,1
/Users/macbook/Documents/cassava-navigation-ai/data/extracted/data/images/valid/GOPR7586_JPG.rf.1bb8c2d0cb84be2a98acf58a1c1d2ff8.jpg,GOPR7586_JPG.rf.1bb8c2d0cb84be2a98acf58a1c1d2ff8.jpg,valid,640,640,1.0,JPEG,136766,3,RGB,c80df7157d2e2da543a39fe53d730b05,1
/Users/macbook/Documents/cassava-navigation-ai/data/extracted/data/images/valid/GOPR7588_JPG.rf.8897fd5f2d2f14cd14ebffbf46519ce6.jpg,GOPR7588_JPG.rf.8897fd5f2d2f14cd14ebffbf46519ce6.jpg,valid,640,640,1.0,JPEG,134727,3,RGB,179aec1985e4843b652aa9f0549dc660,1
/Users/macbook/Documents/cassava-navigation-ai/data/extracted/data/images/valid/GOPR7598_JPG.rf.bc3528b07ca4d8cf5036444877fa7b4a.jpg,GOPR7598_JPG.rf.bc3528b07ca4d8cf5036444877fa7b4a.jpg,valid,640,640,1.0,JPEG,103632,3,RGB,ddcab33e8baae1682951b73612d0141a,1
/Users/macbook/Documents/cassava-navigation-ai/data/extracted/data/images/valid/GOPR7601_JPG.rf.6d5a2b8de0a38aa37382c85ad9311965.jpg,GOPR7601_JPG.rf.6d5a2b8de0a38aa37382c85ad9311965.jpg,valid,640,640,1.0,JPEG,109785,3,RGB,819c91c8a614940cfc1db4814a6f039c,1
/Users/macbook/Documents/cassava-navigation-ai/data/extracted/data/images/valid/GOPR7615_JPG.rf.2a66770d7a9d2d390d911d4592d5eed4.jpg,GOPR7615_JPG.rf.2a66770d7a9d2d390d911d4592d5eed4.jpg,valid,640,640,1.0,JPEG,85653,3,RGB,d9246b66bebc3e4dfa5d1f5e2cde2dfe,1
/Users/macbook/Documents/cassava-navigation-ai/data/extracted/data/images/valid/GOPR7617_JPG.rf.29efaaca321c8e3b19113886766b3f24.jpg,GOPR7617_JPG.rf.29efaaca321c8e3b19113886766b3f24.jpg,valid,640,640,1.0,JPEG,122535,3,RGB,592f4dcf150314e00d70764fd379838e,1
/Users/macbook/Documents/cassava-navigation-ai/data/extracted/data/images/valid/GOPR7621_JPG.rf.8c2377990baa611585ae0fbaed719d6a.jpg,GOPR7621_JPG.rf.8c2377990baa611585ae0fbaed719d6a.jpg,valid,640,640,1.0,JPEG,114140,3,RGB,b42aae4debcddfc89a3690eaf478ab36,1
/Users/macbook/Documents/cassava-navigation-ai/data/extracted/data/images/valid/GOPR7628_JPG.rf.8928616ab6819650c0574026c9b90991.jpg,GOPR7628_JPG.rf.8928616ab6819650c0574026c9b90991.jpg,valid,640,640,1.0,JPEG,103844,3,RGB,428a8c7cd0d1eaf2370dc53b49d336ec,1
/Users/macbook/Documents/cassava-navigation-ai/data/extracted/data/images/valid/GOPR7629_JPG.rf.40bdde2836b15aebcdffcd5f451ac921.jpg,GOPR7629_JPG.rf.40bdde2836b15aebcdffcd5f451ac921.jpg,valid,640,640,1.0,JPEG,131439,3,RGB,79841958d0a8ec711e3f57be4ee1cfd6,1
/Users/macbook/Documents/cassava-navigation-ai/data/extracted/data/images/valid/GOPR7635_JPG.rf.39a121584b019653783fe030406c7583.jpg,GOPR7635_JPG.rf.39a121584b019653783fe030406c7583.jpg,valid,640,640,1.0,JPEG,125883,3,RGB,7842c0437d4860bc7c63464876dfbfc6,1
/Users/macbook/Documents/cassava-navigation-ai/data/extracted/data/images/valid/GOPR7636_JPG.rf.6137cf2d97bfc6dd22677ad972343788.jpg,GOPR7636_JPG.rf.6137cf2d97bfc6dd22677ad972343788.jpg,valid,640,640,1.0,JPEG,135736,3,RGB,9b9baabcfd9b8e3e81e1e132d32ea028,1
/Users/macbook/Documents/cassava-navigation-ai/data/extracted/data/images/valid/GOPR7646_JPG.rf.596e16904a9092df3acd1603030d62ae.jpg,GOPR7646_JPG.rf.596e16904a9092df3acd1603030d62ae.jpg,valid,640,640,1.0,JPEG,123605,3,RGB,0a91a87a8a62638451921e426ca6698c,1
/Users/macbook/Documents/cassava-navigation-ai/data/extracted/data/images/valid/GOPR7659_JPG.rf.1302c6941146a4cebecc151f2712dfca.jpg,GOPR7659_JPG.rf.1302c6941146a4cebecc151f2712dfca.jpg,valid,640,640,1.0,JPEG,143623,3,RGB,00799d9ac520dedb92c146b9d34e8769,1
/Users/macbook/Documents/cassava-navigation-ai/data/extracted/data/images/valid/GOPR7676_JPG.rf.04f15aed16563cac65e27d2ec46612bb.jpg,GOPR7676_JPG.rf.04f15aed16563cac65e27d2ec46612bb.jpg,valid,640,640,1.0,JPEG,98386,3,RGB,cb5d02936b59278b0313ce20c1fb41a8,1
/Users/macbook/Documents/cassava-navigation-ai/data/extracted/data/images/valid/GOPR7677_JPG.rf.bc564f99d96c34be06726f447c382e06.jpg,GOPR7677_JPG.rf.bc564f99d96c34be06726f447c382e06.jpg,valid,640,640,1.0,JPEG,96459,3,RGB,d5fe02364c102797231015c2ef69620d,1
/Users/macbook/Documents/cassava-navigation-ai/data/extracted/data/images/valid/GOPR7687_JPG.rf.877650e48109894b9d0ec09846ab033f.jpg,GOPR7687_JPG.rf.877650e48109894b9d0ec09846ab033f.jpg,valid,640,640,1.0,JPEG,67587,3,RGB,5cb14e508629a25b8cded821f822460c,1
/Users/macbook/Documents/cassava-navigation-ai/data/extracted/data/images/valid/GOPR7689_JPG.rf.8b54cc2fa0629f671a55507a8c467a55.jpg,GOPR7689_JPG.rf.8b54cc2fa0629f671a55507a8c467a55.jpg,valid,640,640,1.0,JPEG,115761,3,RGB,fa05bd1ab4f482a93c0d0fa733ba2759,1
/Users/macbook/Documents/cassava-navigation-ai/data/extracted/data/images/valid/GOPR7714_JPG.rf.8bee06fc086bd43326017d8aeacc2782.jpg,GOPR7714_JPG.rf.8bee06fc086bd43326017d8aeacc2782.jpg,valid,640,640,1.0,JPEG,134820,3,RGB,af5aee46f67af41717b17eeb096385e2,1
/Users/macbook/Documents/cassava-navigation-ai/data/extracted/data/images/valid/GOPR7724_JPG.rf.5ce1c34a9895a8bc2dd82c888923223e.jpg,GOPR7724_JPG.rf.5ce1c34a9895a8bc2dd82c888923223e.jpg,valid,640,640,1.0,JPEG,119957,3,RGB,5c1ea4a2c94d9e4ee24e98faaa96b8a7,1
/Users/macbook/Documents/cassava-navigation-ai/data/extracted/data/images/valid/GOPR7727_JPG.rf.d94cd24f80f734a647ecbf59e0d79014.jpg,GOPR7727_JPG.rf.d94cd24f80f734a647ecbf59e0d79014.jpg,valid,640,640,1.0,JPEG,137278,3,RGB,94c4b8a139d96a41b5d4d82575e0daa1,1
/Users/macbook/Documents/cassava-navigation-ai/data/extracted/data/images/valid/GOPR7731_JPG.rf.3f7c92e2f53dda85095b88b82e969dcc.jpg,GOPR7731_JPG.rf.3f7c92e2f53dda85095b88b82e969dcc.jpg,valid,640,640,1.0,JPEG,129089,3,RGB,7c068726b76ac3ac8a0e7370f3b4f1bb,1
/Users/macbook/Documents/cassava-navigation-ai/data/extracted/data/images/valid/GOPR7735_JPG.rf.46198bce38600a2e11d76cd5719ca39c.jpg,GOPR7735_JPG.rf.46198bce38600a2e11d76cd5719ca39c.jpg,valid,640,640,1.0,JPEG,112738,3,RGB,7a088ebcfeb1d927874bc62cb6690b86,1
/Users/macbook/Documents/cassava-navigation-ai/data/extracted/data/images/valid/GOPR7740_JPG.rf.194994488efee4c9a0e0c8199ae2581b.jpg,GOPR7740_JPG.rf.194994488efee4c9a0e0c8199ae2581b.jpg,valid,640,640,1.0,JPEG,132799,3,RGB,21b368fb88f2c427a2aa7e3a70088ae3,1
/Users/macbook/Documents/cassava-navigation-ai/data/extracted/data/images/valid/GOPR7742_JPG.rf.676f5a6251f9d0d219a9946c593790d4.jpg,GOPR7742_JPG.rf.676f5a6251f9d0d219a9946c593790d4.jpg,valid,640,640,1.0,JPEG,136395,3,RGB,dab3dba257941101fd1ac79532437101,1
/Users/macbook/Documents/cassava-navigation-ai/data/extracted/data/images/valid/GOPR7760_JPG.rf.73277d819cb54a9871af42849872e219.jpg,GOPR7760_JPG.rf.73277d819cb54a9871af42849872e219.jpg,valid,640,640,1.0,JPEG,129441,3,RGB,3a68499c52dca15648f0567c06059765,1
/Users/macbook/Documents/cassava-navigation-ai/data/extracted/data/images/valid/GOPR7761_JPG.rf.eaf4f5a1505f172d6a7db00baece6d19.jpg,GOPR7761_JPG.rf.eaf4f5a1505f172d6a7db00baece6d19.jpg,valid,640,640,1.0,JPEG,132121,3,RGB,eb2035575a6db3792c4208f308b39c2e,1
/Users/macbook/Documents/cassava-navigation-ai/data/extracted/data/images/valid/GOPR7764_JPG.rf.d2f02eb54e30e4f3c7fe8a1046a37746.jpg,GOPR7764_JPG.rf.d2f02eb54e30e4f3c7fe8a1046a37746.jpg,valid,640,640,1.0,JPEG,141948,3,RGB,dad357cdf24bb84c9f4d3599d1307792,1
/Users/macbook/Documents/cassava-navigation-ai/data/extracted/data/images/valid/GOPR7768_JPG.rf.e4b334cf384e6e0dab5aa24bb420d7c0.jpg,GOPR7768_JPG.rf.e4b334cf384e6e0dab5aa24bb420d7c0.jpg,valid,640,640,1.0,JPEG,135912,3,RGB,193992bf7f73a24e62a04ed171616ca3,1
/Users/macbook/Documents/cassava-navigation-ai/data/extracted/data/images/valid/GOPR7775_JPG.rf.777c689ef1920b19631991338669d5be.jpg,GOPR7775_JPG.rf.777c689ef1920b19631991338669d5be.jpg,valid,640,640,1.0,JPEG,136921,3,RGB,dbb197de4ee3e57535ccc5cb14151a40,1
/Users/macbook/Documents/cassava-navigation-ai/data/extracted/data/images/valid/GOPR7777_JPG.rf.d35d55c4289408333cef174e04959475.jpg,GOPR7777_JPG.rf.d35d55c4289408333cef174e04959475.jpg,valid,640,640,1.0,JPEG,125159,3,RGB,a0da7428a6be4b6e56a89b033f970c06,1
/Users/macbook/Documents/cassava-navigation-ai/data/extracted/data/images/valid/GOPR7781_JPG.rf.1d5a1bbf7edd6fd4ed48c3ac7f36f0d4.jpg,GOPR7781_JPG.rf.1d5a1bbf7edd6fd4ed48c3ac7f36f0d4.jpg,valid,640,640,1.0,JPEG,129495,3,RGB,fd2e2beb989c0abead3f3142d99d98b3,1
/Users/macbook/Documents/cassava-navigation-ai/data/extracted/data/images/valid/GOPR7925_JPG.rf.ebee5a56c3525376a2e9798135f3b03a.jpg,GOPR7925_JPG.rf.ebee5a56c3525376a2e9798135f3b03a.jpg,valid,640,640,1.0,JPEG,104466,3,RGB,cfdb75a21fe66d3c25ea88559df43295,1
/Users/macbook/Documents/cassava-navigation-ai/data/extracted/data/images/valid/GOPR7937_JPG.rf.d71e3ee54111498d38368296a404ae0f.jpg,GOPR7937_JPG.rf.d71e3ee54111498d38368296a404ae0f.jpg,valid,640,640,1.0,JPEG,106558,3,RGB,0440e4a71bdc36dfa3ab7e24d3416fd9,1
/Users/macbook/Documents/cassava-navigation-ai/data/extracted/data/images/valid/GOPR7938_JPG.rf.4349f25a24b6a533ed20d8267a177838.jpg,GOPR7938_JPG.rf.4349f25a24b6a533ed20d8267a177838.jpg,valid,640,640,1.0,JPEG,113314,3,RGB,eb07d3c7c3bfc83ef94ffba78a8f8d51,1
/Users/macbook/Documents/cassava-navigation-ai/data/extracted/data/images/valid/GOPR7941_JPG.rf.f5c8dcd71ecbe7550fb6f7a6cca4006a.jpg,GOPR7941_JPG.rf.f5c8dcd71ecbe7550fb6f7a6cca4006a.jpg,valid,640,640,1.0,JPEG,105786,3,RGB,62de458849ff41df896f1438941edb48,1
/Users/macbook/Documents/cassava-navigation-ai/data/extracted/data/images/valid/GOPR7951_JPG.rf.b4c7a95bdf3ea30987ec9e7b3e12eb92.jpg,GOPR7951_JPG.rf.b4c7a95bdf3ea30987ec9e7b3e12eb92.jpg,valid,640,640,1.0,JPEG,123048,3,RGB,2e872134134d64c9399a0de7d454e528,1
/Users/macbook/Documents/cassava-navigation-ai/data/extracted/data/images/valid/GOPR7971_JPG.rf.1d21bf5a72fc5114c4f7f501b20ada53.jpg,GOPR7971_JPG.rf.1d21bf5a72fc5114c4f7f501b20ada53.jpg,valid,640,640,1.0,JPEG,121951,3,RGB,a4d43c8c1556794572f1541e05eacaf2,1
/Users/macbook/Documents/cassava-navigation-ai/data/extracted/data/images/valid/GOPR7978_JPG.rf.f531fd606de183c3893416c8e98145ed.jpg,GOPR7978_JPG.rf.f531fd606de183c3893416c8e98145ed.jpg,valid,640,640,1.0,JPEG,107742,3,RGB,dc397b9dcf68509ac56dfb53139b35ad,1
/Users/macbook/Documents/cassava-navigation-ai/data/extracted/data/images/valid/GOPR8009_JPG.rf.f21fe2403968dc22cf2ca41590f58808.jpg,GOPR8009_JPG.rf.f21fe2403968dc22cf2ca41590f58808.jpg,valid,640,640,1.0,JPEG,130862,3,RGB,10d514cf4e4a25c1fcb07c07c434a7cb,1
/Users/macbook/Documents/cassava-navigation-ai/data/extracted/data/images/valid/GOPR8027_JPG.rf.aa48623c26dad21f0361fb2237bb6033.jpg,GOPR8027_JPG.rf.aa48623c26dad21f0361fb2237bb6033.jpg,valid,640,640,1.0,JPEG,131500,3,RGB,d01c71e0221cc38d1ec0be2a4c6a5a2b,1
/Users/macbook/Documents/cassava-navigation-ai/data/extracted/data/images/valid/GOPR8051_JPG.rf.a09aca8d5aedb0c3cdc802066f957b02.jpg,GOPR8051_JPG.rf.a09aca8d5aedb0c3cdc802066f957b02.jpg,valid,640,640,1.0,JPEG,83212,3,RGB,967c288ca24c3b9be3f9559ba605c6c3,1
/Users/macbook/Documents/cassava-navigation-ai/data/extracted/data/images/valid/GOPR8056_JPG.rf.dbe18133286fec17c41d97aea6fab561.jpg,GOPR8056_JPG.rf.dbe18133286fec17c41d97aea6fab561.jpg,valid,640,640,1.0,JPEG,76915,3,RGB,c47299dcb9202c3dfd4601b5b4a7e849,1
/Users/macbook/Documents/cassava-navigation-ai/data/extracted/data/images/valid/GOPR8063_JPG.rf.2b5ed0135cc1652b6e7c70527cb30da9.jpg,GOPR8063_JPG.rf.2b5ed0135cc1652b6e7c70527cb30da9.jpg,valid,640,640,1.0,JPEG,86333,3,RGB,5f5db8ddc10a4669bb39c5e41976cd68,1
/Users/macbook/Documents/cassava-navigation-ai/data/extracted/data/images/valid/GOPR8064_JPG.rf.b36cdb7a6315aeee7268998ef6073b2a.jpg,GOPR8064_JPG.rf.b36cdb7a6315aeee7268998ef6073b2a.jpg,valid,640,640,1.0,JPEG,95092,3,RGB,e56b0140bac94f27d2acfd0fc187766c,1
/Users/macbook/Documents/cassava-navigation-ai/data/extracted/data/images/valid/GOPR8067_JPG.rf.68a591062615e4207d3af53398a52f59.jpg,GOPR8067_JPG.rf.68a591062615e4207d3af53398a52f59.jpg,valid,640,640,1.0,JPEG,102450,3,RGB,189020b45d581283b6da338aece806e4,1
/Users/macbook/Documents/cassava-navigation-ai/data/extracted/data/images/valid/GOPR8075_JPG.rf.0ea559da7f39a1171489465b9ed0f2f0.jpg,GOPR8075_JPG.rf.0ea559da7f39a1171489465b9ed0f2f0.jpg,valid,640,640,1.0,JPEG,121629,3,RGB,7e5e6a87c86050141c39ee5341509dc5,1
/Users/macbook/Documents/cassava-navigation-ai/data/extracted/data/images/valid/GOPR8078_JPG.rf.eb23581aaab767e957504f0334098608.jpg,GOPR8078_JPG.rf.eb23581aaab767e957504f0334098608.jpg,valid,640,640,1.0,JPEG,128271,3,RGB,d0b5697a0f241e0c6127024ef654b70c,1
/Users/macbook/Documents/cassava-navigation-ai/data/extracted/data/images/valid/GOPR8082_JPG.rf.b37d6f18bc10c8fa8baf83663583b244.jpg,GOPR8082_JPG.rf.b37d6f18bc10c8fa8baf83663583b244.jpg,valid,640,640,1.0,JPEG,90308,3,RGB,6e0d455939167213323eb2518944bc0b,1
/Users/macbook/Documents/cassava-navigation-ai/data/extracted/data/images/valid/GOPR8087_JPG.rf.3e7f4ca415f6518a99928fdec39b3aef.jpg,GOPR8087_JPG.rf.3e7f4ca415f6518a99928fdec39b3aef.jpg,valid,640,640,1.0,JPEG,118536,3,RGB,e7cd47164a187a076a0bff303c250e16,1
/Users/macbook/Documents/cassava-navigation-ai/data/extracted/data/images/valid/GOPR8090_JPG.rf.809f494d76e16d6caff800386fd94e5b.jpg,GOPR8090_JPG.rf.809f494d76e16d6caff800386fd94e5b.jpg,valid,640,640,1.0,JPEG,127002,3,RGB,831f9cec3911090da14d2f0f1a5c803d,1
/Users/macbook/Documents/cassava-navigation-ai/data/extracted/data/images/valid/GOPR8091_JPG.rf.a5fd016dc9311ebc04eb25afaf769742.jpg,GOPR8091_JPG.rf.a5fd016dc9311ebc04eb25afaf769742.jpg,valid,640,640,1.0,JPEG,130356,3,RGB,3d2e1ae4129bcb87ec6cb8d4e0f769c9,1
